version,published_at,local_date,stage,team_a,team_b,format,p_a,p_draw,p_b,xg_a,xg_b
1,2026-05-02T11:52:11+00:00,2026-06-11,group,Mexico,South Africa,three_way,0.7859999999999999,0.17300000000000001,0.04,2.3,0.3
1,2026-05-02T11:52:11+00:00,2026-06-12,group,Czech Republic,South Korea,three_way,0.395,0.285,0.32,1.4,1.2
1,2026-05-02T11:52:11+00:00,2026-06-12,group,Canada,Bosnia and Herzegovina,three_way,0.727,0.19399999999999998,0.079,2.3,0.6
1,2026-05-02T11:52:11+00:00,2026-06-13,group,Brazil,Morocco,three_way,0.5760000000000001,0.27699999999999997,0.147,1.6,0.7
1,2026-05-02T11:52:11+00:00,2026-06-13,group,Switzerland,Qatar,three_way,0.883,0.095,0.023,3.5,0.4
1,2026-05-02T11:52:11+00:00,2026-06-13,group,United States,Paraguay,three_way,0.43700000000000006,0.305,0.258,1.3,1.0
1,2026-05-02T11:52:11+00:00,2026-06-14,group,Turkey,Australia,three_way,0.563,0.248,0.18899999999999997,1.9,1.0
1,2026-05-02T11:52:11+00:00,2026-06-14,group,Scotland,Haiti,three_way,0.664,0.212,0.125,2.2,0.8
1,2026-05-02T11:52:11+00:00,2026-06-14,group,Germany,Curaçao,three_way,0.91,0.07400000000000001,0.016,3.9,0.4
1,2026-05-02T11:52:11+00:00,2026-06-14,group,Netherlands,Japan,three_way,0.529,0.247,0.22399999999999998,1.9,1.2
1,2026-05-02T11:52:11+00:00,2026-06-15,group,Spain,Cape Verde,three_way,0.924,0.067,0.008,3.8,0.2
1,2026-05-02T11:52:11+00:00,2026-06-15,group,Sweden,Tunisia,three_way,0.511,0.26899999999999996,0.22,1.7,1.0
1,2026-05-02T11:52:11+00:00,2026-06-15,group,Uruguay,Saudi Arabia,three_way,0.785,0.168,0.047,2.4,0.4
1,2026-05-02T11:52:11+00:00,2026-06-15,group,Belgium,Egypt,three_way,0.624,0.23199999999999998,0.14400000000000002,2.0,0.9
1,2026-05-02T11:52:11+00:00,2026-06-15,group,Ecuador,Ivory Coast,three_way,0.625,0.248,0.126,1.8,0.7
1,2026-05-02T11:52:11+00:00,2026-06-16,group,France,Senegal,three_way,0.5710000000000001,0.271,0.158,1.7,0.7
1,2026-05-02T11:52:11+00:00,2026-06-16,group,Norway,Iraq,three_way,0.7979999999999999,0.152,0.05,2.7,0.5
1,2026-05-02T11:52:11+00:00,2026-06-16,group,Iran,New Zealand,three_way,0.537,0.272,0.19,1.7,0.9
1,2026-05-02T11:52:11+00:00,2026-06-17,group,Argentina,Algeria,three_way,0.81,0.146,0.044000000000000004,2.7,0.5
1,2026-05-02T11:52:11+00:00,2026-06-17,group,Portugal,DR Congo,three_way,0.759,0.174,0.066,2.5,0.6
1,2026-05-02T11:52:11+00:00,2026-06-17,group,England,Croatia,three_way,0.607,0.242,0.151,1.9,0.8
1,2026-05-02T11:52:11+00:00,2026-06-17,group,Austria,Jordan,three_way,0.6809999999999999,0.204,0.115,2.3,0.8
1,2026-05-02T11:52:11+00:00,2026-06-18,group,Panama,Ghana,three_way,0.5,0.278,0.222,1.6,1.0
1,2026-05-02T11:52:11+00:00,2026-06-18,group,Colombia,Uzbekistan,three_way,0.762,0.179,0.057999999999999996,2.4,0.5
1,2026-05-02T11:52:11+00:00,2026-06-18,group,Switzerland,Bosnia and Herzegovina,three_way,0.725,0.183,0.092,2.5,0.8
1,2026-05-02T11:52:11+00:00,2026-06-18,group,Czech Republic,South Africa,three_way,0.544,0.263,0.193,1.7,0.9
1,2026-05-02T11:52:11+00:00,2026-06-18,group,Canada,Qatar,three_way,0.877,0.102,0.02,3.2,0.3
1,2026-05-02T11:52:11+00:00,2026-06-19,group,United States,Australia,three_way,0.573,0.264,0.162,1.7,0.8
1,2026-05-02T11:52:11+00:00,2026-06-19,group,Morocco,Scotland,three_way,0.419,0.31,0.271,1.3,1.0
1,2026-05-02T11:52:11+00:00,2026-06-19,group,Mexico,South Korea,three_way,0.7020000000000001,0.223,0.075,2.0,0.5
1,2026-05-02T11:52:11+00:00,2026-06-20,group,Turkey,Paraguay,three_way,0.413,0.28,0.306,1.5,1.2
1,2026-05-02T11:52:11+00:00,2026-06-20,group,Brazil,Haiti,three_way,0.87,0.106,0.024,3.2,0.4
1,2026-05-02T11:52:11+00:00,2026-06-20,group,Germany,Ivory Coast,three_way,0.7440000000000001,0.17,0.086,2.7,0.8
1,2026-05-02T11:52:11+00:00,2026-06-20,group,Netherlands,Sweden,three_way,0.6920000000000001,0.193,0.115,2.4,0.9
1,2026-05-02T11:52:11+00:00,2026-06-21,group,Ecuador,Curaçao,three_way,0.846,0.125,0.028999999999999998,2.9,0.4
1,2026-05-02T11:52:11+00:00,2026-06-21,group,Uruguay,Cape Verde,three_way,0.79,0.165,0.044000000000000004,2.4,0.4
1,2026-05-02T11:52:11+00:00,2026-06-21,group,Spain,Saudi Arabia,three_way,0.922,0.069,0.009000000000000001,3.8,0.2
1,2026-05-02T11:52:11+00:00,2026-06-21,group,Japan,Tunisia,three_way,0.654,0.228,0.11800000000000001,2.0,0.7
1,2026-05-02T11:52:11+00:00,2026-06-21,group,Belgium,Iran,three_way,0.6579999999999999,0.218,0.124,2.1,0.8
1,2026-05-02T11:52:11+00:00,2026-06-22,group,Egypt,New Zealand,three_way,0.575,0.262,0.163,1.7,0.8
1,2026-05-02T11:52:11+00:00,2026-06-22,group,Argentina,Austria,three_way,0.76,0.172,0.068,2.5,0.6
1,2026-05-02T11:52:11+00:00,2026-06-22,group,France,Iraq,three_way,0.8690000000000001,0.11,0.021,3.1,0.3
1,2026-05-02T11:52:11+00:00,2026-06-23,group,Portugal,Uzbekistan,three_way,0.7859999999999999,0.159,0.055,2.6,0.5
1,2026-05-02T11:52:11+00:00,2026-06-23,group,England,Ghana,three_way,0.862,0.115,0.023,3.0,0.3
1,2026-05-02T11:52:11+00:00,2026-06-23,group,Norway,Senegal,three_way,0.408,0.29100000000000004,0.301,1.4,1.2
1,2026-05-02T11:52:11+00:00,2026-06-23,group,Algeria,Jordan,three_way,0.584,0.243,0.17300000000000001,1.9,0.9
1,2026-05-02T11:52:11+00:00,2026-06-24,group,Morocco,Haiti,three_way,0.6940000000000001,0.214,0.092,2.1,0.6
1,2026-05-02T11:52:11+00:00,2026-06-24,group,Croatia,Panama,three_way,0.625,0.23199999999999998,0.14300000000000002,2.0,0.8
1,2026-05-02T11:52:11+00:00,2026-06-24,group,Brazil,Scotland,three_way,0.688,0.21,0.102,2.2,0.7
1,2026-05-02T11:52:11+00:00,2026-06-24,group,Canada,Switzerland,three_way,0.397,0.29600000000000004,0.307,1.3,1.1
1,2026-05-02T11:52:11+00:00,2026-06-24,group,Bosnia and Herzegovina,Qatar,three_way,0.669,0.203,0.128,2.4,0.9
1,2026-05-02T11:52:11+00:00,2026-06-24,group,Colombia,DR Congo,three_way,0.733,0.198,0.07,2.2,0.5
1,2026-05-02T11:52:11+00:00,2026-06-25,group,Germany,Ecuador,three_way,0.43700000000000006,0.263,0.299,1.7,1.3
1,2026-05-02T11:52:11+00:00,2026-06-25,group,Ivory Coast,Curaçao,three_way,0.672,0.21600000000000003,0.113,2.1,0.7
1,2026-05-02T11:52:11+00:00,2026-06-25,group,Mexico,Czech Republic,three_way,0.701,0.214,0.085,2.1,0.6
1,2026-05-02T11:52:11+00:00,2026-06-25,group,South Korea,South Africa,three_way,0.483,0.294,0.22399999999999998,1.5,0.9
1,2026-05-02T11:52:11+00:00,2026-06-26,group,Paraguay,Australia,three_way,0.47200000000000003,0.297,0.231,1.4,0.9
1,2026-05-02T11:52:11+00:00,2026-06-26,group,France,Norway,three_way,0.565,0.245,0.19,1.9,1.0
1,2026-05-02T11:52:11+00:00,2026-06-26,group,Senegal,Iraq,three_way,0.713,0.215,0.07200000000000001,2.0,0.5
1,2026-05-02T11:52:11+00:00,2026-06-26,group,Japan,Sweden,three_way,0.536,0.248,0.21600000000000003,1.9,1.1
1,2026-05-02T11:52:11+00:00,2026-06-26,group,Netherlands,Tunisia,three_way,0.775,0.165,0.06,2.6,0.6
1,2026-05-02T11:52:11+00:00,2026-06-26,group,United States,Turkey,three_way,0.41,0.276,0.315,1.5,1.3
1,2026-05-02T11:52:11+00:00,2026-06-27,group,Saudi Arabia,Cape Verde,three_way,0.353,0.32,0.327,1.1,1.1
1,2026-05-02T11:52:11+00:00,2026-06-27,group,Belgium,New Zealand,three_way,0.809,0.142,0.049,2.8,0.5
1,2026-05-02T11:52:11+00:00,2026-06-27,group,Croatia,Ghana,three_way,0.74,0.185,0.07400000000000001,2.4,0.6
1,2026-05-02T11:52:11+00:00,2026-06-27,group,Spain,Uruguay,three_way,0.655,0.223,0.122,2.1,0.8
1,2026-05-02T11:52:11+00:00,2026-06-27,group,Egypt,Iran,three_way,0.37799999999999995,0.31,0.312,1.2,1.1
1,2026-05-02T11:52:11+00:00,2026-06-27,group,England,Panama,three_way,0.797,0.155,0.048,2.6,0.5
1,2026-05-02T11:52:11+00:00,2026-06-28,group,Argentina,Jordan,three_way,0.889,0.095,0.016,3.3,0.3
1,2026-05-02T11:52:11+00:00,2026-06-28,group,Austria,Algeria,three_way,0.47600000000000003,0.254,0.27,1.8,1.3
1,2026-05-02T11:52:11+00:00,2026-06-28,group,Portugal,Colombia,three_way,0.358,0.297,0.345,1.3,1.2
1,2026-05-02T11:52:11+00:00,2026-06-28,group,DR Congo,Uzbekistan,three_way,0.387,0.294,0.318,1.3,1.2
2,2026-05-04T04:42:00+00:00,2026-06-11,group,Mexico,South Africa,three_way,0.7859999999999999,0.17300000000000001,0.040999999999999995,2.3,0.3
2,2026-05-04T04:42:00+00:00,2026-06-12,group,South Korea,Czech Republic,three_way,0.355,0.28800000000000003,0.35700000000000004,1.3,1.3
2,2026-05-04T04:42:00+00:00,2026-06-12,group,Canada,Bosnia and Herzegovina,three_way,0.679,0.21600000000000003,0.105,2.1,0.7
2,2026-05-04T04:42:00+00:00,2026-06-13,group,Switzerland,Qatar,three_way,0.851,0.115,0.034,3.2,0.5
2,2026-05-04T04:42:00+00:00,2026-06-13,group,Brazil,Morocco,three_way,0.6,0.265,0.134,1.7,0.7
2,2026-05-04T04:42:00+00:00,2026-06-13,group,United States,Paraguay,three_way,0.39,0.305,0.304,1.3,1.1
2,2026-05-04T04:42:00+00:00,2026-06-14,group,Scotland,Haiti,three_way,0.6409999999999999,0.21899999999999997,0.14,2.2,0.9
2,2026-05-04T04:42:00+00:00,2026-06-14,group,Netherlands,Japan,three_way,0.485,0.257,0.258,1.8,1.2
2,2026-05-04T04:42:00+00:00,2026-06-14,group,Turkey,Australia,three_way,0.555,0.25,0.195,1.9,1.0
2,2026-05-04T04:42:00+00:00,2026-06-14,group,Germany,Curaçao,three_way,0.892,0.086,0.022000000000000002,3.7,0.5
2,2026-05-04T04:42:00+00:00,2026-06-15,group,Ecuador,Ivory Coast,three_way,0.599,0.259,0.141,1.7,0.7
2,2026-05-04T04:42:00+00:00,2026-06-15,group,Uruguay,Saudi Arabia,three_way,0.768,0.179,0.053,2.3,0.4
2,2026-05-04T04:42:00+00:00,2026-06-15,group,Spain,Cape Verde,three_way,0.9079999999999999,0.08,0.012,3.6,0.3
2,2026-05-04T04:42:00+00:00,2026-06-15,group,Sweden,Tunisia,three_way,0.524,0.264,0.213,1.7,1.0
2,2026-05-04T04:42:00+00:00,2026-06-15,group,Belgium,Egypt,three_way,0.611,0.233,0.156,2.0,0.9
2,2026-05-04T04:42:00+00:00,2026-06-16,group,Iran,New Zealand,three_way,0.489,0.287,0.22399999999999998,1.5,0.9
2,2026-05-04T04:42:00+00:00,2026-06-16,group,France,Senegal,three_way,0.56,0.271,0.16899999999999998,1.7,0.8
2,2026-05-04T04:42:00+00:00,2026-06-16,group,Norway,Iraq,three_way,0.807,0.145,0.048,2.8,0.5
2,2026-05-04T04:42:00+00:00,2026-06-17,group,Argentina,Algeria,three_way,0.795,0.155,0.05,2.6,0.5
2,2026-05-04T04:42:00+00:00,2026-06-17,group,Austria,Jordan,three_way,0.6759999999999999,0.20600000000000002,0.11800000000000001,2.3,0.8
2,2026-05-04T04:42:00+00:00,2026-06-17,group,Portugal,DR Congo,three_way,0.733,0.188,0.079,2.4,0.6
2,2026-05-04T04:42:00+00:00,2026-06-17,group,England,Croatia,three_way,0.618,0.237,0.145,2.0,0.8
2,2026-05-04T04:42:00+00:00,2026-06-18,group,Czech Republic,South Africa,three_way,0.539,0.264,0.19699999999999998,1.7,0.9
2,2026-05-04T04:42:00+00:00,2026-06-18,group,Canada,Qatar,three_way,0.8390000000000001,0.128,0.033,2.9,0.4
2,2026-05-04T04:42:00+00:00,2026-06-18,group,Panama,Ghana,three_way,0.488,0.278,0.23399999999999999,1.6,1.0
2,2026-05-04T04:42:00+00:00,2026-06-18,group,Switzerland,Bosnia and Herzegovina,three_way,0.688,0.19899999999999998,0.113,2.4,0.8
2,2026-05-04T04:42:00+00:00,2026-06-18,group,Colombia,Uzbekistan,three_way,0.757,0.183,0.06,2.3,0.5
2,2026-05-04T04:42:00+00:00,2026-06-19,group,Mexico,South Korea,three_way,0.675,0.23800000000000002,0.087,1.9,0.5
2,2026-05-04T04:42:00+00:00,2026-06-19,group,United States,Australia,three_way,0.526,0.27699999999999997,0.19699999999999998,1.6,0.9
2,2026-05-04T04:42:00+00:00,2026-06-19,group,Morocco,Scotland,three_way,0.415,0.31,0.275,1.3,1.0
2,2026-05-04T04:42:00+00:00,2026-06-20,group,Germany,Ivory Coast,three_way,0.706,0.18600000000000003,0.10800000000000001,2.5,0.9
2,2026-05-04T04:42:00+00:00,2026-06-20,group,Netherlands,Sweden,three_way,0.669,0.201,0.13,2.4,0.9
2,2026-05-04T04:42:00+00:00,2026-06-20,group,Brazil,Haiti,three_way,0.87,0.105,0.025,3.2,0.4
2,2026-05-04T04:42:00+00:00,2026-06-20,group,Turkey,Paraguay,three_way,0.40700000000000003,0.27899999999999997,0.314,1.5,1.3
2,2026-05-04T04:42:00+00:00,2026-06-21,group,Japan,Tunisia,three_way,0.672,0.22,0.107,2.1,0.7
2,2026-05-04T04:42:00+00:00,2026-06-21,group,Ecuador,Curaçao,three_way,0.826,0.14,0.035,2.7,0.4
2,2026-05-04T04:42:00+00:00,2026-06-21,group,Spain,Saudi Arabia,three_way,0.904,0.083,0.013000000000000001,3.5,0.3
2,2026-05-04T04:42:00+00:00,2026-06-21,group,Uruguay,Cape Verde,three_way,0.7759999999999999,0.17600000000000002,0.048,2.3,0.4
2,2026-05-04T04:42:00+00:00,2026-06-21,group,Belgium,Iran,three_way,0.642,0.223,0.134,2.1,0.8
2,2026-05-04T04:42:00+00:00,2026-06-22,group,France,Iraq,three_way,0.866,0.111,0.022000000000000002,3.1,0.3
2,2026-05-04T04:42:00+00:00,2026-06-22,group,Argentina,Austria,three_way,0.758,0.172,0.069,2.5,0.6
2,2026-05-04T04:42:00+00:00,2026-06-22,group,Egypt,New Zealand,three_way,0.531,0.275,0.19399999999999998,1.6,0.9
2,2026-05-04T04:42:00+00:00,2026-06-23,group,Portugal,Uzbekistan,three_way,0.779,0.163,0.057999999999999996,2.6,0.5
2,2026-05-04T04:42:00+00:00,2026-06-23,group,England,Ghana,three_way,0.843,0.127,0.03,2.9,0.4
2,2026-05-04T04:42:00+00:00,2026-06-23,group,Norway,Senegal,three_way,0.41700000000000004,0.28600000000000003,0.298,1.4,1.2
2,2026-05-04T04:42:00+00:00,2026-06-23,group,Algeria,Jordan,three_way,0.601,0.23800000000000002,0.162,2.0,0.9
2,2026-05-04T04:42:00+00:00,2026-06-24,group,Croatia,Panama,three_way,0.574,0.25,0.17600000000000002,1.9,0.9
2,2026-05-04T04:42:00+00:00,2026-06-24,group,Brazil,Scotland,three_way,0.705,0.20199999999999999,0.09300000000000001,2.2,0.7
2,2026-05-04T04:42:00+00:00,2026-06-24,group,Colombia,DR Congo,three_way,0.708,0.21100000000000002,0.08199999999999999,2.1,0.5
2,2026-05-04T04:42:00+00:00,2026-06-24,group,Canada,Switzerland,three_way,0.37799999999999995,0.294,0.32799999999999996,1.3,1.2
2,2026-05-04T04:42:00+00:00,2026-06-24,group,Bosnia and Herzegovina,Qatar,three_way,0.636,0.215,0.149,2.2,1.0
2,2026-05-04T04:42:00+00:00,2026-06-24,group,Morocco,Haiti,three_way,0.674,0.222,0.10400000000000001,2.0,0.7
2,2026-05-04T04:42:00+00:00,2026-06-25,group,Ivory Coast,Curaçao,three_way,0.6659999999999999,0.21899999999999997,0.115,2.1,0.7
2,2026-05-04T04:42:00+00:00,2026-06-25,group,Germany,Ecuador,three_way,0.413,0.266,0.321,1.6,1.4
2,2026-05-04T04:42:00+00:00,2026-06-25,group,South Korea,South Africa,three_way,0.51,0.289,0.20199999999999999,1.5,0.8
2,2026-05-04T04:42:00+00:00,2026-06-25,group,Mexico,Czech Republic,three_way,0.7040000000000001,0.21100000000000002,0.084,2.1,0.6
2,2026-05-04T04:42:00+00:00,2026-06-26,group,Senegal,Iraq,three_way,0.721,0.20800000000000002,0.07,2.1,0.5
2,2026-05-04T04:42:00+00:00,2026-06-26,group,France,Norway,three_way,0.546,0.247,0.20800000000000002,1.9,1.1
2,2026-05-04T04:42:00+00:00,2026-06-26,group,Japan,Sweden,three_way,0.5479999999999999,0.245,0.20600000000000002,1.9,1.1
2,2026-05-04T04:42:00+00:00,2026-06-26,group,United States,Turkey,three_way,0.366,0.272,0.36200000000000004,1.5,1.4
2,2026-05-04T04:42:00+00:00,2026-06-26,group,Netherlands,Tunisia,three_way,0.765,0.17,0.065,2.5,0.6
2,2026-05-04T04:42:00+00:00,2026-06-26,group,Paraguay,Australia,three_way,0.47,0.3,0.23,1.4,0.9
2,2026-05-04T04:42:00+00:00,2026-06-27,group,Saudi Arabia,Cape Verde,three_way,0.359,0.325,0.316,1.1,1.0
2,2026-05-04T04:42:00+00:00,2026-06-27,group,Belgium,New Zealand,three_way,0.765,0.16699999999999998,0.068,2.6,0.6
2,2026-05-04T04:42:00+00:00,2026-06-27,group,England,Panama,three_way,0.774,0.168,0.057999999999999996,2.5,0.5
2,2026-05-04T04:42:00+00:00,2026-06-27,group,Egypt,Iran,three_way,0.382,0.304,0.314,1.3,1.1
2,2026-05-04T04:42:00+00:00,2026-06-27,group,Spain,Uruguay,three_way,0.614,0.23800000000000002,0.14800000000000002,2.0,0.8
2,2026-05-04T04:42:00+00:00,2026-06-27,group,Croatia,Ghana,three_way,0.6940000000000001,0.207,0.099,2.2,0.7
2,2026-05-04T04:42:00+00:00,2026-06-28,group,Portugal,Colombia,three_way,0.355,0.29600000000000004,0.348,1.3,1.2
2,2026-05-04T04:42:00+00:00,2026-06-28,group,DR Congo,Uzbekistan,three_way,0.41700000000000004,0.294,0.289,1.4,1.1
2,2026-05-04T04:42:00+00:00,2026-06-28,group,Argentina,Jordan,three_way,0.8859999999999999,0.09699999999999999,0.017,3.3,0.3
2,2026-05-04T04:42:00+00:00,2026-06-28,group,Austria,Algeria,three_way,0.449,0.258,0.293,1.7,1.4
3,2026-05-04T04:43:20+00:00,2026-06-11,group,Mexico,South Africa,three_way,0.7859999999999999,0.17300000000000001,0.040999999999999995,2.3,0.3
3,2026-05-04T04:43:20+00:00,2026-06-12,group,South Korea,Czech Republic,three_way,0.355,0.28800000000000003,0.35700000000000004,1.3,1.3
3,2026-05-04T04:43:20+00:00,2026-06-12,group,Canada,Bosnia and Herzegovina,three_way,0.679,0.21600000000000003,0.105,2.1,0.7
3,2026-05-04T04:43:20+00:00,2026-06-13,group,Switzerland,Qatar,three_way,0.851,0.115,0.034,3.2,0.5
3,2026-05-04T04:43:20+00:00,2026-06-13,group,Brazil,Morocco,three_way,0.6,0.265,0.134,1.7,0.7
3,2026-05-04T04:43:20+00:00,2026-06-13,group,United States,Paraguay,three_way,0.39,0.305,0.304,1.3,1.1
3,2026-05-04T04:43:20+00:00,2026-06-14,group,Scotland,Haiti,three_way,0.6409999999999999,0.21899999999999997,0.14,2.2,0.9
3,2026-05-04T04:43:20+00:00,2026-06-14,group,Netherlands,Japan,three_way,0.485,0.257,0.258,1.8,1.2
3,2026-05-04T04:43:20+00:00,2026-06-14,group,Turkey,Australia,three_way,0.555,0.25,0.195,1.9,1.0
3,2026-05-04T04:43:20+00:00,2026-06-14,group,Germany,Curaçao,three_way,0.892,0.086,0.022000000000000002,3.7,0.5
3,2026-05-04T04:43:20+00:00,2026-06-15,group,Ecuador,Ivory Coast,three_way,0.599,0.259,0.141,1.7,0.7
3,2026-05-04T04:43:20+00:00,2026-06-15,group,Uruguay,Saudi Arabia,three_way,0.768,0.179,0.053,2.3,0.4
3,2026-05-04T04:43:20+00:00,2026-06-15,group,Spain,Cape Verde,three_way,0.9079999999999999,0.08,0.012,3.6,0.3
3,2026-05-04T04:43:20+00:00,2026-06-15,group,Sweden,Tunisia,three_way,0.524,0.264,0.213,1.7,1.0
3,2026-05-04T04:43:20+00:00,2026-06-15,group,Belgium,Egypt,three_way,0.611,0.233,0.156,2.0,0.9
3,2026-05-04T04:43:20+00:00,2026-06-16,group,Iran,New Zealand,three_way,0.489,0.287,0.22399999999999998,1.5,0.9
3,2026-05-04T04:43:20+00:00,2026-06-16,group,France,Senegal,three_way,0.56,0.271,0.16899999999999998,1.7,0.8
3,2026-05-04T04:43:20+00:00,2026-06-16,group,Norway,Iraq,three_way,0.807,0.145,0.048,2.8,0.5
3,2026-05-04T04:43:20+00:00,2026-06-17,group,Argentina,Algeria,three_way,0.795,0.155,0.05,2.6,0.5
3,2026-05-04T04:43:20+00:00,2026-06-17,group,Austria,Jordan,three_way,0.6759999999999999,0.20600000000000002,0.11800000000000001,2.3,0.8
3,2026-05-04T04:43:20+00:00,2026-06-17,group,Portugal,DR Congo,three_way,0.733,0.188,0.079,2.4,0.6
3,2026-05-04T04:43:20+00:00,2026-06-17,group,England,Croatia,three_way,0.618,0.237,0.145,2.0,0.8
3,2026-05-04T04:43:20+00:00,2026-06-18,group,Czech Republic,South Africa,three_way,0.539,0.264,0.19699999999999998,1.7,0.9
3,2026-05-04T04:43:20+00:00,2026-06-18,group,Canada,Qatar,three_way,0.8390000000000001,0.128,0.033,2.9,0.4
3,2026-05-04T04:43:20+00:00,2026-06-18,group,Panama,Ghana,three_way,0.488,0.278,0.23399999999999999,1.6,1.0
3,2026-05-04T04:43:20+00:00,2026-06-18,group,Switzerland,Bosnia and Herzegovina,three_way,0.688,0.19899999999999998,0.113,2.4,0.8
3,2026-05-04T04:43:20+00:00,2026-06-18,group,Colombia,Uzbekistan,three_way,0.757,0.183,0.06,2.3,0.5
3,2026-05-04T04:43:20+00:00,2026-06-19,group,Mexico,South Korea,three_way,0.675,0.23800000000000002,0.087,1.9,0.5
3,2026-05-04T04:43:20+00:00,2026-06-19,group,United States,Australia,three_way,0.526,0.27699999999999997,0.19699999999999998,1.6,0.9
3,2026-05-04T04:43:20+00:00,2026-06-19,group,Morocco,Scotland,three_way,0.415,0.31,0.275,1.3,1.0
3,2026-05-04T04:43:20+00:00,2026-06-20,group,Germany,Ivory Coast,three_way,0.706,0.18600000000000003,0.10800000000000001,2.5,0.9
3,2026-05-04T04:43:20+00:00,2026-06-20,group,Netherlands,Sweden,three_way,0.669,0.201,0.13,2.4,0.9
3,2026-05-04T04:43:20+00:00,2026-06-20,group,Brazil,Haiti,three_way,0.87,0.105,0.025,3.2,0.4
3,2026-05-04T04:43:20+00:00,2026-06-20,group,Turkey,Paraguay,three_way,0.40700000000000003,0.27899999999999997,0.314,1.5,1.3
3,2026-05-04T04:43:20+00:00,2026-06-21,group,Japan,Tunisia,three_way,0.672,0.22,0.107,2.1,0.7
3,2026-05-04T04:43:20+00:00,2026-06-21,group,Ecuador,Curaçao,three_way,0.826,0.14,0.035,2.7,0.4
3,2026-05-04T04:43:20+00:00,2026-06-21,group,Spain,Saudi Arabia,three_way,0.904,0.083,0.013000000000000001,3.5,0.3
3,2026-05-04T04:43:20+00:00,2026-06-21,group,Uruguay,Cape Verde,three_way,0.7759999999999999,0.17600000000000002,0.048,2.3,0.4
3,2026-05-04T04:43:20+00:00,2026-06-21,group,Belgium,Iran,three_way,0.642,0.223,0.134,2.1,0.8
3,2026-05-04T04:43:20+00:00,2026-06-22,group,France,Iraq,three_way,0.866,0.111,0.022000000000000002,3.1,0.3
3,2026-05-04T04:43:20+00:00,2026-06-22,group,Argentina,Austria,three_way,0.758,0.172,0.069,2.5,0.6
3,2026-05-04T04:43:20+00:00,2026-06-22,group,Egypt,New Zealand,three_way,0.531,0.275,0.19399999999999998,1.6,0.9
3,2026-05-04T04:43:20+00:00,2026-06-23,group,Portugal,Uzbekistan,three_way,0.779,0.163,0.057999999999999996,2.6,0.5
3,2026-05-04T04:43:20+00:00,2026-06-23,group,England,Ghana,three_way,0.843,0.127,0.03,2.9,0.4
3,2026-05-04T04:43:20+00:00,2026-06-23,group,Norway,Senegal,three_way,0.41700000000000004,0.28600000000000003,0.298,1.4,1.2
3,2026-05-04T04:43:20+00:00,2026-06-23,group,Algeria,Jordan,three_way,0.601,0.23800000000000002,0.162,2.0,0.9
3,2026-05-04T04:43:20+00:00,2026-06-24,group,Croatia,Panama,three_way,0.574,0.25,0.17600000000000002,1.9,0.9
3,2026-05-04T04:43:20+00:00,2026-06-24,group,Brazil,Scotland,three_way,0.705,0.20199999999999999,0.09300000000000001,2.2,0.7
3,2026-05-04T04:43:20+00:00,2026-06-24,group,Colombia,DR Congo,three_way,0.708,0.21100000000000002,0.08199999999999999,2.1,0.5
3,2026-05-04T04:43:20+00:00,2026-06-24,group,Canada,Switzerland,three_way,0.37799999999999995,0.294,0.32799999999999996,1.3,1.2
3,2026-05-04T04:43:20+00:00,2026-06-24,group,Bosnia and Herzegovina,Qatar,three_way,0.636,0.215,0.149,2.2,1.0
3,2026-05-04T04:43:20+00:00,2026-06-24,group,Morocco,Haiti,three_way,0.674,0.222,0.10400000000000001,2.0,0.7
3,2026-05-04T04:43:20+00:00,2026-06-25,group,Ivory Coast,Curaçao,three_way,0.6659999999999999,0.21899999999999997,0.115,2.1,0.7
3,2026-05-04T04:43:20+00:00,2026-06-25,group,Germany,Ecuador,three_way,0.413,0.266,0.321,1.6,1.4
3,2026-05-04T04:43:20+00:00,2026-06-25,group,South Korea,South Africa,three_way,0.51,0.289,0.20199999999999999,1.5,0.8
3,2026-05-04T04:43:20+00:00,2026-06-25,group,Mexico,Czech Republic,three_way,0.7040000000000001,0.21100000000000002,0.084,2.1,0.6
3,2026-05-04T04:43:20+00:00,2026-06-26,group,Senegal,Iraq,three_way,0.721,0.20800000000000002,0.07,2.1,0.5
3,2026-05-04T04:43:20+00:00,2026-06-26,group,France,Norway,three_way,0.546,0.247,0.20800000000000002,1.9,1.1
3,2026-05-04T04:43:20+00:00,2026-06-26,group,Japan,Sweden,three_way,0.5479999999999999,0.245,0.20600000000000002,1.9,1.1
3,2026-05-04T04:43:20+00:00,2026-06-26,group,United States,Turkey,three_way,0.366,0.272,0.36200000000000004,1.5,1.4
3,2026-05-04T04:43:20+00:00,2026-06-26,group,Netherlands,Tunisia,three_way,0.765,0.17,0.065,2.5,0.6
3,2026-05-04T04:43:20+00:00,2026-06-26,group,Paraguay,Australia,three_way,0.47,0.3,0.23,1.4,0.9
3,2026-05-04T04:43:20+00:00,2026-06-27,group,Saudi Arabia,Cape Verde,three_way,0.359,0.325,0.316,1.1,1.0
3,2026-05-04T04:43:20+00:00,2026-06-27,group,Belgium,New Zealand,three_way,0.765,0.16699999999999998,0.068,2.6,0.6
3,2026-05-04T04:43:20+00:00,2026-06-27,group,England,Panama,three_way,0.774,0.168,0.057999999999999996,2.5,0.5
3,2026-05-04T04:43:20+00:00,2026-06-27,group,Egypt,Iran,three_way,0.382,0.304,0.314,1.3,1.1
3,2026-05-04T04:43:20+00:00,2026-06-27,group,Spain,Uruguay,three_way,0.614,0.23800000000000002,0.14800000000000002,2.0,0.8
3,2026-05-04T04:43:20+00:00,2026-06-27,group,Croatia,Ghana,three_way,0.6940000000000001,0.207,0.099,2.2,0.7
3,2026-05-04T04:43:20+00:00,2026-06-28,group,Portugal,Colombia,three_way,0.355,0.29600000000000004,0.348,1.3,1.2
3,2026-05-04T04:43:20+00:00,2026-06-28,group,DR Congo,Uzbekistan,three_way,0.41700000000000004,0.294,0.289,1.4,1.1
3,2026-05-04T04:43:20+00:00,2026-06-28,group,Argentina,Jordan,three_way,0.8859999999999999,0.09699999999999999,0.017,3.3,0.3
3,2026-05-04T04:43:20+00:00,2026-06-28,group,Austria,Algeria,three_way,0.449,0.258,0.293,1.7,1.4
4,2026-05-07T21:03:55+00:00,2026-06-11,group,Mexico,South Africa,three_way,0.7859999999999999,0.17300000000000001,0.040999999999999995,2.3,0.3
4,2026-05-07T21:03:55+00:00,2026-06-12,group,South Korea,Czech Republic,three_way,0.355,0.28800000000000003,0.35700000000000004,1.3,1.3
4,2026-05-07T21:03:55+00:00,2026-06-12,group,Canada,Bosnia and Herzegovina,three_way,0.679,0.21600000000000003,0.105,2.1,0.7
4,2026-05-07T21:03:55+00:00,2026-06-13,group,Switzerland,Qatar,three_way,0.851,0.115,0.034,3.2,0.5
4,2026-05-07T21:03:55+00:00,2026-06-13,group,Brazil,Morocco,three_way,0.6,0.265,0.134,1.7,0.7
4,2026-05-07T21:03:55+00:00,2026-06-13,group,United States,Paraguay,three_way,0.39,0.305,0.304,1.3,1.1
4,2026-05-07T21:03:55+00:00,2026-06-14,group,Scotland,Haiti,three_way,0.6409999999999999,0.21899999999999997,0.14,2.2,0.9
4,2026-05-07T21:03:55+00:00,2026-06-14,group,Netherlands,Japan,three_way,0.485,0.257,0.258,1.8,1.2
4,2026-05-07T21:03:55+00:00,2026-06-14,group,Turkey,Australia,three_way,0.555,0.25,0.195,1.9,1.0
4,2026-05-07T21:03:55+00:00,2026-06-14,group,Germany,Curaçao,three_way,0.892,0.086,0.022000000000000002,3.7,0.5
4,2026-05-07T21:03:55+00:00,2026-06-15,group,Ecuador,Ivory Coast,three_way,0.599,0.259,0.141,1.7,0.7
4,2026-05-07T21:03:55+00:00,2026-06-15,group,Uruguay,Saudi Arabia,three_way,0.768,0.179,0.053,2.3,0.4
4,2026-05-07T21:03:55+00:00,2026-06-15,group,Spain,Cape Verde,three_way,0.9079999999999999,0.08,0.012,3.6,0.3
4,2026-05-07T21:03:55+00:00,2026-06-15,group,Sweden,Tunisia,three_way,0.524,0.264,0.213,1.7,1.0
4,2026-05-07T21:03:55+00:00,2026-06-15,group,Belgium,Egypt,three_way,0.611,0.233,0.156,2.0,0.9
4,2026-05-07T21:03:55+00:00,2026-06-16,group,Iran,New Zealand,three_way,0.489,0.287,0.22399999999999998,1.5,0.9
4,2026-05-07T21:03:55+00:00,2026-06-16,group,France,Senegal,three_way,0.56,0.271,0.16899999999999998,1.7,0.8
4,2026-05-07T21:03:55+00:00,2026-06-16,group,Norway,Iraq,three_way,0.807,0.145,0.048,2.8,0.5
4,2026-05-07T21:03:55+00:00,2026-06-17,group,Argentina,Algeria,three_way,0.795,0.155,0.05,2.6,0.5
4,2026-05-07T21:03:55+00:00,2026-06-17,group,Austria,Jordan,three_way,0.6759999999999999,0.20600000000000002,0.11800000000000001,2.3,0.8
4,2026-05-07T21:03:55+00:00,2026-06-17,group,Portugal,DR Congo,three_way,0.733,0.188,0.079,2.4,0.6
4,2026-05-07T21:03:55+00:00,2026-06-17,group,England,Croatia,three_way,0.618,0.237,0.145,2.0,0.8
4,2026-05-07T21:03:55+00:00,2026-06-18,group,Czech Republic,South Africa,three_way,0.539,0.264,0.19699999999999998,1.7,0.9
4,2026-05-07T21:03:55+00:00,2026-06-18,group,Canada,Qatar,three_way,0.8390000000000001,0.128,0.033,2.9,0.4
4,2026-05-07T21:03:55+00:00,2026-06-18,group,Panama,Ghana,three_way,0.488,0.278,0.23399999999999999,1.6,1.0
4,2026-05-07T21:03:55+00:00,2026-06-18,group,Switzerland,Bosnia and Herzegovina,three_way,0.688,0.19899999999999998,0.113,2.4,0.8
4,2026-05-07T21:03:55+00:00,2026-06-18,group,Colombia,Uzbekistan,three_way,0.757,0.183,0.06,2.3,0.5
4,2026-05-07T21:03:55+00:00,2026-06-19,group,Mexico,South Korea,three_way,0.675,0.23800000000000002,0.087,1.9,0.5
4,2026-05-07T21:03:55+00:00,2026-06-19,group,United States,Australia,three_way,0.526,0.27699999999999997,0.19699999999999998,1.6,0.9
4,2026-05-07T21:03:55+00:00,2026-06-19,group,Morocco,Scotland,three_way,0.415,0.31,0.275,1.3,1.0
4,2026-05-07T21:03:55+00:00,2026-06-20,group,Germany,Ivory Coast,three_way,0.706,0.18600000000000003,0.10800000000000001,2.5,0.9
4,2026-05-07T21:03:55+00:00,2026-06-20,group,Netherlands,Sweden,three_way,0.669,0.201,0.13,2.4,0.9
4,2026-05-07T21:03:55+00:00,2026-06-20,group,Brazil,Haiti,three_way,0.87,0.105,0.025,3.2,0.4
4,2026-05-07T21:03:55+00:00,2026-06-20,group,Turkey,Paraguay,three_way,0.40700000000000003,0.27899999999999997,0.314,1.5,1.3
4,2026-05-07T21:03:55+00:00,2026-06-21,group,Japan,Tunisia,three_way,0.672,0.22,0.107,2.1,0.7
4,2026-05-07T21:03:55+00:00,2026-06-21,group,Ecuador,Curaçao,three_way,0.826,0.14,0.035,2.7,0.4
4,2026-05-07T21:03:55+00:00,2026-06-21,group,Spain,Saudi Arabia,three_way,0.904,0.083,0.013000000000000001,3.5,0.3
4,2026-05-07T21:03:55+00:00,2026-06-21,group,Uruguay,Cape Verde,three_way,0.7759999999999999,0.17600000000000002,0.048,2.3,0.4
4,2026-05-07T21:03:55+00:00,2026-06-21,group,Belgium,Iran,three_way,0.642,0.223,0.134,2.1,0.8
4,2026-05-07T21:03:55+00:00,2026-06-22,group,France,Iraq,three_way,0.866,0.111,0.022000000000000002,3.1,0.3
4,2026-05-07T21:03:55+00:00,2026-06-22,group,Argentina,Austria,three_way,0.758,0.172,0.069,2.5,0.6
4,2026-05-07T21:03:55+00:00,2026-06-22,group,Egypt,New Zealand,three_way,0.531,0.275,0.19399999999999998,1.6,0.9
4,2026-05-07T21:03:55+00:00,2026-06-23,group,Portugal,Uzbekistan,three_way,0.779,0.163,0.057999999999999996,2.6,0.5
4,2026-05-07T21:03:55+00:00,2026-06-23,group,England,Ghana,three_way,0.843,0.127,0.03,2.9,0.4
4,2026-05-07T21:03:55+00:00,2026-06-23,group,Norway,Senegal,three_way,0.41700000000000004,0.28600000000000003,0.298,1.4,1.2
4,2026-05-07T21:03:55+00:00,2026-06-23,group,Algeria,Jordan,three_way,0.601,0.23800000000000002,0.162,2.0,0.9
4,2026-05-07T21:03:55+00:00,2026-06-24,group,Croatia,Panama,three_way,0.574,0.25,0.17600000000000002,1.9,0.9
4,2026-05-07T21:03:55+00:00,2026-06-24,group,Brazil,Scotland,three_way,0.705,0.20199999999999999,0.09300000000000001,2.2,0.7
4,2026-05-07T21:03:55+00:00,2026-06-24,group,Colombia,DR Congo,three_way,0.708,0.21100000000000002,0.08199999999999999,2.1,0.5
4,2026-05-07T21:03:55+00:00,2026-06-24,group,Canada,Switzerland,three_way,0.37799999999999995,0.294,0.32799999999999996,1.3,1.2
4,2026-05-07T21:03:55+00:00,2026-06-24,group,Bosnia and Herzegovina,Qatar,three_way,0.636,0.215,0.149,2.2,1.0
4,2026-05-07T21:03:55+00:00,2026-06-24,group,Morocco,Haiti,three_way,0.674,0.222,0.10400000000000001,2.0,0.7
4,2026-05-07T21:03:55+00:00,2026-06-25,group,Ivory Coast,Curaçao,three_way,0.6659999999999999,0.21899999999999997,0.115,2.1,0.7
4,2026-05-07T21:03:55+00:00,2026-06-25,group,Germany,Ecuador,three_way,0.413,0.266,0.321,1.6,1.4
4,2026-05-07T21:03:55+00:00,2026-06-25,group,South Korea,South Africa,three_way,0.51,0.289,0.20199999999999999,1.5,0.8
4,2026-05-07T21:03:55+00:00,2026-06-25,group,Mexico,Czech Republic,three_way,0.7040000000000001,0.21100000000000002,0.084,2.1,0.6
4,2026-05-07T21:03:55+00:00,2026-06-26,group,Senegal,Iraq,three_way,0.721,0.20800000000000002,0.07,2.1,0.5
4,2026-05-07T21:03:55+00:00,2026-06-26,group,France,Norway,three_way,0.546,0.247,0.20800000000000002,1.9,1.1
4,2026-05-07T21:03:55+00:00,2026-06-26,group,Japan,Sweden,three_way,0.5479999999999999,0.245,0.20600000000000002,1.9,1.1
4,2026-05-07T21:03:55+00:00,2026-06-26,group,United States,Turkey,three_way,0.366,0.272,0.36200000000000004,1.5,1.4
4,2026-05-07T21:03:55+00:00,2026-06-26,group,Netherlands,Tunisia,three_way,0.765,0.17,0.065,2.5,0.6
4,2026-05-07T21:03:55+00:00,2026-06-26,group,Paraguay,Australia,three_way,0.47,0.3,0.23,1.4,0.9
4,2026-05-07T21:03:55+00:00,2026-06-27,group,Saudi Arabia,Cape Verde,three_way,0.359,0.325,0.316,1.1,1.0
4,2026-05-07T21:03:55+00:00,2026-06-27,group,Belgium,New Zealand,three_way,0.765,0.16699999999999998,0.068,2.6,0.6
4,2026-05-07T21:03:55+00:00,2026-06-27,group,England,Panama,three_way,0.774,0.168,0.057999999999999996,2.5,0.5
4,2026-05-07T21:03:55+00:00,2026-06-27,group,Egypt,Iran,three_way,0.382,0.304,0.314,1.3,1.1
4,2026-05-07T21:03:55+00:00,2026-06-27,group,Spain,Uruguay,three_way,0.614,0.23800000000000002,0.14800000000000002,2.0,0.8
4,2026-05-07T21:03:55+00:00,2026-06-27,group,Croatia,Ghana,three_way,0.6940000000000001,0.207,0.099,2.2,0.7
4,2026-05-07T21:03:55+00:00,2026-06-28,group,Portugal,Colombia,three_way,0.355,0.29600000000000004,0.348,1.3,1.2
4,2026-05-07T21:03:55+00:00,2026-06-28,group,DR Congo,Uzbekistan,three_way,0.41700000000000004,0.294,0.289,1.4,1.1
4,2026-05-07T21:03:55+00:00,2026-06-28,group,Argentina,Jordan,three_way,0.8859999999999999,0.09699999999999999,0.017,3.3,0.3
4,2026-05-07T21:03:55+00:00,2026-06-28,group,Austria,Algeria,three_way,0.449,0.258,0.293,1.7,1.4
5,2026-05-07T21:04:13+00:00,2026-06-11,group,Mexico,South Africa,three_way,0.7859999999999999,0.17300000000000001,0.040999999999999995,2.3,0.3
5,2026-05-07T21:04:13+00:00,2026-06-12,group,South Korea,Czech Republic,three_way,0.355,0.28800000000000003,0.35700000000000004,1.3,1.3
5,2026-05-07T21:04:13+00:00,2026-06-12,group,Canada,Bosnia and Herzegovina,three_way,0.679,0.21600000000000003,0.105,2.1,0.7
5,2026-05-07T21:04:13+00:00,2026-06-13,group,Switzerland,Qatar,three_way,0.851,0.115,0.034,3.2,0.5
5,2026-05-07T21:04:13+00:00,2026-06-13,group,Brazil,Morocco,three_way,0.6,0.265,0.134,1.7,0.7
5,2026-05-07T21:04:13+00:00,2026-06-13,group,United States,Paraguay,three_way,0.39,0.305,0.304,1.3,1.1
5,2026-05-07T21:04:13+00:00,2026-06-14,group,Scotland,Haiti,three_way,0.6409999999999999,0.21899999999999997,0.14,2.2,0.9
5,2026-05-07T21:04:13+00:00,2026-06-14,group,Netherlands,Japan,three_way,0.485,0.257,0.258,1.8,1.2
5,2026-05-07T21:04:13+00:00,2026-06-14,group,Turkey,Australia,three_way,0.555,0.25,0.195,1.9,1.0
5,2026-05-07T21:04:13+00:00,2026-06-14,group,Germany,Curaçao,three_way,0.892,0.086,0.022000000000000002,3.7,0.5
5,2026-05-07T21:04:13+00:00,2026-06-15,group,Ecuador,Ivory Coast,three_way,0.599,0.259,0.141,1.7,0.7
5,2026-05-07T21:04:13+00:00,2026-06-15,group,Uruguay,Saudi Arabia,three_way,0.768,0.179,0.053,2.3,0.4
5,2026-05-07T21:04:13+00:00,2026-06-15,group,Spain,Cape Verde,three_way,0.9079999999999999,0.08,0.012,3.6,0.3
5,2026-05-07T21:04:13+00:00,2026-06-15,group,Sweden,Tunisia,three_way,0.524,0.264,0.213,1.7,1.0
5,2026-05-07T21:04:13+00:00,2026-06-15,group,Belgium,Egypt,three_way,0.611,0.233,0.156,2.0,0.9
5,2026-05-07T21:04:13+00:00,2026-06-16,group,Iran,New Zealand,three_way,0.489,0.287,0.22399999999999998,1.5,0.9
5,2026-05-07T21:04:13+00:00,2026-06-16,group,France,Senegal,three_way,0.56,0.271,0.16899999999999998,1.7,0.8
5,2026-05-07T21:04:13+00:00,2026-06-16,group,Norway,Iraq,three_way,0.807,0.145,0.048,2.8,0.5
5,2026-05-07T21:04:13+00:00,2026-06-17,group,Argentina,Algeria,three_way,0.795,0.155,0.05,2.6,0.5
5,2026-05-07T21:04:13+00:00,2026-06-17,group,Austria,Jordan,three_way,0.6759999999999999,0.20600000000000002,0.11800000000000001,2.3,0.8
5,2026-05-07T21:04:13+00:00,2026-06-17,group,Portugal,DR Congo,three_way,0.733,0.188,0.079,2.4,0.6
5,2026-05-07T21:04:13+00:00,2026-06-17,group,England,Croatia,three_way,0.618,0.237,0.145,2.0,0.8
5,2026-05-07T21:04:13+00:00,2026-06-18,group,Czech Republic,South Africa,three_way,0.539,0.264,0.19699999999999998,1.7,0.9
5,2026-05-07T21:04:13+00:00,2026-06-18,group,Canada,Qatar,three_way,0.8390000000000001,0.128,0.033,2.9,0.4
5,2026-05-07T21:04:13+00:00,2026-06-18,group,Panama,Ghana,three_way,0.488,0.278,0.23399999999999999,1.6,1.0
5,2026-05-07T21:04:13+00:00,2026-06-18,group,Switzerland,Bosnia and Herzegovina,three_way,0.688,0.19899999999999998,0.113,2.4,0.8
5,2026-05-07T21:04:13+00:00,2026-06-18,group,Colombia,Uzbekistan,three_way,0.757,0.183,0.06,2.3,0.5
5,2026-05-07T21:04:13+00:00,2026-06-19,group,Mexico,South Korea,three_way,0.675,0.23800000000000002,0.087,1.9,0.5
5,2026-05-07T21:04:13+00:00,2026-06-19,group,United States,Australia,three_way,0.526,0.27699999999999997,0.19699999999999998,1.6,0.9
5,2026-05-07T21:04:13+00:00,2026-06-19,group,Morocco,Scotland,three_way,0.415,0.31,0.275,1.3,1.0
5,2026-05-07T21:04:13+00:00,2026-06-20,group,Germany,Ivory Coast,three_way,0.706,0.18600000000000003,0.10800000000000001,2.5,0.9
5,2026-05-07T21:04:13+00:00,2026-06-20,group,Netherlands,Sweden,three_way,0.669,0.201,0.13,2.4,0.9
5,2026-05-07T21:04:13+00:00,2026-06-20,group,Brazil,Haiti,three_way,0.87,0.105,0.025,3.2,0.4
5,2026-05-07T21:04:13+00:00,2026-06-20,group,Turkey,Paraguay,three_way,0.40700000000000003,0.27899999999999997,0.314,1.5,1.3
5,2026-05-07T21:04:13+00:00,2026-06-21,group,Japan,Tunisia,three_way,0.672,0.22,0.107,2.1,0.7
5,2026-05-07T21:04:13+00:00,2026-06-21,group,Ecuador,Curaçao,three_way,0.826,0.14,0.035,2.7,0.4
5,2026-05-07T21:04:13+00:00,2026-06-21,group,Spain,Saudi Arabia,three_way,0.904,0.083,0.013000000000000001,3.5,0.3
5,2026-05-07T21:04:13+00:00,2026-06-21,group,Uruguay,Cape Verde,three_way,0.7759999999999999,0.17600000000000002,0.048,2.3,0.4
5,2026-05-07T21:04:13+00:00,2026-06-21,group,Belgium,Iran,three_way,0.642,0.223,0.134,2.1,0.8
5,2026-05-07T21:04:13+00:00,2026-06-22,group,France,Iraq,three_way,0.866,0.111,0.022000000000000002,3.1,0.3
5,2026-05-07T21:04:13+00:00,2026-06-22,group,Argentina,Austria,three_way,0.758,0.172,0.069,2.5,0.6
5,2026-05-07T21:04:13+00:00,2026-06-22,group,Egypt,New Zealand,three_way,0.531,0.275,0.19399999999999998,1.6,0.9
5,2026-05-07T21:04:13+00:00,2026-06-23,group,Portugal,Uzbekistan,three_way,0.779,0.163,0.057999999999999996,2.6,0.5
5,2026-05-07T21:04:13+00:00,2026-06-23,group,England,Ghana,three_way,0.843,0.127,0.03,2.9,0.4
5,2026-05-07T21:04:13+00:00,2026-06-23,group,Norway,Senegal,three_way,0.41700000000000004,0.28600000000000003,0.298,1.4,1.2
5,2026-05-07T21:04:13+00:00,2026-06-23,group,Algeria,Jordan,three_way,0.601,0.23800000000000002,0.162,2.0,0.9
5,2026-05-07T21:04:13+00:00,2026-06-24,group,Croatia,Panama,three_way,0.574,0.25,0.17600000000000002,1.9,0.9
5,2026-05-07T21:04:13+00:00,2026-06-24,group,Brazil,Scotland,three_way,0.705,0.20199999999999999,0.09300000000000001,2.2,0.7
5,2026-05-07T21:04:13+00:00,2026-06-24,group,Colombia,DR Congo,three_way,0.708,0.21100000000000002,0.08199999999999999,2.1,0.5
5,2026-05-07T21:04:13+00:00,2026-06-24,group,Canada,Switzerland,three_way,0.37799999999999995,0.294,0.32799999999999996,1.3,1.2
5,2026-05-07T21:04:13+00:00,2026-06-24,group,Bosnia and Herzegovina,Qatar,three_way,0.636,0.215,0.149,2.2,1.0
5,2026-05-07T21:04:13+00:00,2026-06-24,group,Morocco,Haiti,three_way,0.674,0.222,0.10400000000000001,2.0,0.7
5,2026-05-07T21:04:13+00:00,2026-06-25,group,Ivory Coast,Curaçao,three_way,0.6659999999999999,0.21899999999999997,0.115,2.1,0.7
5,2026-05-07T21:04:13+00:00,2026-06-25,group,Germany,Ecuador,three_way,0.413,0.266,0.321,1.6,1.4
5,2026-05-07T21:04:13+00:00,2026-06-25,group,South Korea,South Africa,three_way,0.51,0.289,0.20199999999999999,1.5,0.8
5,2026-05-07T21:04:13+00:00,2026-06-25,group,Mexico,Czech Republic,three_way,0.7040000000000001,0.21100000000000002,0.084,2.1,0.6
5,2026-05-07T21:04:13+00:00,2026-06-26,group,Senegal,Iraq,three_way,0.721,0.20800000000000002,0.07,2.1,0.5
5,2026-05-07T21:04:13+00:00,2026-06-26,group,France,Norway,three_way,0.546,0.247,0.20800000000000002,1.9,1.1
5,2026-05-07T21:04:13+00:00,2026-06-26,group,Japan,Sweden,three_way,0.5479999999999999,0.245,0.20600000000000002,1.9,1.1
5,2026-05-07T21:04:13+00:00,2026-06-26,group,United States,Turkey,three_way,0.366,0.272,0.36200000000000004,1.5,1.4
5,2026-05-07T21:04:13+00:00,2026-06-26,group,Netherlands,Tunisia,three_way,0.765,0.17,0.065,2.5,0.6
5,2026-05-07T21:04:13+00:00,2026-06-26,group,Paraguay,Australia,three_way,0.47,0.3,0.23,1.4,0.9
5,2026-05-07T21:04:13+00:00,2026-06-27,group,Saudi Arabia,Cape Verde,three_way,0.359,0.325,0.316,1.1,1.0
5,2026-05-07T21:04:13+00:00,2026-06-27,group,Belgium,New Zealand,three_way,0.765,0.16699999999999998,0.068,2.6,0.6
5,2026-05-07T21:04:13+00:00,2026-06-27,group,England,Panama,three_way,0.774,0.168,0.057999999999999996,2.5,0.5
5,2026-05-07T21:04:13+00:00,2026-06-27,group,Egypt,Iran,three_way,0.382,0.304,0.314,1.3,1.1
5,2026-05-07T21:04:13+00:00,2026-06-27,group,Spain,Uruguay,three_way,0.614,0.23800000000000002,0.14800000000000002,2.0,0.8
5,2026-05-07T21:04:13+00:00,2026-06-27,group,Croatia,Ghana,three_way,0.6940000000000001,0.207,0.099,2.2,0.7
5,2026-05-07T21:04:13+00:00,2026-06-28,group,Portugal,Colombia,three_way,0.355,0.29600000000000004,0.348,1.3,1.2
5,2026-05-07T21:04:13+00:00,2026-06-28,group,DR Congo,Uzbekistan,three_way,0.41700000000000004,0.294,0.289,1.4,1.1
5,2026-05-07T21:04:13+00:00,2026-06-28,group,Argentina,Jordan,three_way,0.8859999999999999,0.09699999999999999,0.017,3.3,0.3
5,2026-05-07T21:04:13+00:00,2026-06-28,group,Austria,Algeria,three_way,0.449,0.258,0.293,1.7,1.4
6,2026-05-07T21:14:38+00:00,2026-06-11,group,Mexico,South Africa,three_way,0.746,0.19899999999999998,0.055,2.1,0.4
6,2026-05-07T21:14:38+00:00,2026-06-12,group,Canada,Bosnia and Herzegovina,three_way,0.6579999999999999,0.228,0.115,2.0,0.7
6,2026-05-07T21:14:38+00:00,2026-06-12,group,South Korea,Czech Republic,three_way,0.381,0.295,0.324,1.3,1.2
6,2026-05-07T21:14:38+00:00,2026-06-13,group,United States,Paraguay,three_way,0.39,0.308,0.302,1.3,1.1
6,2026-05-07T21:14:38+00:00,2026-06-13,group,Switzerland,Qatar,three_way,0.8590000000000001,0.11199999999999999,0.028999999999999998,3.2,0.4
6,2026-05-07T21:14:38+00:00,2026-06-13,group,Brazil,Morocco,three_way,0.632,0.253,0.115,1.8,0.6
6,2026-05-07T21:14:38+00:00,2026-06-14,group,Germany,Curaçao,three_way,0.898,0.083,0.019,3.7,0.4
6,2026-05-07T21:14:38+00:00,2026-06-14,group,Scotland,Haiti,three_way,0.613,0.23199999999999998,0.155,2.0,0.9
6,2026-05-07T21:14:38+00:00,2026-06-14,group,Turkey,Australia,three_way,0.589,0.243,0.16699999999999998,1.9,0.9
6,2026-05-07T21:14:38+00:00,2026-06-14,group,Netherlands,Japan,three_way,0.446,0.268,0.28600000000000003,1.6,1.3
6,2026-05-07T21:14:38+00:00,2026-06-15,group,Belgium,Egypt,three_way,0.613,0.235,0.151,2.0,0.9
6,2026-05-07T21:14:38+00:00,2026-06-15,group,Sweden,Tunisia,three_way,0.52,0.26899999999999996,0.21100000000000002,1.7,1.0
6,2026-05-07T21:14:38+00:00,2026-06-15,group,Ecuador,Ivory Coast,three_way,0.5770000000000001,0.26899999999999996,0.154,1.7,0.7
6,2026-05-07T21:14:38+00:00,2026-06-15,group,Uruguay,Saudi Arabia,three_way,0.7559999999999999,0.188,0.055999999999999994,2.2,0.4
6,2026-05-07T21:14:38+00:00,2026-06-15,group,Spain,Cape Verde,three_way,0.898,0.08900000000000001,0.013999999999999999,3.4,0.3
6,2026-05-07T21:14:38+00:00,2026-06-16,group,Iran,New Zealand,three_way,0.515,0.28300000000000003,0.20199999999999999,1.6,0.9
6,2026-05-07T21:14:38+00:00,2026-06-16,group,Norway,Iraq,three_way,0.8170000000000001,0.141,0.042,2.8,0.5
6,2026-05-07T21:14:38+00:00,2026-06-16,group,France,Senegal,three_way,0.5720000000000001,0.272,0.157,1.6,0.7
6,2026-05-07T21:14:38+00:00,2026-06-17,group,Austria,Jordan,three_way,0.657,0.217,0.126,2.2,0.8
6,2026-05-07T21:14:38+00:00,2026-06-17,group,England,Croatia,three_way,0.618,0.242,0.14,1.9,0.8
6,2026-05-07T21:14:38+00:00,2026-06-17,group,Argentina,Algeria,three_way,0.812,0.146,0.042,2.7,0.5
6,2026-05-07T21:14:38+00:00,2026-06-17,group,Portugal,DR Congo,three_way,0.723,0.195,0.08199999999999999,2.3,0.6
6,2026-05-07T21:14:38+00:00,2026-06-18,group,Colombia,Uzbekistan,three_way,0.779,0.171,0.05,2.4,0.4
6,2026-05-07T21:14:38+00:00,2026-06-18,group,Czech Republic,South Africa,three_way,0.494,0.281,0.22399999999999998,1.6,1.0
6,2026-05-07T21:14:38+00:00,2026-06-18,group,Switzerland,Bosnia and Herzegovina,three_way,0.675,0.20800000000000002,0.11699999999999999,2.2,0.8
6,2026-05-07T21:14:38+00:00,2026-06-18,group,Canada,Qatar,three_way,0.84,0.129,0.031,2.9,0.4
6,2026-05-07T21:14:38+00:00,2026-06-18,group,Panama,Ghana,three_way,0.503,0.27899999999999997,0.218,1.6,1.0
6,2026-05-07T21:14:38+00:00,2026-06-19,group,Morocco,Scotland,three_way,0.389,0.322,0.28800000000000003,1.2,1.0
6,2026-05-07T21:14:38+00:00,2026-06-19,group,United States,Australia,three_way,0.51,0.28300000000000003,0.207,1.6,0.9
6,2026-05-07T21:14:38+00:00,2026-06-19,group,Mexico,South Korea,three_way,0.634,0.259,0.107,1.7,0.5
6,2026-05-07T21:14:38+00:00,2026-06-20,group,Germany,Ivory Coast,three_way,0.73,0.17800000000000002,0.09300000000000001,2.6,0.8
6,2026-05-07T21:14:38+00:00,2026-06-20,group,Brazil,Haiti,three_way,0.8690000000000001,0.106,0.025,3.2,0.4
6,2026-05-07T21:14:38+00:00,2026-06-20,group,Netherlands,Sweden,three_way,0.647,0.214,0.139,2.2,0.9
6,2026-05-07T21:14:38+00:00,2026-06-20,group,Turkey,Paraguay,three_way,0.446,0.27899999999999997,0.27399999999999997,1.5,1.1
6,2026-05-07T21:14:38+00:00,2026-06-21,group,Japan,Tunisia,three_way,0.687,0.215,0.098,2.1,0.6
6,2026-05-07T21:14:38+00:00,2026-06-21,group,Uruguay,Cape Verde,three_way,0.757,0.188,0.055,2.2,0.4
6,2026-05-07T21:14:38+00:00,2026-06-21,group,Belgium,Iran,three_way,0.635,0.23,0.135,2.0,0.8
6,2026-05-07T21:14:38+00:00,2026-06-21,group,Spain,Saudi Arabia,three_way,0.897,0.08900000000000001,0.013999999999999999,3.4,0.3
6,2026-05-07T21:14:38+00:00,2026-06-21,group,Ecuador,Curaçao,three_way,0.8109999999999999,0.15,0.04,2.6,0.4
6,2026-05-07T21:14:38+00:00,2026-06-22,group,France,Iraq,three_way,0.866,0.113,0.022000000000000002,3.0,0.3
6,2026-05-07T21:14:38+00:00,2026-06-22,group,Argentina,Austria,three_way,0.777,0.163,0.06,2.6,0.6
6,2026-05-07T21:14:38+00:00,2026-06-22,group,Egypt,New Zealand,three_way,0.551,0.27,0.179,1.7,0.8
6,2026-05-07T21:14:38+00:00,2026-06-23,group,Norway,Senegal,three_way,0.45299999999999996,0.28600000000000003,0.261,1.5,1.1
6,2026-05-07T21:14:38+00:00,2026-06-23,group,Algeria,Jordan,three_way,0.575,0.251,0.174,1.8,0.9
6,2026-05-07T21:14:38+00:00,2026-06-23,group,Portugal,Uzbekistan,three_way,0.7829999999999999,0.162,0.055,2.6,0.5
6,2026-05-07T21:14:38+00:00,2026-06-23,group,England,Ghana,three_way,0.846,0.126,0.027999999999999997,2.9,0.4
6,2026-05-07T21:14:38+00:00,2026-06-24,group,Colombia,DR Congo,three_way,0.718,0.207,0.076,2.1,0.5
6,2026-05-07T21:14:38+00:00,2026-06-24,group,Bosnia and Herzegovina,Qatar,three_way,0.6629999999999999,0.21,0.126,2.2,0.9
6,2026-05-07T21:14:38+00:00,2026-06-24,group,Brazil,Scotland,three_way,0.7140000000000001,0.2,0.086,2.2,0.6
6,2026-05-07T21:14:38+00:00,2026-06-24,group,Morocco,Haiti,three_way,0.634,0.24,0.125,1.9,0.7
6,2026-05-07T21:14:38+00:00,2026-06-24,group,Canada,Switzerland,three_way,0.364,0.299,0.337,1.3,1.2
6,2026-05-07T21:14:38+00:00,2026-06-24,group,Croatia,Panama,three_way,0.55,0.262,0.188,1.7,0.9
6,2026-05-07T21:14:38+00:00,2026-06-25,group,Germany,Ecuador,three_way,0.47200000000000003,0.263,0.265,1.7,1.2
6,2026-05-07T21:14:38+00:00,2026-06-25,group,Ivory Coast,Curaçao,three_way,0.659,0.223,0.11800000000000001,2.1,0.7
6,2026-05-07T21:14:38+00:00,2026-06-25,group,Mexico,Czech Republic,three_way,0.6859999999999999,0.223,0.091,2.0,0.6
6,2026-05-07T21:14:38+00:00,2026-06-25,group,South Korea,South Africa,three_way,0.49700000000000005,0.297,0.20600000000000002,1.4,0.8
6,2026-05-07T21:14:38+00:00,2026-06-26,group,Netherlands,Tunisia,three_way,0.7509999999999999,0.18,0.069,2.4,0.6
6,2026-05-07T21:14:38+00:00,2026-06-26,group,France,Norway,three_way,0.521,0.257,0.222,1.8,1.1
6,2026-05-07T21:14:38+00:00,2026-06-26,group,Paraguay,Australia,three_way,0.465,0.302,0.233,1.4,0.9
6,2026-05-07T21:14:38+00:00,2026-06-26,group,Senegal,Iraq,three_way,0.708,0.217,0.07400000000000001,2.0,0.5
6,2026-05-07T21:14:38+00:00,2026-06-26,group,Japan,Sweden,three_way,0.563,0.245,0.192,1.9,1.0
6,2026-05-07T21:14:38+00:00,2026-06-26,group,United States,Turkey,three_way,0.319,0.276,0.406,1.3,1.5
6,2026-05-07T21:14:38+00:00,2026-06-27,group,Saudi Arabia,Cape Verde,three_way,0.342,0.332,0.327,1.0,1.0
6,2026-05-07T21:14:38+00:00,2026-06-27,group,Egypt,Iran,three_way,0.371,0.308,0.321,1.2,1.1
6,2026-05-07T21:14:38+00:00,2026-06-27,group,Spain,Uruguay,three_way,0.607,0.245,0.14800000000000002,1.9,0.8
6,2026-05-07T21:14:38+00:00,2026-06-27,group,Belgium,New Zealand,three_way,0.78,0.161,0.059000000000000004,2.6,0.6
6,2026-05-07T21:14:38+00:00,2026-06-27,group,England,Panama,three_way,0.765,0.175,0.06,2.4,0.5
6,2026-05-07T21:14:38+00:00,2026-06-27,group,Croatia,Ghana,three_way,0.6890000000000001,0.213,0.098,2.1,0.7
6,2026-05-07T21:14:38+00:00,2026-06-28,group,Austria,Algeria,three_way,0.449,0.264,0.287,1.7,1.3
6,2026-05-07T21:14:38+00:00,2026-06-28,group,DR Congo,Uzbekistan,three_way,0.435,0.293,0.272,1.4,1.1
6,2026-05-07T21:14:38+00:00,2026-06-28,group,Portugal,Colombia,three_way,0.33,0.301,0.369,1.2,1.3
6,2026-05-07T21:14:38+00:00,2026-06-28,group,Argentina,Jordan,three_way,0.8909999999999999,0.094,0.015,3.3,0.3
7,2026-05-07T21:35:13+00:00,2026-06-11,group,Mexico,South Africa,three_way,0.746,0.19899999999999998,0.055,2.1,0.4
7,2026-05-07T21:35:13+00:00,2026-06-12,group,Canada,Bosnia and Herzegovina,three_way,0.6579999999999999,0.228,0.115,2.0,0.7
7,2026-05-07T21:35:13+00:00,2026-06-12,group,South Korea,Czech Republic,three_way,0.381,0.295,0.324,1.3,1.2
7,2026-05-07T21:35:13+00:00,2026-06-13,group,Brazil,Morocco,three_way,0.632,0.253,0.115,1.8,0.6
7,2026-05-07T21:35:13+00:00,2026-06-13,group,United States,Paraguay,three_way,0.39,0.308,0.302,1.3,1.1
7,2026-05-07T21:35:13+00:00,2026-06-13,group,Switzerland,Qatar,three_way,0.8590000000000001,0.11199999999999999,0.028999999999999998,3.2,0.4
7,2026-05-07T21:35:13+00:00,2026-06-14,group,Turkey,Australia,three_way,0.589,0.243,0.16699999999999998,1.9,0.9
7,2026-05-07T21:35:13+00:00,2026-06-14,group,Scotland,Haiti,three_way,0.613,0.23199999999999998,0.155,2.0,0.9
7,2026-05-07T21:35:13+00:00,2026-06-14,group,Germany,Curaçao,three_way,0.898,0.083,0.019,3.7,0.4
7,2026-05-07T21:35:13+00:00,2026-06-14,group,Netherlands,Japan,three_way,0.446,0.268,0.28600000000000003,1.6,1.3
7,2026-05-07T21:35:13+00:00,2026-06-15,group,Sweden,Tunisia,three_way,0.52,0.26899999999999996,0.21100000000000002,1.7,1.0
7,2026-05-07T21:35:13+00:00,2026-06-15,group,Spain,Cape Verde,three_way,0.898,0.08900000000000001,0.013999999999999999,3.4,0.3
7,2026-05-07T21:35:13+00:00,2026-06-15,group,Belgium,Egypt,three_way,0.613,0.235,0.151,2.0,0.9
7,2026-05-07T21:35:13+00:00,2026-06-15,group,Ecuador,Ivory Coast,three_way,0.5770000000000001,0.26899999999999996,0.154,1.7,0.7
7,2026-05-07T21:35:13+00:00,2026-06-15,group,Uruguay,Saudi Arabia,three_way,0.7559999999999999,0.188,0.055999999999999994,2.2,0.4
7,2026-05-07T21:35:13+00:00,2026-06-16,group,Iran,New Zealand,three_way,0.515,0.28300000000000003,0.20199999999999999,1.6,0.9
7,2026-05-07T21:35:13+00:00,2026-06-16,group,Norway,Iraq,three_way,0.8170000000000001,0.141,0.042,2.8,0.5
7,2026-05-07T21:35:13+00:00,2026-06-16,group,France,Senegal,three_way,0.5720000000000001,0.272,0.157,1.6,0.7
7,2026-05-07T21:35:13+00:00,2026-06-17,group,Portugal,DR Congo,three_way,0.723,0.195,0.08199999999999999,2.3,0.6
7,2026-05-07T21:35:13+00:00,2026-06-17,group,England,Croatia,three_way,0.618,0.242,0.14,1.9,0.8
7,2026-05-07T21:35:13+00:00,2026-06-17,group,Argentina,Algeria,three_way,0.812,0.146,0.042,2.7,0.5
7,2026-05-07T21:35:13+00:00,2026-06-17,group,Austria,Jordan,three_way,0.657,0.217,0.126,2.2,0.8
7,2026-05-07T21:35:13+00:00,2026-06-18,group,Switzerland,Bosnia and Herzegovina,three_way,0.675,0.20800000000000002,0.11699999999999999,2.2,0.8
7,2026-05-07T21:35:13+00:00,2026-06-18,group,Czech Republic,South Africa,three_way,0.494,0.281,0.22399999999999998,1.6,1.0
7,2026-05-07T21:35:13+00:00,2026-06-18,group,Colombia,Uzbekistan,three_way,0.779,0.171,0.05,2.4,0.4
7,2026-05-07T21:35:13+00:00,2026-06-18,group,Panama,Ghana,three_way,0.503,0.27899999999999997,0.218,1.6,1.0
7,2026-05-07T21:35:13+00:00,2026-06-18,group,Canada,Qatar,three_way,0.84,0.129,0.031,2.9,0.4
7,2026-05-07T21:35:13+00:00,2026-06-19,group,United States,Australia,three_way,0.51,0.28300000000000003,0.207,1.6,0.9
7,2026-05-07T21:35:13+00:00,2026-06-19,group,Morocco,Scotland,three_way,0.389,0.322,0.28800000000000003,1.2,1.0
7,2026-05-07T21:35:13+00:00,2026-06-19,group,Mexico,South Korea,three_way,0.634,0.259,0.107,1.7,0.5
7,2026-05-07T21:35:13+00:00,2026-06-20,group,Turkey,Paraguay,three_way,0.446,0.27899999999999997,0.27399999999999997,1.5,1.1
7,2026-05-07T21:35:13+00:00,2026-06-20,group,Brazil,Haiti,three_way,0.8690000000000001,0.106,0.025,3.2,0.4
7,2026-05-07T21:35:13+00:00,2026-06-20,group,Germany,Ivory Coast,three_way,0.73,0.17800000000000002,0.09300000000000001,2.6,0.8
7,2026-05-07T21:35:13+00:00,2026-06-20,group,Netherlands,Sweden,three_way,0.647,0.214,0.139,2.2,0.9
7,2026-05-07T21:35:13+00:00,2026-06-21,group,Ecuador,Curaçao,three_way,0.8109999999999999,0.15,0.04,2.6,0.4
7,2026-05-07T21:35:13+00:00,2026-06-21,group,Japan,Tunisia,three_way,0.687,0.215,0.098,2.1,0.6
7,2026-05-07T21:35:13+00:00,2026-06-21,group,Spain,Saudi Arabia,three_way,0.897,0.08900000000000001,0.013999999999999999,3.4,0.3
7,2026-05-07T21:35:13+00:00,2026-06-21,group,Uruguay,Cape Verde,three_way,0.757,0.188,0.055,2.2,0.4
7,2026-05-07T21:35:13+00:00,2026-06-21,group,Belgium,Iran,three_way,0.635,0.23,0.135,2.0,0.8
7,2026-05-07T21:35:13+00:00,2026-06-22,group,Argentina,Austria,three_way,0.777,0.163,0.06,2.6,0.6
7,2026-05-07T21:35:13+00:00,2026-06-22,group,Egypt,New Zealand,three_way,0.551,0.27,0.179,1.7,0.8
7,2026-05-07T21:35:13+00:00,2026-06-22,group,France,Iraq,three_way,0.866,0.113,0.022000000000000002,3.0,0.3
7,2026-05-07T21:35:13+00:00,2026-06-23,group,Portugal,Uzbekistan,three_way,0.7829999999999999,0.162,0.055,2.6,0.5
7,2026-05-07T21:35:13+00:00,2026-06-23,group,Norway,Senegal,three_way,0.45299999999999996,0.28600000000000003,0.261,1.5,1.1
7,2026-05-07T21:35:13+00:00,2026-06-23,group,England,Ghana,three_way,0.846,0.126,0.027999999999999997,2.9,0.4
7,2026-05-07T21:35:13+00:00,2026-06-23,group,Algeria,Jordan,three_way,0.575,0.251,0.174,1.8,0.9
7,2026-05-07T21:35:13+00:00,2026-06-24,group,Canada,Switzerland,three_way,0.364,0.299,0.337,1.3,1.2
7,2026-05-07T21:35:13+00:00,2026-06-24,group,Croatia,Panama,three_way,0.55,0.262,0.188,1.7,0.9
7,2026-05-07T21:35:13+00:00,2026-06-24,group,Bosnia and Herzegovina,Qatar,three_way,0.6629999999999999,0.21,0.126,2.2,0.9
7,2026-05-07T21:35:13+00:00,2026-06-24,group,Morocco,Haiti,three_way,0.634,0.24,0.125,1.9,0.7
7,2026-05-07T21:35:13+00:00,2026-06-24,group,Colombia,DR Congo,three_way,0.718,0.207,0.076,2.1,0.5
7,2026-05-07T21:35:13+00:00,2026-06-24,group,Brazil,Scotland,three_way,0.7140000000000001,0.2,0.086,2.2,0.6
7,2026-05-07T21:35:13+00:00,2026-06-25,group,Ivory Coast,Curaçao,three_way,0.659,0.223,0.11800000000000001,2.1,0.7
7,2026-05-07T21:35:13+00:00,2026-06-25,group,Mexico,Czech Republic,three_way,0.6859999999999999,0.223,0.091,2.0,0.6
7,2026-05-07T21:35:13+00:00,2026-06-25,group,Germany,Ecuador,three_way,0.47200000000000003,0.263,0.265,1.7,1.2
7,2026-05-07T21:35:13+00:00,2026-06-25,group,South Korea,South Africa,three_way,0.49700000000000005,0.297,0.20600000000000002,1.4,0.8
7,2026-05-07T21:35:13+00:00,2026-06-26,group,Netherlands,Tunisia,three_way,0.7509999999999999,0.18,0.069,2.4,0.6
7,2026-05-07T21:35:13+00:00,2026-06-26,group,Paraguay,Australia,three_way,0.465,0.302,0.233,1.4,0.9
7,2026-05-07T21:35:13+00:00,2026-06-26,group,France,Norway,three_way,0.521,0.257,0.222,1.8,1.1
7,2026-05-07T21:35:13+00:00,2026-06-26,group,United States,Turkey,three_way,0.319,0.276,0.406,1.3,1.5
7,2026-05-07T21:35:13+00:00,2026-06-26,group,Japan,Sweden,three_way,0.563,0.245,0.192,1.9,1.0
7,2026-05-07T21:35:13+00:00,2026-06-26,group,Senegal,Iraq,three_way,0.708,0.217,0.07400000000000001,2.0,0.5
7,2026-05-07T21:35:13+00:00,2026-06-27,group,England,Panama,three_way,0.765,0.175,0.06,2.4,0.5
7,2026-05-07T21:35:13+00:00,2026-06-27,group,Belgium,New Zealand,three_way,0.78,0.161,0.059000000000000004,2.6,0.6
7,2026-05-07T21:35:13+00:00,2026-06-27,group,Saudi Arabia,Cape Verde,three_way,0.342,0.332,0.327,1.0,1.0
7,2026-05-07T21:35:13+00:00,2026-06-27,group,Egypt,Iran,three_way,0.371,0.308,0.321,1.2,1.1
7,2026-05-07T21:35:13+00:00,2026-06-27,group,Croatia,Ghana,three_way,0.6890000000000001,0.213,0.098,2.1,0.7
7,2026-05-07T21:35:13+00:00,2026-06-27,group,Spain,Uruguay,three_way,0.607,0.245,0.14800000000000002,1.9,0.8
7,2026-05-07T21:35:13+00:00,2026-06-28,group,Portugal,Colombia,three_way,0.33,0.301,0.369,1.2,1.3
7,2026-05-07T21:35:13+00:00,2026-06-28,group,Austria,Algeria,three_way,0.449,0.264,0.287,1.7,1.3
7,2026-05-07T21:35:13+00:00,2026-06-28,group,DR Congo,Uzbekistan,three_way,0.435,0.293,0.272,1.4,1.1
7,2026-05-07T21:35:13+00:00,2026-06-28,group,Argentina,Jordan,three_way,0.8909999999999999,0.094,0.015,3.3,0.3
8,2026-05-08T13:49:25+00:00,2026-06-11,group,Mexico,South Africa,three_way,0.746,0.19899999999999998,0.055,2.1,0.4
8,2026-05-08T13:49:25+00:00,2026-06-12,group,Canada,Bosnia and Herzegovina,three_way,0.6579999999999999,0.228,0.115,2.0,0.7
8,2026-05-08T13:49:25+00:00,2026-06-12,group,South Korea,Czech Republic,three_way,0.381,0.295,0.324,1.3,1.2
8,2026-05-08T13:49:25+00:00,2026-06-13,group,Brazil,Morocco,three_way,0.632,0.253,0.115,1.8,0.6
8,2026-05-08T13:49:25+00:00,2026-06-13,group,United States,Paraguay,three_way,0.39,0.308,0.302,1.3,1.1
8,2026-05-08T13:49:25+00:00,2026-06-13,group,Switzerland,Qatar,three_way,0.8590000000000001,0.11199999999999999,0.028999999999999998,3.2,0.4
8,2026-05-08T13:49:25+00:00,2026-06-14,group,Turkey,Australia,three_way,0.589,0.243,0.16699999999999998,1.9,0.9
8,2026-05-08T13:49:25+00:00,2026-06-14,group,Scotland,Haiti,three_way,0.613,0.23199999999999998,0.155,2.0,0.9
8,2026-05-08T13:49:25+00:00,2026-06-14,group,Germany,Curaçao,three_way,0.898,0.083,0.019,3.7,0.4
8,2026-05-08T13:49:25+00:00,2026-06-14,group,Netherlands,Japan,three_way,0.446,0.268,0.28600000000000003,1.6,1.3
8,2026-05-08T13:49:25+00:00,2026-06-15,group,Sweden,Tunisia,three_way,0.52,0.26899999999999996,0.21100000000000002,1.7,1.0
8,2026-05-08T13:49:25+00:00,2026-06-15,group,Spain,Cape Verde,three_way,0.898,0.08900000000000001,0.013999999999999999,3.4,0.3
8,2026-05-08T13:49:25+00:00,2026-06-15,group,Belgium,Egypt,three_way,0.613,0.235,0.151,2.0,0.9
8,2026-05-08T13:49:25+00:00,2026-06-15,group,Ecuador,Ivory Coast,three_way,0.5770000000000001,0.26899999999999996,0.154,1.7,0.7
8,2026-05-08T13:49:25+00:00,2026-06-15,group,Uruguay,Saudi Arabia,three_way,0.7559999999999999,0.188,0.055999999999999994,2.2,0.4
8,2026-05-08T13:49:25+00:00,2026-06-16,group,Iran,New Zealand,three_way,0.515,0.28300000000000003,0.20199999999999999,1.6,0.9
8,2026-05-08T13:49:25+00:00,2026-06-16,group,Norway,Iraq,three_way,0.8170000000000001,0.141,0.042,2.8,0.5
8,2026-05-08T13:49:25+00:00,2026-06-16,group,France,Senegal,three_way,0.5720000000000001,0.272,0.157,1.6,0.7
8,2026-05-08T13:49:25+00:00,2026-06-17,group,Portugal,DR Congo,three_way,0.723,0.195,0.08199999999999999,2.3,0.6
8,2026-05-08T13:49:25+00:00,2026-06-17,group,England,Croatia,three_way,0.618,0.242,0.14,1.9,0.8
8,2026-05-08T13:49:25+00:00,2026-06-17,group,Argentina,Algeria,three_way,0.812,0.146,0.042,2.7,0.5
8,2026-05-08T13:49:25+00:00,2026-06-17,group,Austria,Jordan,three_way,0.657,0.217,0.126,2.2,0.8
8,2026-05-08T13:49:25+00:00,2026-06-18,group,Switzerland,Bosnia and Herzegovina,three_way,0.675,0.20800000000000002,0.11699999999999999,2.2,0.8
8,2026-05-08T13:49:25+00:00,2026-06-18,group,Czech Republic,South Africa,three_way,0.494,0.281,0.22399999999999998,1.6,1.0
8,2026-05-08T13:49:25+00:00,2026-06-18,group,Colombia,Uzbekistan,three_way,0.779,0.171,0.05,2.4,0.4
8,2026-05-08T13:49:25+00:00,2026-06-18,group,Panama,Ghana,three_way,0.503,0.27899999999999997,0.218,1.6,1.0
8,2026-05-08T13:49:25+00:00,2026-06-18,group,Canada,Qatar,three_way,0.84,0.129,0.031,2.9,0.4
8,2026-05-08T13:49:25+00:00,2026-06-19,group,United States,Australia,three_way,0.51,0.28300000000000003,0.207,1.6,0.9
8,2026-05-08T13:49:25+00:00,2026-06-19,group,Morocco,Scotland,three_way,0.389,0.322,0.28800000000000003,1.2,1.0
8,2026-05-08T13:49:25+00:00,2026-06-19,group,Mexico,South Korea,three_way,0.634,0.259,0.107,1.7,0.5
8,2026-05-08T13:49:25+00:00,2026-06-20,group,Turkey,Paraguay,three_way,0.446,0.27899999999999997,0.27399999999999997,1.5,1.1
8,2026-05-08T13:49:25+00:00,2026-06-20,group,Brazil,Haiti,three_way,0.8690000000000001,0.106,0.025,3.2,0.4
8,2026-05-08T13:49:25+00:00,2026-06-20,group,Germany,Ivory Coast,three_way,0.73,0.17800000000000002,0.09300000000000001,2.6,0.8
8,2026-05-08T13:49:25+00:00,2026-06-20,group,Netherlands,Sweden,three_way,0.647,0.214,0.139,2.2,0.9
8,2026-05-08T13:49:25+00:00,2026-06-21,group,Ecuador,Curaçao,three_way,0.8109999999999999,0.15,0.04,2.6,0.4
8,2026-05-08T13:49:25+00:00,2026-06-21,group,Japan,Tunisia,three_way,0.687,0.215,0.098,2.1,0.6
8,2026-05-08T13:49:25+00:00,2026-06-21,group,Spain,Saudi Arabia,three_way,0.897,0.08900000000000001,0.013999999999999999,3.4,0.3
8,2026-05-08T13:49:25+00:00,2026-06-21,group,Uruguay,Cape Verde,three_way,0.757,0.188,0.055,2.2,0.4
8,2026-05-08T13:49:25+00:00,2026-06-21,group,Belgium,Iran,three_way,0.635,0.23,0.135,2.0,0.8
8,2026-05-08T13:49:25+00:00,2026-06-22,group,Argentina,Austria,three_way,0.777,0.163,0.06,2.6,0.6
8,2026-05-08T13:49:25+00:00,2026-06-22,group,Egypt,New Zealand,three_way,0.551,0.27,0.179,1.7,0.8
8,2026-05-08T13:49:25+00:00,2026-06-22,group,France,Iraq,three_way,0.866,0.113,0.022000000000000002,3.0,0.3
8,2026-05-08T13:49:25+00:00,2026-06-23,group,Portugal,Uzbekistan,three_way,0.7829999999999999,0.162,0.055,2.6,0.5
8,2026-05-08T13:49:25+00:00,2026-06-23,group,Norway,Senegal,three_way,0.45299999999999996,0.28600000000000003,0.261,1.5,1.1
8,2026-05-08T13:49:25+00:00,2026-06-23,group,England,Ghana,three_way,0.846,0.126,0.027999999999999997,2.9,0.4
8,2026-05-08T13:49:25+00:00,2026-06-23,group,Algeria,Jordan,three_way,0.575,0.251,0.174,1.8,0.9
8,2026-05-08T13:49:25+00:00,2026-06-24,group,Canada,Switzerland,three_way,0.364,0.299,0.337,1.3,1.2
8,2026-05-08T13:49:25+00:00,2026-06-24,group,Croatia,Panama,three_way,0.55,0.262,0.188,1.7,0.9
8,2026-05-08T13:49:25+00:00,2026-06-24,group,Bosnia and Herzegovina,Qatar,three_way,0.6629999999999999,0.21,0.126,2.2,0.9
8,2026-05-08T13:49:25+00:00,2026-06-24,group,Morocco,Haiti,three_way,0.634,0.24,0.125,1.9,0.7
8,2026-05-08T13:49:25+00:00,2026-06-24,group,Colombia,DR Congo,three_way,0.718,0.207,0.076,2.1,0.5
8,2026-05-08T13:49:25+00:00,2026-06-24,group,Brazil,Scotland,three_way,0.7140000000000001,0.2,0.086,2.2,0.6
8,2026-05-08T13:49:25+00:00,2026-06-25,group,Ivory Coast,Curaçao,three_way,0.659,0.223,0.11800000000000001,2.1,0.7
8,2026-05-08T13:49:25+00:00,2026-06-25,group,Mexico,Czech Republic,three_way,0.6859999999999999,0.223,0.091,2.0,0.6
8,2026-05-08T13:49:25+00:00,2026-06-25,group,Germany,Ecuador,three_way,0.47200000000000003,0.263,0.265,1.7,1.2
8,2026-05-08T13:49:25+00:00,2026-06-25,group,South Korea,South Africa,three_way,0.49700000000000005,0.297,0.20600000000000002,1.4,0.8
8,2026-05-08T13:49:25+00:00,2026-06-26,group,Netherlands,Tunisia,three_way,0.7509999999999999,0.18,0.069,2.4,0.6
8,2026-05-08T13:49:25+00:00,2026-06-26,group,Paraguay,Australia,three_way,0.465,0.302,0.233,1.4,0.9
8,2026-05-08T13:49:25+00:00,2026-06-26,group,France,Norway,three_way,0.521,0.257,0.222,1.8,1.1
8,2026-05-08T13:49:25+00:00,2026-06-26,group,United States,Turkey,three_way,0.319,0.276,0.406,1.3,1.5
8,2026-05-08T13:49:25+00:00,2026-06-26,group,Japan,Sweden,three_way,0.563,0.245,0.192,1.9,1.0
8,2026-05-08T13:49:25+00:00,2026-06-26,group,Senegal,Iraq,three_way,0.708,0.217,0.07400000000000001,2.0,0.5
8,2026-05-08T13:49:25+00:00,2026-06-27,group,England,Panama,three_way,0.765,0.175,0.06,2.4,0.5
8,2026-05-08T13:49:25+00:00,2026-06-27,group,Belgium,New Zealand,three_way,0.78,0.161,0.059000000000000004,2.6,0.6
8,2026-05-08T13:49:25+00:00,2026-06-27,group,Saudi Arabia,Cape Verde,three_way,0.342,0.332,0.327,1.0,1.0
8,2026-05-08T13:49:25+00:00,2026-06-27,group,Egypt,Iran,three_way,0.371,0.308,0.321,1.2,1.1
8,2026-05-08T13:49:25+00:00,2026-06-27,group,Croatia,Ghana,three_way,0.6890000000000001,0.213,0.098,2.1,0.7
8,2026-05-08T13:49:25+00:00,2026-06-27,group,Spain,Uruguay,three_way,0.607,0.245,0.14800000000000002,1.9,0.8
8,2026-05-08T13:49:25+00:00,2026-06-28,group,Portugal,Colombia,three_way,0.33,0.301,0.369,1.2,1.3
8,2026-05-08T13:49:25+00:00,2026-06-28,group,Austria,Algeria,three_way,0.449,0.264,0.287,1.7,1.3
8,2026-05-08T13:49:25+00:00,2026-06-28,group,DR Congo,Uzbekistan,three_way,0.435,0.293,0.272,1.4,1.1
8,2026-05-08T13:49:25+00:00,2026-06-28,group,Argentina,Jordan,three_way,0.8909999999999999,0.094,0.015,3.3,0.3
9,2026-05-11T21:17:18+00:00,2026-06-11,group,South Korea,Czech Republic,three_way,0.374,0.295,0.33,1.3,1.2
9,2026-05-11T21:17:18+00:00,2026-06-11,group,Mexico,South Africa,three_way,0.758,0.192,0.05,2.2,0.4
9,2026-05-11T21:17:18+00:00,2026-06-12,group,Canada,Bosnia and Herzegovina,three_way,0.653,0.23,0.11699999999999999,2.0,0.7
9,2026-05-11T21:17:18+00:00,2026-06-12,group,United States,Paraguay,three_way,0.386,0.308,0.306,1.2,1.1
9,2026-05-11T21:17:18+00:00,2026-06-13,group,Scotland,Haiti,three_way,0.618,0.231,0.152,2.0,0.9
9,2026-05-11T21:17:18+00:00,2026-06-13,group,Switzerland,Qatar,three_way,0.856,0.114,0.03,3.1,0.4
9,2026-05-11T21:17:18+00:00,2026-06-13,group,Brazil,Morocco,three_way,0.627,0.255,0.11800000000000001,1.8,0.6
9,2026-05-11T21:17:18+00:00,2026-06-14,group,Ecuador,Ivory Coast,three_way,0.5870000000000001,0.265,0.14800000000000002,1.7,0.7
9,2026-05-11T21:17:18+00:00,2026-06-14,group,Netherlands,Japan,three_way,0.45399999999999996,0.267,0.27899999999999997,1.7,1.2
9,2026-05-11T21:17:18+00:00,2026-06-14,group,Germany,Curaçao,three_way,0.8959999999999999,0.085,0.02,3.7,0.4
9,2026-05-11T21:17:18+00:00,2026-06-14,group,Turkey,Australia,three_way,0.581,0.24600000000000002,0.17300000000000001,1.9,0.9
9,2026-05-11T21:17:18+00:00,2026-06-14,group,Sweden,Tunisia,three_way,0.525,0.268,0.207,1.7,1.0
9,2026-05-11T21:17:18+00:00,2026-06-15,group,Iran,New Zealand,three_way,0.507,0.284,0.20800000000000002,1.5,0.9
9,2026-05-11T21:17:18+00:00,2026-06-15,group,Belgium,Egypt,three_way,0.616,0.235,0.149,2.0,0.9
9,2026-05-11T21:17:18+00:00,2026-06-15,group,Uruguay,Saudi Arabia,three_way,0.757,0.188,0.055999999999999994,2.2,0.4
9,2026-05-11T21:17:18+00:00,2026-06-15,group,Spain,Cape Verde,three_way,0.897,0.08900000000000001,0.013999999999999999,3.4,0.3
9,2026-05-11T21:17:18+00:00,2026-06-16,group,France,Senegal,three_way,0.5710000000000001,0.272,0.157,1.6,0.7
9,2026-05-11T21:17:18+00:00,2026-06-16,group,Norway,Iraq,three_way,0.8190000000000001,0.14,0.040999999999999995,2.8,0.5
9,2026-05-11T21:17:18+00:00,2026-06-16,group,Argentina,Algeria,three_way,0.8109999999999999,0.146,0.043,2.7,0.5
9,2026-05-11T21:17:18+00:00,2026-06-17,group,Colombia,Uzbekistan,three_way,0.774,0.174,0.052000000000000005,2.4,0.4
9,2026-05-11T21:17:18+00:00,2026-06-17,group,Austria,Jordan,three_way,0.6579999999999999,0.217,0.125,2.2,0.8
9,2026-05-11T21:17:18+00:00,2026-06-17,group,Portugal,DR Congo,three_way,0.727,0.193,0.08,2.3,0.6
9,2026-05-11T21:17:18+00:00,2026-06-17,group,Panama,Ghana,three_way,0.501,0.27899999999999997,0.21899999999999997,1.6,1.0
9,2026-05-11T21:17:18+00:00,2026-06-17,group,England,Croatia,three_way,0.619,0.242,0.139,1.9,0.8
9,2026-05-11T21:17:18+00:00,2026-06-18,group,Czech Republic,South Africa,three_way,0.505,0.28,0.21600000000000003,1.6,0.9
9,2026-05-11T21:17:18+00:00,2026-06-18,group,Mexico,South Korea,three_way,0.647,0.253,0.1,1.8,0.5
9,2026-05-11T21:17:18+00:00,2026-06-18,group,Canada,Qatar,three_way,0.8340000000000001,0.133,0.033,2.8,0.4
9,2026-05-11T21:17:18+00:00,2026-06-18,group,Switzerland,Bosnia and Herzegovina,three_way,0.677,0.207,0.11599999999999999,2.2,0.8
9,2026-05-11T21:17:18+00:00,2026-06-19,group,Morocco,Scotland,three_way,0.391,0.322,0.287,1.2,1.0
9,2026-05-11T21:17:18+00:00,2026-06-19,group,Brazil,Haiti,three_way,0.8690000000000001,0.106,0.025,3.2,0.4
9,2026-05-11T21:17:18+00:00,2026-06-19,group,United States,Australia,three_way,0.507,0.284,0.21,1.6,0.9
9,2026-05-11T21:17:18+00:00,2026-06-19,group,Turkey,Paraguay,three_way,0.43700000000000006,0.281,0.282,1.5,1.2
9,2026-05-11T21:17:18+00:00,2026-06-20,group,Germany,Ivory Coast,three_way,0.728,0.17800000000000002,0.09300000000000001,2.6,0.8
9,2026-05-11T21:17:18+00:00,2026-06-20,group,Netherlands,Sweden,three_way,0.649,0.214,0.138,2.2,0.9
9,2026-05-11T21:17:18+00:00,2026-06-20,group,Ecuador,Curaçao,three_way,0.813,0.14800000000000002,0.039,2.6,0.4
9,2026-05-11T21:17:18+00:00,2026-06-21,group,Uruguay,Cape Verde,three_way,0.759,0.187,0.054000000000000006,2.2,0.4
9,2026-05-11T21:17:18+00:00,2026-06-21,group,Spain,Saudi Arabia,three_way,0.8959999999999999,0.09,0.013999999999999999,3.4,0.3
9,2026-05-11T21:17:18+00:00,2026-06-21,group,Belgium,Iran,three_way,0.637,0.22899999999999998,0.134,2.0,0.8
9,2026-05-11T21:17:18+00:00,2026-06-21,group,Japan,Tunisia,three_way,0.6859999999999999,0.21600000000000003,0.098,2.1,0.6
9,2026-05-11T21:17:18+00:00,2026-06-21,group,Egypt,New Zealand,three_way,0.544,0.271,0.185,1.7,0.9
9,2026-05-11T21:17:18+00:00,2026-06-22,group,Argentina,Austria,three_way,0.774,0.165,0.061,2.6,0.6
9,2026-05-11T21:17:18+00:00,2026-06-22,group,Algeria,Jordan,three_way,0.5760000000000001,0.25,0.17300000000000001,1.9,0.9
9,2026-05-11T21:17:18+00:00,2026-06-22,group,Norway,Senegal,three_way,0.457,0.285,0.258,1.5,1.1
9,2026-05-11T21:17:18+00:00,2026-06-22,group,France,Iraq,three_way,0.865,0.113,0.022000000000000002,3.0,0.3
9,2026-05-11T21:17:18+00:00,2026-06-23,group,England,Ghana,three_way,0.846,0.126,0.027999999999999997,2.9,0.4
9,2026-05-11T21:17:18+00:00,2026-06-23,group,Croatia,Panama,three_way,0.551,0.262,0.187,1.7,0.9
9,2026-05-11T21:17:18+00:00,2026-06-23,group,Portugal,Uzbekistan,three_way,0.782,0.162,0.055,2.6,0.5
9,2026-05-11T21:17:18+00:00,2026-06-23,group,Colombia,DR Congo,three_way,0.718,0.207,0.075,2.1,0.5
9,2026-05-11T21:17:18+00:00,2026-06-24,group,South Korea,South Africa,three_way,0.5,0.297,0.203,1.4,0.8
9,2026-05-11T21:17:18+00:00,2026-06-24,group,Brazil,Scotland,three_way,0.71,0.20199999999999999,0.08800000000000001,2.2,0.6
9,2026-05-11T21:17:18+00:00,2026-06-24,group,Bosnia and Herzegovina,Qatar,three_way,0.655,0.213,0.131,2.2,0.9
9,2026-05-11T21:17:18+00:00,2026-06-24,group,Mexico,Czech Republic,three_way,0.693,0.21899999999999997,0.08800000000000001,2.0,0.6
9,2026-05-11T21:17:18+00:00,2026-06-24,group,Canada,Switzerland,three_way,0.35600000000000004,0.3,0.345,1.2,1.2
9,2026-05-11T21:17:18+00:00,2026-06-24,group,Morocco,Haiti,three_way,0.6409999999999999,0.237,0.122,1.9,0.7
9,2026-05-11T21:17:18+00:00,2026-06-25,group,United States,Turkey,three_way,0.32299999999999995,0.276,0.402,1.3,1.5
9,2026-05-11T21:17:18+00:00,2026-06-25,group,Paraguay,Australia,three_way,0.465,0.302,0.23199999999999998,1.4,0.9
9,2026-05-11T21:17:18+00:00,2026-06-25,group,Japan,Sweden,three_way,0.557,0.247,0.196,1.9,1.0
9,2026-05-11T21:17:18+00:00,2026-06-25,group,Germany,Ecuador,three_way,0.45899999999999996,0.265,0.27699999999999997,1.7,1.3
9,2026-05-11T21:17:18+00:00,2026-06-25,group,Ivory Coast,Curaçao,three_way,0.654,0.225,0.121,2.1,0.7
9,2026-05-11T21:17:18+00:00,2026-06-25,group,Netherlands,Tunisia,three_way,0.755,0.17800000000000002,0.067,2.4,0.6
9,2026-05-11T21:17:18+00:00,2026-06-26,group,Saudi Arabia,Cape Verde,three_way,0.34299999999999997,0.331,0.325,1.0,1.0
9,2026-05-11T21:17:18+00:00,2026-06-26,group,Egypt,Iran,three_way,0.371,0.307,0.322,1.2,1.1
9,2026-05-11T21:17:18+00:00,2026-06-26,group,Spain,Uruguay,three_way,0.605,0.24600000000000002,0.15,1.9,0.8
9,2026-05-11T21:17:18+00:00,2026-06-26,group,Senegal,Iraq,three_way,0.7090000000000001,0.217,0.07400000000000001,2.0,0.5
9,2026-05-11T21:17:18+00:00,2026-06-26,group,Belgium,New Zealand,three_way,0.777,0.162,0.061,2.6,0.6
9,2026-05-11T21:17:18+00:00,2026-06-26,group,France,Norway,three_way,0.515,0.259,0.226,1.8,1.1
9,2026-05-11T21:17:18+00:00,2026-06-27,group,Argentina,Jordan,three_way,0.89,0.095,0.015,3.3,0.3
9,2026-05-11T21:17:18+00:00,2026-06-27,group,England,Panama,three_way,0.7659999999999999,0.175,0.06,2.4,0.5
9,2026-05-11T21:17:18+00:00,2026-06-27,group,Portugal,Colombia,three_way,0.336,0.301,0.36200000000000004,1.2,1.2
9,2026-05-11T21:17:18+00:00,2026-06-27,group,DR Congo,Uzbekistan,three_way,0.42700000000000005,0.294,0.27899999999999997,1.4,1.1
9,2026-05-11T21:17:18+00:00,2026-06-27,group,Austria,Algeria,three_way,0.451,0.264,0.28600000000000003,1.7,1.3
9,2026-05-11T21:17:18+00:00,2026-06-27,group,Croatia,Ghana,three_way,0.688,0.214,0.099,2.1,0.7
10,2026-05-15T20:18:16+00:00,2026-06-11,group,South Korea,Czech Republic,three_way,0.369,0.3,0.331,1.3,1.2
10,2026-05-15T20:18:16+00:00,2026-06-11,group,Mexico,South Africa,three_way,0.764,0.191,0.045,2.2,0.3
10,2026-05-15T20:18:16+00:00,2026-06-12,group,Canada,Bosnia and Herzegovina,three_way,0.643,0.23800000000000002,0.11900000000000001,1.9,0.7
10,2026-05-15T20:18:16+00:00,2026-06-12,group,United States,Paraguay,three_way,0.386,0.312,0.301,1.2,1.1
10,2026-05-15T20:18:16+00:00,2026-06-13,group,Brazil,Morocco,three_way,0.6409999999999999,0.252,0.106,1.8,0.6
10,2026-05-15T20:18:16+00:00,2026-06-13,group,Scotland,Haiti,three_way,0.628,0.23199999999999998,0.14,2.0,0.8
10,2026-05-15T20:18:16+00:00,2026-06-13,group,Switzerland,Qatar,three_way,0.8490000000000001,0.121,0.031,3.1,0.4
10,2026-05-15T20:18:16+00:00,2026-06-14,group,Ecuador,Ivory Coast,three_way,0.5920000000000001,0.266,0.141,1.7,0.7
10,2026-05-15T20:18:16+00:00,2026-06-14,group,Sweden,Tunisia,three_way,0.546,0.267,0.187,1.7,0.9
10,2026-05-15T20:18:16+00:00,2026-06-14,group,Netherlands,Japan,three_way,0.456,0.273,0.271,1.6,1.2
10,2026-05-15T20:18:16+00:00,2026-06-14,group,Turkey,Australia,three_way,0.591,0.247,0.162,1.9,0.9
10,2026-05-15T20:18:16+00:00,2026-06-14,group,Germany,Curaçao,three_way,0.9,0.083,0.017,3.7,0.4
10,2026-05-15T20:18:16+00:00,2026-06-15,group,Uruguay,Saudi Arabia,three_way,0.754,0.192,0.054000000000000006,2.2,0.4
10,2026-05-15T20:18:16+00:00,2026-06-15,group,Belgium,Egypt,three_way,0.624,0.235,0.141,2.0,0.8
10,2026-05-15T20:18:16+00:00,2026-06-15,group,Iran,New Zealand,three_way,0.513,0.28600000000000003,0.201,1.6,0.9
10,2026-05-15T20:18:16+00:00,2026-06-15,group,Spain,Cape Verde,three_way,0.898,0.09,0.012,3.4,0.2
10,2026-05-15T20:18:16+00:00,2026-06-16,group,France,Senegal,three_way,0.588,0.27,0.14300000000000002,1.7,0.7
10,2026-05-15T20:18:16+00:00,2026-06-16,group,Norway,Iraq,three_way,0.818,0.14300000000000002,0.039,2.8,0.4
10,2026-05-15T20:18:16+00:00,2026-06-16,group,Argentina,Algeria,three_way,0.812,0.14800000000000002,0.04,2.7,0.4
10,2026-05-15T20:18:16+00:00,2026-06-17,group,Colombia,Uzbekistan,three_way,0.777,0.174,0.049,2.4,0.4
10,2026-05-15T20:18:16+00:00,2026-06-17,group,Portugal,DR Congo,three_way,0.733,0.193,0.07400000000000001,2.3,0.6
10,2026-05-15T20:18:16+00:00,2026-06-17,group,Austria,Jordan,three_way,0.665,0.218,0.11699999999999999,2.2,0.8
10,2026-05-15T20:18:16+00:00,2026-06-17,group,England,Croatia,three_way,0.63,0.242,0.128,1.9,0.7
10,2026-05-15T20:18:16+00:00,2026-06-17,group,Panama,Ghana,three_way,0.491,0.287,0.222,1.5,0.9
10,2026-05-15T20:18:16+00:00,2026-06-18,group,Switzerland,Bosnia and Herzegovina,three_way,0.67,0.214,0.11599999999999999,2.2,0.8
10,2026-05-15T20:18:16+00:00,2026-06-18,group,Czech Republic,South Africa,three_way,0.511,0.282,0.20600000000000002,1.6,0.9
10,2026-05-15T20:18:16+00:00,2026-06-18,group,Canada,Qatar,three_way,0.8240000000000001,0.142,0.034,2.7,0.4
10,2026-05-15T20:18:16+00:00,2026-06-18,group,Mexico,South Korea,three_way,0.653,0.253,0.094,1.8,0.5
10,2026-05-15T20:18:16+00:00,2026-06-19,group,Morocco,Scotland,three_way,0.375,0.331,0.294,1.1,1.0
10,2026-05-15T20:18:16+00:00,2026-06-19,group,Turkey,Paraguay,three_way,0.436,0.28600000000000003,0.278,1.5,1.1
10,2026-05-15T20:18:16+00:00,2026-06-19,group,Brazil,Haiti,three_way,0.8740000000000001,0.10400000000000001,0.022000000000000002,3.3,0.4
10,2026-05-15T20:18:16+00:00,2026-06-19,group,United States,Australia,three_way,0.518,0.285,0.19699999999999998,1.6,0.9
10,2026-05-15T20:18:16+00:00,2026-06-20,group,Germany,Ivory Coast,three_way,0.737,0.17800000000000002,0.085,2.6,0.8
10,2026-05-15T20:18:16+00:00,2026-06-20,group,Ecuador,Curaçao,three_way,0.8190000000000001,0.146,0.034,2.7,0.4
10,2026-05-15T20:18:16+00:00,2026-06-20,group,Netherlands,Sweden,three_way,0.642,0.22,0.13699999999999998,2.2,0.9
10,2026-05-15T20:18:16+00:00,2026-06-21,group,Belgium,Iran,three_way,0.637,0.23399999999999999,0.129,2.0,0.8
10,2026-05-15T20:18:16+00:00,2026-06-21,group,Uruguay,Cape Verde,three_way,0.768,0.184,0.048,2.3,0.4
10,2026-05-15T20:18:16+00:00,2026-06-21,group,Japan,Tunisia,three_way,0.695,0.215,0.09,2.1,0.6
10,2026-05-15T20:18:16+00:00,2026-06-21,group,Egypt,New Zealand,three_way,0.546,0.272,0.182,1.7,0.9
10,2026-05-15T20:18:16+00:00,2026-06-21,group,Spain,Saudi Arabia,three_way,0.8909999999999999,0.095,0.013999999999999999,3.3,0.3
10,2026-05-15T20:18:16+00:00,2026-06-22,group,Norway,Senegal,three_way,0.47200000000000003,0.28800000000000003,0.24,1.5,1.0
10,2026-05-15T20:18:16+00:00,2026-06-22,group,Argentina,Austria,three_way,0.772,0.168,0.059000000000000004,2.6,0.5
10,2026-05-15T20:18:16+00:00,2026-06-22,group,Algeria,Jordan,three_way,0.575,0.256,0.16899999999999998,1.8,0.9
10,2026-05-15T20:18:16+00:00,2026-06-22,group,France,Iraq,three_way,0.865,0.114,0.02,3.0,0.3
10,2026-05-15T20:18:16+00:00,2026-06-23,group,Croatia,Panama,three_way,0.5489999999999999,0.267,0.184,1.7,0.9
10,2026-05-15T20:18:16+00:00,2026-06-23,group,England,Ghana,three_way,0.845,0.129,0.026000000000000002,2.9,0.3
10,2026-05-15T20:18:16+00:00,2026-06-23,group,Portugal,Uzbekistan,three_way,0.784,0.16399999999999998,0.052000000000000005,2.6,0.5
10,2026-05-15T20:18:16+00:00,2026-06-23,group,Colombia,DR Congo,three_way,0.726,0.205,0.069,2.2,0.5
10,2026-05-15T20:18:16+00:00,2026-06-24,group,Morocco,Haiti,three_way,0.638,0.243,0.11800000000000001,1.9,0.7
10,2026-05-15T20:18:16+00:00,2026-06-24,group,Brazil,Scotland,three_way,0.713,0.204,0.083,2.2,0.6
10,2026-05-15T20:18:16+00:00,2026-06-24,group,Bosnia and Herzegovina,Qatar,three_way,0.65,0.22,0.13,2.2,0.8
10,2026-05-15T20:18:16+00:00,2026-06-24,group,South Korea,South Africa,three_way,0.502,0.302,0.196,1.4,0.8
10,2026-05-15T20:18:16+00:00,2026-06-24,group,Mexico,Czech Republic,three_way,0.6970000000000001,0.22,0.083,2.0,0.5
10,2026-05-15T20:18:16+00:00,2026-06-24,group,Canada,Switzerland,three_way,0.349,0.307,0.344,1.2,1.2
10,2026-05-15T20:18:16+00:00,2026-06-25,group,Japan,Sweden,three_way,0.545,0.255,0.2,1.8,1.0
10,2026-05-15T20:18:16+00:00,2026-06-25,group,Netherlands,Tunisia,three_way,0.765,0.17600000000000002,0.06,2.5,0.5
10,2026-05-15T20:18:16+00:00,2026-06-25,group,Paraguay,Australia,three_way,0.47600000000000003,0.303,0.221,1.4,0.9
10,2026-05-15T20:18:16+00:00,2026-06-25,group,United States,Turkey,three_way,0.321,0.282,0.396,1.3,1.5
10,2026-05-15T20:18:16+00:00,2026-06-25,group,Ivory Coast,Curaçao,three_way,0.66,0.228,0.113,2.0,0.7
10,2026-05-15T20:18:16+00:00,2026-06-25,group,Germany,Ecuador,three_way,0.466,0.268,0.266,1.7,1.2
10,2026-05-15T20:18:16+00:00,2026-06-26,group,Egypt,Iran,three_way,0.363,0.313,0.324,1.2,1.1
10,2026-05-15T20:18:16+00:00,2026-06-26,group,Spain,Uruguay,three_way,0.597,0.254,0.15,1.8,0.8
10,2026-05-15T20:18:16+00:00,2026-06-26,group,Belgium,New Zealand,three_way,0.7829999999999999,0.161,0.055999999999999994,2.6,0.6
10,2026-05-15T20:18:16+00:00,2026-06-26,group,France,Norway,three_way,0.516,0.263,0.221,1.8,1.1
10,2026-05-15T20:18:16+00:00,2026-06-26,group,Senegal,Iraq,three_way,0.6970000000000001,0.226,0.076,2.0,0.5
10,2026-05-15T20:18:16+00:00,2026-06-26,group,Saudi Arabia,Cape Verde,three_way,0.358,0.335,0.307,1.1,1.0
10,2026-05-15T20:18:16+00:00,2026-06-27,group,Portugal,Colombia,three_way,0.331,0.309,0.359,1.2,1.2
10,2026-05-15T20:18:16+00:00,2026-06-27,group,DR Congo,Uzbekistan,three_way,0.42200000000000004,0.29600000000000004,0.282,1.4,1.1
10,2026-05-15T20:18:16+00:00,2026-06-27,group,Croatia,Ghana,three_way,0.6779999999999999,0.221,0.1,2.1,0.6
10,2026-05-15T20:18:16+00:00,2026-06-27,group,Austria,Algeria,three_way,0.456,0.26899999999999996,0.27399999999999997,1.7,1.2
10,2026-05-15T20:18:16+00:00,2026-06-27,group,England,Panama,three_way,0.772,0.174,0.054000000000000006,2.4,0.5
10,2026-05-15T20:18:16+00:00,2026-06-27,group,Argentina,Jordan,three_way,0.8909999999999999,0.095,0.013999999999999999,3.3,0.3
11,2026-05-15T21:34:50+00:00,2026-06-11,group,South Korea,Czech Republic,three_way,0.36700000000000005,0.3,0.33299999999999996,1.3,1.2
11,2026-05-15T21:34:50+00:00,2026-06-11,group,Mexico,South Africa,three_way,0.7659999999999999,0.18899999999999997,0.044000000000000004,2.2,0.3
11,2026-05-15T21:34:50+00:00,2026-06-12,group,Canada,Bosnia and Herzegovina,three_way,0.642,0.239,0.11900000000000001,1.9,0.7
11,2026-05-15T21:34:50+00:00,2026-06-12,group,United States,Paraguay,three_way,0.39399999999999996,0.311,0.294,1.3,1.0
11,2026-05-15T21:34:50+00:00,2026-06-13,group,Brazil,Morocco,three_way,0.608,0.265,0.127,1.7,0.6
11,2026-05-15T21:34:50+00:00,2026-06-13,group,Switzerland,Qatar,three_way,0.848,0.121,0.031,3.1,0.4
11,2026-05-15T21:34:50+00:00,2026-06-13,group,Scotland,Haiti,three_way,0.63,0.231,0.138,2.1,0.8
11,2026-05-15T21:34:50+00:00,2026-06-14,group,Turkey,Australia,three_way,0.594,0.24600000000000002,0.16,1.9,0.9
11,2026-05-15T21:34:50+00:00,2026-06-14,group,Netherlands,Japan,three_way,0.46299999999999997,0.272,0.265,1.6,1.2
11,2026-05-15T21:34:50+00:00,2026-06-14,group,Ecuador,Ivory Coast,three_way,0.581,0.271,0.149,1.7,0.7
11,2026-05-15T21:34:50+00:00,2026-06-14,group,Germany,Curaçao,three_way,0.902,0.08199999999999999,0.016,3.7,0.4
11,2026-05-15T21:34:50+00:00,2026-06-14,group,Sweden,Tunisia,three_way,0.552,0.265,0.182,1.7,0.9
11,2026-05-15T21:34:50+00:00,2026-06-15,group,Spain,Cape Verde,three_way,0.9,0.08800000000000001,0.012,3.4,0.2
11,2026-05-15T21:34:50+00:00,2026-06-15,group,Belgium,Egypt,three_way,0.63,0.233,0.136,2.0,0.8
11,2026-05-15T21:34:50+00:00,2026-06-15,group,Uruguay,Saudi Arabia,three_way,0.738,0.201,0.061,2.2,0.4
11,2026-05-15T21:34:50+00:00,2026-06-15,group,Iran,New Zealand,three_way,0.509,0.287,0.204,1.5,0.9
11,2026-05-15T21:34:50+00:00,2026-06-16,group,Argentina,Algeria,three_way,0.79,0.161,0.049,2.6,0.5
11,2026-05-15T21:34:50+00:00,2026-06-16,group,Norway,Iraq,three_way,0.821,0.141,0.038,2.8,0.4
11,2026-05-15T21:34:50+00:00,2026-06-16,group,France,Senegal,three_way,0.593,0.268,0.139,1.7,0.7
11,2026-05-15T21:34:50+00:00,2026-06-17,group,England,Croatia,three_way,0.634,0.24100000000000002,0.125,1.9,0.7
11,2026-05-15T21:34:50+00:00,2026-06-17,group,Austria,Jordan,three_way,0.669,0.21600000000000003,0.115,2.2,0.8
11,2026-05-15T21:34:50+00:00,2026-06-17,group,Colombia,Uzbekistan,three_way,0.7609999999999999,0.184,0.055999999999999994,2.3,0.5
11,2026-05-15T21:34:50+00:00,2026-06-17,group,Portugal,DR Congo,three_way,0.7390000000000001,0.19,0.071,2.3,0.6
11,2026-05-15T21:34:50+00:00,2026-06-17,group,Panama,Ghana,three_way,0.494,0.28600000000000003,0.22,1.5,0.9
11,2026-05-15T21:34:50+00:00,2026-06-18,group,Czech Republic,South Africa,three_way,0.517,0.281,0.20199999999999999,1.6,0.9
11,2026-05-15T21:34:50+00:00,2026-06-18,group,Canada,Qatar,three_way,0.821,0.14400000000000002,0.035,2.7,0.4
11,2026-05-15T21:34:50+00:00,2026-06-18,group,Switzerland,Bosnia and Herzegovina,three_way,0.6729999999999999,0.213,0.114,2.2,0.8
11,2026-05-15T21:34:50+00:00,2026-06-18,group,Mexico,South Korea,three_way,0.652,0.253,0.094,1.8,0.5
11,2026-05-15T21:34:50+00:00,2026-06-19,group,United States,Australia,three_way,0.518,0.285,0.19699999999999998,1.6,0.9
11,2026-05-15T21:34:50+00:00,2026-06-19,group,Turkey,Paraguay,three_way,0.449,0.284,0.267,1.5,1.1
11,2026-05-15T21:34:50+00:00,2026-06-19,group,Brazil,Haiti,three_way,0.8590000000000001,0.114,0.027000000000000003,3.2,0.4
11,2026-05-15T21:34:50+00:00,2026-06-19,group,Morocco,Scotland,three_way,0.374,0.331,0.295,1.1,1.0
11,2026-05-15T21:34:50+00:00,2026-06-20,group,Germany,Ivory Coast,three_way,0.742,0.175,0.08199999999999999,2.6,0.7
11,2026-05-15T21:34:50+00:00,2026-06-20,group,Netherlands,Sweden,three_way,0.644,0.22,0.136,2.2,0.9
11,2026-05-15T21:34:50+00:00,2026-06-20,group,Ecuador,Curaçao,three_way,0.813,0.15,0.037000000000000005,2.6,0.4
11,2026-05-15T21:34:50+00:00,2026-06-21,group,Uruguay,Cape Verde,three_way,0.7559999999999999,0.191,0.053,2.2,0.4
11,2026-05-15T21:34:50+00:00,2026-06-21,group,Belgium,Iran,three_way,0.6409999999999999,0.23199999999999998,0.127,2.0,0.8
11,2026-05-15T21:34:50+00:00,2026-06-21,group,Egypt,New Zealand,three_way,0.54,0.27399999999999997,0.18600000000000003,1.7,0.9
11,2026-05-15T21:34:50+00:00,2026-06-21,group,Japan,Tunisia,three_way,0.696,0.215,0.08900000000000001,2.1,0.6
11,2026-05-15T21:34:50+00:00,2026-06-21,group,Spain,Saudi Arabia,three_way,0.892,0.094,0.013999999999999999,3.3,0.3
11,2026-05-15T21:34:50+00:00,2026-06-22,group,France,Iraq,three_way,0.868,0.113,0.02,3.1,0.3
11,2026-05-15T21:34:50+00:00,2026-06-22,group,Algeria,Jordan,three_way,0.574,0.256,0.17,1.8,0.9
11,2026-05-15T21:34:50+00:00,2026-06-22,group,Argentina,Austria,three_way,0.743,0.183,0.07400000000000001,2.4,0.6
11,2026-05-15T21:34:50+00:00,2026-06-22,group,Norway,Senegal,three_way,0.47700000000000004,0.287,0.23600000000000002,1.5,1.0
11,2026-05-15T21:34:50+00:00,2026-06-23,group,Croatia,Panama,three_way,0.551,0.266,0.183,1.7,0.9
11,2026-05-15T21:34:50+00:00,2026-06-23,group,Portugal,Uzbekistan,three_way,0.7879999999999999,0.162,0.05,2.6,0.5
11,2026-05-15T21:34:50+00:00,2026-06-23,group,England,Ghana,three_way,0.848,0.127,0.025,2.9,0.3
11,2026-05-15T21:34:50+00:00,2026-06-23,group,Colombia,DR Congo,three_way,0.7070000000000001,0.215,0.078,2.1,0.5
11,2026-05-15T21:34:50+00:00,2026-06-24,group,Bosnia and Herzegovina,Qatar,three_way,0.6459999999999999,0.221,0.133,2.2,0.9
11,2026-05-15T21:34:50+00:00,2026-06-24,group,Mexico,Czech Republic,three_way,0.696,0.221,0.084,2.0,0.5
11,2026-05-15T21:34:50+00:00,2026-06-24,group,South Korea,South Africa,three_way,0.506,0.301,0.193,1.4,0.8
11,2026-05-15T21:34:50+00:00,2026-06-24,group,Brazil,Scotland,three_way,0.68,0.218,0.102,2.1,0.7
11,2026-05-15T21:34:50+00:00,2026-06-24,group,Canada,Switzerland,three_way,0.34600000000000003,0.307,0.34700000000000003,1.2,1.2
11,2026-05-15T21:34:50+00:00,2026-06-24,group,Morocco,Haiti,three_way,0.639,0.243,0.11800000000000001,1.9,0.7
11,2026-05-15T21:34:50+00:00,2026-06-25,group,United States,Turkey,three_way,0.318,0.282,0.4,1.3,1.5
11,2026-05-15T21:34:50+00:00,2026-06-25,group,Japan,Sweden,three_way,0.54,0.256,0.204,1.8,1.0
11,2026-05-15T21:34:50+00:00,2026-06-25,group,Paraguay,Australia,three_way,0.46799999999999997,0.305,0.22699999999999998,1.4,0.9
11,2026-05-15T21:34:50+00:00,2026-06-25,group,Ivory Coast,Curaçao,three_way,0.6609999999999999,0.22699999999999998,0.11199999999999999,2.0,0.7
11,2026-05-15T21:34:50+00:00,2026-06-25,group,Netherlands,Tunisia,three_way,0.769,0.17300000000000001,0.057,2.5,0.5
11,2026-05-15T21:34:50+00:00,2026-06-25,group,Germany,Ecuador,three_way,0.489,0.264,0.247,1.7,1.2
11,2026-05-15T21:34:50+00:00,2026-06-26,group,Egypt,Iran,three_way,0.36,0.313,0.326,1.2,1.1
11,2026-05-15T21:34:50+00:00,2026-06-26,group,Senegal,Iraq,three_way,0.698,0.226,0.076,2.0,0.5
11,2026-05-15T21:34:50+00:00,2026-06-26,group,France,Norway,three_way,0.517,0.263,0.22,1.8,1.1
11,2026-05-15T21:34:50+00:00,2026-06-26,group,Saudi Arabia,Cape Verde,three_way,0.363,0.335,0.302,1.1,1.0
11,2026-05-15T21:34:50+00:00,2026-06-26,group,Spain,Uruguay,three_way,0.626,0.243,0.131,1.9,0.7
11,2026-05-15T21:34:50+00:00,2026-06-26,group,Belgium,New Zealand,three_way,0.7829999999999999,0.161,0.055999999999999994,2.6,0.6
11,2026-05-15T21:34:50+00:00,2026-06-27,group,Portugal,Colombia,three_way,0.366,0.309,0.325,1.2,1.1
11,2026-05-15T21:34:50+00:00,2026-06-27,group,Croatia,Ghana,three_way,0.682,0.22,0.098,2.1,0.6
11,2026-05-15T21:34:50+00:00,2026-06-27,group,DR Congo,Uzbekistan,three_way,0.42100000000000004,0.29600000000000004,0.28300000000000003,1.4,1.1
11,2026-05-15T21:34:50+00:00,2026-06-27,group,England,Panama,three_way,0.7759999999999999,0.172,0.052000000000000005,2.5,0.5
11,2026-05-15T21:34:50+00:00,2026-06-27,group,Argentina,Jordan,three_way,0.878,0.10400000000000001,0.017,3.2,0.3
11,2026-05-15T21:34:50+00:00,2026-06-27,group,Austria,Algeria,three_way,0.461,0.26899999999999996,0.27,1.7,1.2
12,2026-05-17T23:46:11+00:00,2026-06-11,group,Mexico,South Africa,three_way,0.716,0.22,0.064,2.0,0.4
12,2026-05-17T23:46:11+00:00,2026-06-11,group,Czech Republic,South Korea,three_way,0.40399999999999997,0.29600000000000004,0.3,1.4,1.1
12,2026-05-17T23:46:11+00:00,2026-06-12,group,Canada,Bosnia and Herzegovina,three_way,0.632,0.243,0.126,1.9,0.7
12,2026-05-17T23:46:11+00:00,2026-06-12,group,United States,Paraguay,three_way,0.41200000000000003,0.31,0.27699999999999997,1.3,1.0
12,2026-05-17T23:46:11+00:00,2026-06-13,group,Scotland,Haiti,three_way,0.6659999999999999,0.217,0.11699999999999999,2.2,0.8
12,2026-05-17T23:46:11+00:00,2026-06-13,group,Switzerland,Qatar,three_way,0.871,0.106,0.023,3.3,0.4
12,2026-05-17T23:46:11+00:00,2026-06-13,group,Brazil,Morocco,three_way,0.5660000000000001,0.281,0.153,1.6,0.7
12,2026-05-17T23:46:11+00:00,2026-06-14,group,Netherlands,Japan,three_way,0.539,0.255,0.20600000000000002,1.8,1.1
12,2026-05-17T23:46:11+00:00,2026-06-14,group,Sweden,Tunisia,three_way,0.535,0.27,0.195,1.7,0.9
12,2026-05-17T23:46:11+00:00,2026-06-14,group,Turkey,Australia,three_way,0.654,0.223,0.12300000000000001,2.1,0.8
12,2026-05-17T23:46:11+00:00,2026-06-14,group,Ecuador,Ivory Coast,three_way,0.532,0.28600000000000003,0.182,1.6,0.8
12,2026-05-17T23:46:11+00:00,2026-06-14,group,Germany,Curaçao,three_way,0.9109999999999999,0.075,0.013999999999999999,3.9,0.3
12,2026-05-17T23:46:11+00:00,2026-06-15,group,Uruguay,Saudi Arabia,three_way,0.733,0.203,0.064,2.2,0.5
12,2026-05-17T23:46:11+00:00,2026-06-15,group,Belgium,Egypt,three_way,0.616,0.23800000000000002,0.146,2.0,0.8
12,2026-05-17T23:46:11+00:00,2026-06-15,group,Iran,New Zealand,three_way,0.552,0.272,0.17600000000000002,1.7,0.8
12,2026-05-17T23:46:11+00:00,2026-06-15,group,Spain,Cape Verde,three_way,0.9,0.08800000000000001,0.012,3.4,0.2
12,2026-05-17T23:46:11+00:00,2026-06-16,group,France,Senegal,three_way,0.581,0.272,0.147,1.7,0.7
12,2026-05-17T23:46:11+00:00,2026-06-16,group,Argentina,Algeria,three_way,0.768,0.17300000000000001,0.059000000000000004,2.5,0.5
12,2026-05-17T23:46:11+00:00,2026-06-16,group,Norway,Iraq,three_way,0.8240000000000001,0.138,0.037000000000000005,2.8,0.4
12,2026-05-17T23:46:11+00:00,2026-06-17,group,Portugal,DR Congo,three_way,0.737,0.191,0.073,2.3,0.6
12,2026-05-17T23:46:11+00:00,2026-06-17,group,Austria,Jordan,three_way,0.6759999999999999,0.213,0.111,2.2,0.8
12,2026-05-17T23:46:11+00:00,2026-06-17,group,Panama,Ghana,three_way,0.444,0.295,0.261,1.4,1.0
12,2026-05-17T23:46:11+00:00,2026-06-17,group,England,Croatia,three_way,0.624,0.244,0.132,1.9,0.7
12,2026-05-17T23:46:11+00:00,2026-06-17,group,Colombia,Uzbekistan,three_way,0.735,0.198,0.067,2.2,0.5
12,2026-05-17T23:46:11+00:00,2026-06-18,group,Czech Republic,South Africa,three_way,0.491,0.28600000000000003,0.223,1.5,0.9
12,2026-05-17T23:46:11+00:00,2026-06-18,group,Switzerland,Bosnia and Herzegovina,three_way,0.68,0.21,0.11,2.2,0.8
12,2026-05-17T23:46:11+00:00,2026-06-18,group,Canada,Qatar,three_way,0.8370000000000001,0.133,0.03,2.8,0.4
12,2026-05-17T23:46:11+00:00,2026-06-18,group,Mexico,South Korea,three_way,0.667,0.244,0.08900000000000001,1.8,0.5
12,2026-05-17T23:46:11+00:00,2026-06-19,group,Brazil,Haiti,three_way,0.856,0.11599999999999999,0.027999999999999997,3.1,0.4
12,2026-05-17T23:46:11+00:00,2026-06-19,group,Morocco,Scotland,three_way,0.374,0.331,0.29600000000000004,1.1,1.0
12,2026-05-17T23:46:11+00:00,2026-06-19,group,Turkey,Paraguay,three_way,0.505,0.273,0.222,1.7,1.0
12,2026-05-17T23:46:11+00:00,2026-06-19,group,United States,Australia,three_way,0.546,0.27699999999999997,0.177,1.6,0.8
12,2026-05-17T23:46:11+00:00,2026-06-20,group,Ecuador,Curaçao,three_way,0.8,0.158,0.042,2.6,0.4
12,2026-05-17T23:46:11+00:00,2026-06-20,group,Netherlands,Sweden,three_way,0.6459999999999999,0.21899999999999997,0.135,2.2,0.9
12,2026-05-17T23:46:11+00:00,2026-06-20,group,Germany,Ivory Coast,three_way,0.746,0.17300000000000001,0.081,2.6,0.7
12,2026-05-17T23:46:11+00:00,2026-06-21,group,Uruguay,Cape Verde,three_way,0.721,0.21100000000000002,0.068,2.1,0.5
12,2026-05-17T23:46:11+00:00,2026-06-21,group,Spain,Saudi Arabia,three_way,0.905,0.084,0.011000000000000001,3.5,0.2
12,2026-05-17T23:46:11+00:00,2026-06-21,group,Belgium,Iran,three_way,0.6759999999999999,0.217,0.107,2.1,0.7
12,2026-05-17T23:46:11+00:00,2026-06-21,group,Japan,Tunisia,three_way,0.63,0.242,0.128,1.9,0.7
12,2026-05-17T23:46:11+00:00,2026-06-21,group,Egypt,New Zealand,three_way,0.629,0.242,0.129,1.9,0.7
12,2026-05-17T23:46:11+00:00,2026-06-22,group,France,Iraq,three_way,0.87,0.111,0.019,3.1,0.3
12,2026-05-17T23:46:11+00:00,2026-06-22,group,Argentina,Austria,three_way,0.716,0.19699999999999998,0.087,2.3,0.7
12,2026-05-17T23:46:11+00:00,2026-06-22,group,Algeria,Jordan,three_way,0.584,0.252,0.16399999999999998,1.9,0.9
12,2026-05-17T23:46:11+00:00,2026-06-22,group,Norway,Senegal,three_way,0.466,0.289,0.245,1.5,1.0
12,2026-05-17T23:46:11+00:00,2026-06-23,group,Croatia,Panama,three_way,0.616,0.245,0.14,1.9,0.8
12,2026-05-17T23:46:11+00:00,2026-06-23,group,England,Ghana,three_way,0.852,0.12300000000000001,0.024,2.9,0.3
12,2026-05-17T23:46:11+00:00,2026-06-23,group,Colombia,DR Congo,three_way,0.6759999999999999,0.23,0.094,2.0,0.6
12,2026-05-17T23:46:11+00:00,2026-06-23,group,Portugal,Uzbekistan,three_way,0.787,0.162,0.051,2.6,0.5
12,2026-05-17T23:46:11+00:00,2026-06-24,group,Morocco,Haiti,three_way,0.6709999999999999,0.228,0.1,2.0,0.6
12,2026-05-17T23:46:11+00:00,2026-06-24,group,Mexico,Czech Republic,three_way,0.652,0.24100000000000002,0.107,1.9,0.6
12,2026-05-17T23:46:11+00:00,2026-06-24,group,South Korea,South Africa,three_way,0.415,0.317,0.268,1.3,1.0
12,2026-05-17T23:46:11+00:00,2026-06-24,group,Bosnia and Herzegovina,Qatar,three_way,0.6859999999999999,0.205,0.109,2.3,0.8
12,2026-05-17T23:46:11+00:00,2026-06-24,group,Brazil,Scotland,three_way,0.64,0.235,0.125,2.0,0.7
12,2026-05-17T23:46:11+00:00,2026-06-24,group,Canada,Switzerland,three_way,0.326,0.306,0.36700000000000005,1.2,1.2
12,2026-05-17T23:46:11+00:00,2026-06-25,group,Paraguay,Australia,three_way,0.479,0.3,0.221,1.4,0.9
12,2026-05-17T23:46:11+00:00,2026-06-25,group,Netherlands,Tunisia,three_way,0.76,0.17800000000000002,0.062,2.4,0.5
12,2026-05-17T23:46:11+00:00,2026-06-25,group,United States,Turkey,three_way,0.284,0.28,0.436,1.2,1.5
12,2026-05-17T23:46:11+00:00,2026-06-25,group,Ivory Coast,Curaçao,three_way,0.682,0.217,0.10099999999999999,2.1,0.7
12,2026-05-17T23:46:11+00:00,2026-06-25,group,Germany,Ecuador,three_way,0.55,0.25,0.19899999999999998,1.9,1.1
12,2026-05-17T23:46:11+00:00,2026-06-25,group,Japan,Sweden,three_way,0.47,0.26899999999999996,0.261,1.7,1.2
12,2026-05-17T23:46:11+00:00,2026-06-26,group,Senegal,Iraq,three_way,0.7120000000000001,0.218,0.071,2.0,0.5
12,2026-05-17T23:46:11+00:00,2026-06-26,group,Belgium,New Zealand,three_way,0.8290000000000001,0.133,0.038,2.9,0.5
12,2026-05-17T23:46:11+00:00,2026-06-26,group,Egypt,Iran,three_way,0.414,0.308,0.27899999999999997,1.3,1.0
12,2026-05-17T23:46:11+00:00,2026-06-26,group,Spain,Uruguay,three_way,0.67,0.22399999999999998,0.106,2.1,0.7
12,2026-05-17T23:46:11+00:00,2026-06-26,group,France,Norway,three_way,0.514,0.264,0.223,1.8,1.1
12,2026-05-17T23:46:11+00:00,2026-06-26,group,Saudi Arabia,Cape Verde,three_way,0.32299999999999995,0.33399999999999996,0.34299999999999997,1.0,1.1
12,2026-05-17T23:46:11+00:00,2026-06-27,group,Argentina,Jordan,three_way,0.8690000000000001,0.111,0.02,3.1,0.3
12,2026-05-17T23:46:11+00:00,2026-06-27,group,DR Congo,Uzbekistan,three_way,0.42200000000000004,0.295,0.282,1.4,1.1
12,2026-05-17T23:46:11+00:00,2026-06-27,group,Portugal,Colombia,three_way,0.40399999999999997,0.306,0.29,1.3,1.1
12,2026-05-17T23:46:11+00:00,2026-06-27,group,Croatia,Ghana,three_way,0.698,0.212,0.09,2.2,0.6
12,2026-05-17T23:46:11+00:00,2026-06-27,group,England,Panama,three_way,0.8079999999999999,0.152,0.04,2.6,0.4
12,2026-05-17T23:46:11+00:00,2026-06-27,group,Austria,Algeria,three_way,0.461,0.268,0.271,1.7,1.2
13,2026-05-18T01:29:05+00:00,2026-06-11,group,Czech Republic,South Korea,three_way,0.40399999999999997,0.29600000000000004,0.3,1.4,1.1
13,2026-05-18T01:29:05+00:00,2026-06-11,group,Mexico,South Africa,three_way,0.716,0.22,0.064,2.0,0.4
13,2026-05-18T01:29:05+00:00,2026-06-12,group,United States,Paraguay,three_way,0.41200000000000003,0.31,0.27699999999999997,1.3,1.0
13,2026-05-18T01:29:05+00:00,2026-06-12,group,Canada,Bosnia and Herzegovina,three_way,0.632,0.243,0.126,1.9,0.7
13,2026-05-18T01:29:05+00:00,2026-06-13,group,Switzerland,Qatar,three_way,0.871,0.106,0.023,3.3,0.4
13,2026-05-18T01:29:05+00:00,2026-06-13,group,Brazil,Morocco,three_way,0.5660000000000001,0.281,0.153,1.6,0.7
13,2026-05-18T01:29:05+00:00,2026-06-13,group,Scotland,Haiti,three_way,0.6659999999999999,0.217,0.11699999999999999,2.2,0.8
13,2026-05-18T01:29:05+00:00,2026-06-14,group,Ecuador,Ivory Coast,three_way,0.532,0.28600000000000003,0.182,1.6,0.8
13,2026-05-18T01:29:05+00:00,2026-06-14,group,Netherlands,Japan,three_way,0.539,0.255,0.20600000000000002,1.8,1.1
13,2026-05-18T01:29:05+00:00,2026-06-14,group,Sweden,Tunisia,three_way,0.535,0.27,0.195,1.7,0.9
13,2026-05-18T01:29:05+00:00,2026-06-14,group,Turkey,Australia,three_way,0.654,0.223,0.12300000000000001,2.1,0.8
13,2026-05-18T01:29:05+00:00,2026-06-14,group,Germany,Curaçao,three_way,0.9109999999999999,0.075,0.013999999999999999,3.9,0.3
13,2026-05-18T01:29:05+00:00,2026-06-15,group,Spain,Cape Verde,three_way,0.9,0.08800000000000001,0.012,3.4,0.2
13,2026-05-18T01:29:05+00:00,2026-06-15,group,Iran,New Zealand,three_way,0.552,0.272,0.17600000000000002,1.7,0.8
13,2026-05-18T01:29:05+00:00,2026-06-15,group,Uruguay,Saudi Arabia,three_way,0.733,0.203,0.064,2.2,0.5
13,2026-05-18T01:29:05+00:00,2026-06-15,group,Belgium,Egypt,three_way,0.616,0.23800000000000002,0.146,2.0,0.8
13,2026-05-18T01:29:05+00:00,2026-06-16,group,Argentina,Algeria,three_way,0.768,0.17300000000000001,0.059000000000000004,2.5,0.5
13,2026-05-18T01:29:05+00:00,2026-06-16,group,Norway,Iraq,three_way,0.8240000000000001,0.138,0.037000000000000005,2.8,0.4
13,2026-05-18T01:29:05+00:00,2026-06-16,group,France,Senegal,three_way,0.581,0.272,0.147,1.7,0.7
13,2026-05-18T01:29:05+00:00,2026-06-17,group,Portugal,DR Congo,three_way,0.737,0.191,0.073,2.3,0.6
13,2026-05-18T01:29:05+00:00,2026-06-17,group,Colombia,Uzbekistan,three_way,0.735,0.198,0.067,2.2,0.5
13,2026-05-18T01:29:05+00:00,2026-06-17,group,Panama,Ghana,three_way,0.444,0.295,0.261,1.4,1.0
13,2026-05-18T01:29:05+00:00,2026-06-17,group,England,Croatia,three_way,0.624,0.244,0.132,1.9,0.7
13,2026-05-18T01:29:05+00:00,2026-06-17,group,Austria,Jordan,three_way,0.6759999999999999,0.213,0.111,2.2,0.8
13,2026-05-18T01:29:05+00:00,2026-06-18,group,Canada,Qatar,three_way,0.8370000000000001,0.133,0.03,2.8,0.4
13,2026-05-18T01:29:05+00:00,2026-06-18,group,Czech Republic,South Africa,three_way,0.491,0.28600000000000003,0.223,1.5,0.9
13,2026-05-18T01:29:05+00:00,2026-06-18,group,Switzerland,Bosnia and Herzegovina,three_way,0.68,0.21,0.11,2.2,0.8
13,2026-05-18T01:29:05+00:00,2026-06-18,group,Mexico,South Korea,three_way,0.667,0.244,0.08900000000000001,1.8,0.5
13,2026-05-18T01:29:05+00:00,2026-06-19,group,Turkey,Paraguay,three_way,0.505,0.273,0.222,1.7,1.0
13,2026-05-18T01:29:05+00:00,2026-06-19,group,Brazil,Haiti,three_way,0.856,0.11599999999999999,0.027999999999999997,3.1,0.4
13,2026-05-18T01:29:05+00:00,2026-06-19,group,United States,Australia,three_way,0.546,0.27699999999999997,0.177,1.6,0.8
13,2026-05-18T01:29:05+00:00,2026-06-19,group,Morocco,Scotland,three_way,0.374,0.331,0.29600000000000004,1.1,1.0
13,2026-05-18T01:29:05+00:00,2026-06-20,group,Netherlands,Sweden,three_way,0.6459999999999999,0.21899999999999997,0.135,2.2,0.9
13,2026-05-18T01:29:05+00:00,2026-06-20,group,Germany,Ivory Coast,three_way,0.746,0.17300000000000001,0.081,2.6,0.7
13,2026-05-18T01:29:05+00:00,2026-06-20,group,Ecuador,Curaçao,three_way,0.8,0.158,0.042,2.6,0.4
13,2026-05-18T01:29:05+00:00,2026-06-21,group,Spain,Saudi Arabia,three_way,0.905,0.084,0.011000000000000001,3.5,0.2
13,2026-05-18T01:29:05+00:00,2026-06-21,group,Egypt,New Zealand,three_way,0.629,0.242,0.129,1.9,0.7
13,2026-05-18T01:29:05+00:00,2026-06-21,group,Uruguay,Cape Verde,three_way,0.721,0.21100000000000002,0.068,2.1,0.5
13,2026-05-18T01:29:05+00:00,2026-06-21,group,Belgium,Iran,three_way,0.6759999999999999,0.217,0.107,2.1,0.7
13,2026-05-18T01:29:05+00:00,2026-06-21,group,Japan,Tunisia,three_way,0.63,0.242,0.128,1.9,0.7
13,2026-05-18T01:29:05+00:00,2026-06-22,group,Norway,Senegal,three_way,0.466,0.289,0.245,1.5,1.0
13,2026-05-18T01:29:05+00:00,2026-06-22,group,Argentina,Austria,three_way,0.716,0.19699999999999998,0.087,2.3,0.7
13,2026-05-18T01:29:05+00:00,2026-06-22,group,France,Iraq,three_way,0.87,0.111,0.019,3.1,0.3
13,2026-05-18T01:29:05+00:00,2026-06-22,group,Algeria,Jordan,three_way,0.584,0.252,0.16399999999999998,1.9,0.9
13,2026-05-18T01:29:05+00:00,2026-06-23,group,Portugal,Uzbekistan,three_way,0.787,0.162,0.051,2.6,0.5
13,2026-05-18T01:29:05+00:00,2026-06-23,group,England,Ghana,three_way,0.852,0.12300000000000001,0.024,2.9,0.3
13,2026-05-18T01:29:05+00:00,2026-06-23,group,Colombia,DR Congo,three_way,0.6759999999999999,0.23,0.094,2.0,0.6
13,2026-05-18T01:29:05+00:00,2026-06-23,group,Croatia,Panama,three_way,0.616,0.245,0.14,1.9,0.8
13,2026-05-18T01:29:05+00:00,2026-06-24,group,Mexico,Czech Republic,three_way,0.652,0.24100000000000002,0.107,1.9,0.6
13,2026-05-18T01:29:05+00:00,2026-06-24,group,Canada,Switzerland,three_way,0.326,0.306,0.36700000000000005,1.2,1.2
13,2026-05-18T01:29:05+00:00,2026-06-24,group,South Korea,South Africa,three_way,0.415,0.317,0.268,1.3,1.0
13,2026-05-18T01:29:05+00:00,2026-06-24,group,Brazil,Scotland,three_way,0.64,0.235,0.125,2.0,0.7
13,2026-05-18T01:29:05+00:00,2026-06-24,group,Morocco,Haiti,three_way,0.6709999999999999,0.228,0.1,2.0,0.6
13,2026-05-18T01:29:05+00:00,2026-06-24,group,Bosnia and Herzegovina,Qatar,three_way,0.6859999999999999,0.205,0.109,2.3,0.8
13,2026-05-18T01:29:05+00:00,2026-06-25,group,Netherlands,Tunisia,three_way,0.76,0.17800000000000002,0.062,2.4,0.5
13,2026-05-18T01:29:05+00:00,2026-06-25,group,Germany,Ecuador,three_way,0.55,0.25,0.19899999999999998,1.9,1.1
13,2026-05-18T01:29:05+00:00,2026-06-25,group,Japan,Sweden,three_way,0.47,0.26899999999999996,0.261,1.7,1.2
13,2026-05-18T01:29:05+00:00,2026-06-25,group,United States,Turkey,three_way,0.284,0.28,0.436,1.2,1.5
13,2026-05-18T01:29:05+00:00,2026-06-25,group,Ivory Coast,Curaçao,three_way,0.682,0.217,0.10099999999999999,2.1,0.7
13,2026-05-18T01:29:05+00:00,2026-06-25,group,Paraguay,Australia,three_way,0.479,0.3,0.221,1.4,0.9
13,2026-05-18T01:29:05+00:00,2026-06-26,group,France,Norway,three_way,0.514,0.264,0.223,1.8,1.1
13,2026-05-18T01:29:05+00:00,2026-06-26,group,Senegal,Iraq,three_way,0.7120000000000001,0.218,0.071,2.0,0.5
13,2026-05-18T01:29:05+00:00,2026-06-26,group,Belgium,New Zealand,three_way,0.8290000000000001,0.133,0.038,2.9,0.5
13,2026-05-18T01:29:05+00:00,2026-06-26,group,Spain,Uruguay,three_way,0.67,0.22399999999999998,0.106,2.1,0.7
13,2026-05-18T01:29:05+00:00,2026-06-26,group,Saudi Arabia,Cape Verde,three_way,0.32299999999999995,0.33399999999999996,0.34299999999999997,1.0,1.1
13,2026-05-18T01:29:05+00:00,2026-06-26,group,Egypt,Iran,three_way,0.414,0.308,0.27899999999999997,1.3,1.0
13,2026-05-18T01:29:05+00:00,2026-06-27,group,Austria,Algeria,three_way,0.461,0.268,0.271,1.7,1.2
13,2026-05-18T01:29:05+00:00,2026-06-27,group,Argentina,Jordan,three_way,0.8690000000000001,0.111,0.02,3.1,0.3
13,2026-05-18T01:29:05+00:00,2026-06-27,group,Croatia,Ghana,three_way,0.698,0.212,0.09,2.2,0.6
13,2026-05-18T01:29:05+00:00,2026-06-27,group,DR Congo,Uzbekistan,three_way,0.42200000000000004,0.295,0.282,1.4,1.1
13,2026-05-18T01:29:05+00:00,2026-06-27,group,England,Panama,three_way,0.8079999999999999,0.152,0.04,2.6,0.4
13,2026-05-18T01:29:05+00:00,2026-06-27,group,Portugal,Colombia,three_way,0.40399999999999997,0.306,0.29,1.3,1.1
14,2026-05-23T19:00:23+00:00,2026-06-11,group,Czech Republic,South Korea,three_way,0.369,0.299,0.332,1.3,1.2
14,2026-05-23T19:00:23+00:00,2026-06-11,group,Mexico,South Africa,three_way,0.7490000000000001,0.2,0.051,2.1,0.4
14,2026-05-23T19:00:23+00:00,2026-06-12,group,Canada,Bosnia and Herzegovina,three_way,0.6679999999999999,0.22699999999999998,0.105,2.0,0.6
14,2026-05-23T19:00:23+00:00,2026-06-12,group,United States,Paraguay,three_way,0.429,0.308,0.262,1.3,1.0
14,2026-05-23T19:00:23+00:00,2026-06-13,group,Switzerland,Qatar,three_way,0.867,0.109,0.025,3.2,0.4
14,2026-05-23T19:00:23+00:00,2026-06-13,group,Brazil,Morocco,three_way,0.602,0.268,0.13,1.7,0.6
14,2026-05-23T19:00:23+00:00,2026-06-13,group,Scotland,Haiti,three_way,0.632,0.23,0.138,2.1,0.8
14,2026-05-23T19:00:23+00:00,2026-06-14,group,Netherlands,Japan,three_way,0.504,0.263,0.233,1.8,1.1
14,2026-05-23T19:00:23+00:00,2026-06-14,group,Germany,Curaçao,three_way,0.904,0.08,0.016,3.8,0.4
14,2026-05-23T19:00:23+00:00,2026-06-14,group,Ecuador,Ivory Coast,three_way,0.575,0.272,0.153,1.7,0.7
14,2026-05-23T19:00:23+00:00,2026-06-14,group,Sweden,Tunisia,three_way,0.534,0.27,0.196,1.7,0.9
14,2026-05-23T19:00:23+00:00,2026-06-14,group,Turkey,Australia,three_way,0.629,0.233,0.138,2.0,0.8
14,2026-05-23T19:00:23+00:00,2026-06-15,group,Uruguay,Saudi Arabia,three_way,0.758,0.18899999999999997,0.054000000000000006,2.3,0.4
14,2026-05-23T19:00:23+00:00,2026-06-15,group,Spain,Cape Verde,three_way,0.899,0.08900000000000001,0.012,3.4,0.2
14,2026-05-23T19:00:23+00:00,2026-06-15,group,Belgium,Egypt,three_way,0.617,0.23800000000000002,0.146,2.0,0.8
14,2026-05-23T19:00:23+00:00,2026-06-15,group,Iran,New Zealand,three_way,0.5329999999999999,0.278,0.18899999999999997,1.6,0.9
14,2026-05-23T19:00:23+00:00,2026-06-16,group,France,Senegal,three_way,0.581,0.272,0.147,1.7,0.7
14,2026-05-23T19:00:23+00:00,2026-06-16,group,Norway,Iraq,three_way,0.8140000000000001,0.145,0.040999999999999995,2.8,0.5
14,2026-05-23T19:00:23+00:00,2026-06-16,group,Argentina,Algeria,three_way,0.797,0.157,0.046,2.6,0.5
14,2026-05-23T19:00:23+00:00,2026-06-17,group,England,Croatia,three_way,0.628,0.243,0.13,1.9,0.7
14,2026-05-23T19:00:23+00:00,2026-06-17,group,Austria,Jordan,three_way,0.66,0.21899999999999997,0.121,2.2,0.8
14,2026-05-23T19:00:23+00:00,2026-06-17,group,Panama,Ghana,three_way,0.483,0.28800000000000003,0.22899999999999998,1.5,1.0
14,2026-05-23T19:00:23+00:00,2026-06-17,group,Portugal,DR Congo,three_way,0.7340000000000001,0.192,0.07400000000000001,2.3,0.6
14,2026-05-23T19:00:23+00:00,2026-06-17,group,Colombia,Uzbekistan,three_way,0.755,0.187,0.057999999999999996,2.3,0.5
14,2026-05-23T19:00:23+00:00,2026-06-18,group,Canada,Qatar,three_way,0.851,0.12300000000000001,0.025,2.9,0.3
14,2026-05-23T19:00:23+00:00,2026-06-18,group,Mexico,South Korea,three_way,0.674,0.24100000000000002,0.085,1.8,0.5
14,2026-05-23T19:00:23+00:00,2026-06-18,group,Czech Republic,South Africa,three_way,0.499,0.285,0.21600000000000003,1.6,0.9
14,2026-05-23T19:00:23+00:00,2026-06-18,group,Switzerland,Bosnia and Herzegovina,three_way,0.68,0.21,0.11,2.2,0.8
14,2026-05-23T19:00:23+00:00,2026-06-19,group,Morocco,Scotland,three_way,0.38,0.33,0.29,1.1,1.0
14,2026-05-23T19:00:23+00:00,2026-06-19,group,United States,Australia,three_way,0.574,0.268,0.158,1.7,0.8
14,2026-05-23T19:00:23+00:00,2026-06-19,group,Brazil,Haiti,three_way,0.86,0.113,0.027000000000000003,3.2,0.4
14,2026-05-23T19:00:23+00:00,2026-06-19,group,Turkey,Paraguay,three_way,0.46299999999999997,0.281,0.256,1.6,1.1
14,2026-05-23T19:00:23+00:00,2026-06-20,group,Netherlands,Sweden,three_way,0.6459999999999999,0.21899999999999997,0.135,2.2,0.9
14,2026-05-23T19:00:23+00:00,2026-06-20,group,Germany,Ivory Coast,three_way,0.742,0.175,0.083,2.6,0.7
14,2026-05-23T19:00:23+00:00,2026-06-20,group,Ecuador,Curaçao,three_way,0.813,0.15,0.037000000000000005,2.6,0.4
14,2026-05-23T19:00:23+00:00,2026-06-21,group,Belgium,Iran,three_way,0.665,0.221,0.114,2.1,0.7
14,2026-05-23T19:00:23+00:00,2026-06-21,group,Egypt,New Zealand,three_way,0.6,0.253,0.147,1.8,0.8
14,2026-05-23T19:00:23+00:00,2026-06-21,group,Spain,Saudi Arabia,three_way,0.902,0.086,0.012,3.5,0.2
14,2026-05-23T19:00:23+00:00,2026-06-21,group,Japan,Tunisia,three_way,0.657,0.231,0.11199999999999999,2.0,0.7
14,2026-05-23T19:00:23+00:00,2026-06-21,group,Uruguay,Cape Verde,three_way,0.753,0.193,0.054000000000000006,2.2,0.4
14,2026-05-23T19:00:23+00:00,2026-06-22,group,Argentina,Austria,three_way,0.758,0.17600000000000002,0.066,2.5,0.6
14,2026-05-23T19:00:23+00:00,2026-06-22,group,France,Iraq,three_way,0.8640000000000001,0.115,0.021,3.0,0.3
14,2026-05-23T19:00:23+00:00,2026-06-22,group,Norway,Senegal,three_way,0.461,0.29,0.249,1.5,1.0
14,2026-05-23T19:00:23+00:00,2026-06-22,group,Algeria,Jordan,three_way,0.574,0.256,0.17,1.8,0.9
14,2026-05-23T19:00:23+00:00,2026-06-23,group,Croatia,Panama,three_way,0.569,0.261,0.17,1.8,0.9
14,2026-05-23T19:00:23+00:00,2026-06-23,group,Colombia,DR Congo,three_way,0.708,0.214,0.078,2.1,0.5
14,2026-05-23T19:00:23+00:00,2026-06-23,group,England,Ghana,three_way,0.85,0.125,0.025,2.9,0.3
14,2026-05-23T19:00:23+00:00,2026-06-23,group,Portugal,Uzbekistan,three_way,0.777,0.16699999999999998,0.055,2.5,0.5
14,2026-05-23T19:00:23+00:00,2026-06-24,group,Mexico,Czech Republic,three_way,0.6859999999999999,0.225,0.08800000000000001,2.0,0.6
14,2026-05-23T19:00:23+00:00,2026-06-24,group,Morocco,Haiti,three_way,0.647,0.239,0.114,1.9,0.7
14,2026-05-23T19:00:23+00:00,2026-06-24,group,South Korea,South Africa,three_way,0.455,0.311,0.23399999999999999,1.3,0.9
14,2026-05-23T19:00:23+00:00,2026-06-24,group,Bosnia and Herzegovina,Qatar,three_way,0.677,0.209,0.114,2.3,0.8
14,2026-05-23T19:00:23+00:00,2026-06-24,group,Canada,Switzerland,three_way,0.36700000000000005,0.307,0.326,1.2,1.2
14,2026-05-23T19:00:23+00:00,2026-06-24,group,Brazil,Scotland,three_way,0.679,0.21899999999999997,0.102,2.1,0.7
14,2026-05-23T19:00:23+00:00,2026-06-25,group,Paraguay,Australia,three_way,0.491,0.298,0.21100000000000002,1.5,0.9
14,2026-05-23T19:00:23+00:00,2026-06-25,group,Ivory Coast,Curaçao,three_way,0.6659999999999999,0.22399999999999998,0.11,2.1,0.7
14,2026-05-23T19:00:23+00:00,2026-06-25,group,Japan,Sweden,three_way,0.505,0.263,0.23199999999999998,1.8,1.1
14,2026-05-23T19:00:23+00:00,2026-06-25,group,United States,Turkey,three_way,0.341,0.284,0.374,1.3,1.4
14,2026-05-23T19:00:23+00:00,2026-06-25,group,Germany,Ecuador,three_way,0.496,0.262,0.242,1.8,1.2
14,2026-05-23T19:00:23+00:00,2026-06-25,group,Netherlands,Tunisia,three_way,0.76,0.17800000000000002,0.062,2.4,0.5
14,2026-05-23T19:00:23+00:00,2026-06-26,group,Senegal,Iraq,three_way,0.7,0.22399999999999998,0.076,2.0,0.5
14,2026-05-23T19:00:23+00:00,2026-06-26,group,Saudi Arabia,Cape Verde,three_way,0.332,0.33399999999999996,0.33399999999999996,1.0,1.0
14,2026-05-23T19:00:23+00:00,2026-06-26,group,Spain,Uruguay,three_way,0.626,0.243,0.132,1.9,0.7
14,2026-05-23T19:00:23+00:00,2026-06-26,group,France,Norway,three_way,0.519,0.263,0.21899999999999997,1.8,1.1
14,2026-05-23T19:00:23+00:00,2026-06-26,group,Belgium,New Zealand,three_way,0.812,0.14400000000000002,0.044000000000000004,2.8,0.5
14,2026-05-23T19:00:23+00:00,2026-06-26,group,Egypt,Iran,three_way,0.401,0.309,0.29100000000000004,1.3,1.1
14,2026-05-23T19:00:23+00:00,2026-06-27,group,Portugal,Colombia,three_way,0.358,0.308,0.33399999999999996,1.2,1.2
14,2026-05-23T19:00:23+00:00,2026-06-27,group,DR Congo,Uzbekistan,three_way,0.41100000000000003,0.297,0.293,1.4,1.1
14,2026-05-23T19:00:23+00:00,2026-06-27,group,Austria,Algeria,three_way,0.45,0.27,0.28,1.6,1.2
14,2026-05-23T19:00:23+00:00,2026-06-27,group,England,Panama,three_way,0.7829999999999999,0.168,0.05,2.5,0.5
14,2026-05-23T19:00:23+00:00,2026-06-27,group,Croatia,Ghana,three_way,0.69,0.21600000000000003,0.095,2.1,0.6
14,2026-05-23T19:00:23+00:00,2026-06-27,group,Argentina,Jordan,three_way,0.883,0.10099999999999999,0.016,3.2,0.3
15,2026-05-27T18:18:36+00:00,2026-06-11,group,Czech Republic,South Korea,three_way,0.37,0.298,0.332,1.3,1.2
15,2026-05-27T18:18:36+00:00,2026-06-11,group,Mexico,South Africa,three_way,0.75,0.2,0.051,2.1,0.4
15,2026-05-27T18:18:36+00:00,2026-06-12,group,United States,Paraguay,three_way,0.429,0.308,0.262,1.3,1.0
15,2026-05-27T18:18:36+00:00,2026-06-12,group,Canada,Bosnia and Herzegovina,three_way,0.6679999999999999,0.22699999999999998,0.105,2.0,0.6
15,2026-05-27T18:18:36+00:00,2026-06-13,group,Brazil,Morocco,three_way,0.597,0.26899999999999996,0.134,1.7,0.6
15,2026-05-27T18:18:36+00:00,2026-06-13,group,Scotland,Haiti,three_way,0.632,0.23,0.138,2.1,0.8
15,2026-05-27T18:18:36+00:00,2026-06-13,group,Switzerland,Qatar,three_way,0.867,0.10800000000000001,0.025,3.2,0.4
15,2026-05-27T18:18:36+00:00,2026-06-14,group,Sweden,Tunisia,three_way,0.534,0.27,0.196,1.7,0.9
15,2026-05-27T18:18:36+00:00,2026-06-14,group,Netherlands,Japan,three_way,0.504,0.263,0.233,1.8,1.1
15,2026-05-27T18:18:36+00:00,2026-06-14,group,Ecuador,Ivory Coast,three_way,0.575,0.272,0.153,1.7,0.7
15,2026-05-27T18:18:36+00:00,2026-06-14,group,Germany,Curaçao,three_way,0.904,0.08,0.016,3.8,0.4
15,2026-05-27T18:18:36+00:00,2026-06-14,group,Turkey,Australia,three_way,0.629,0.233,0.138,2.0,0.8
15,2026-05-27T18:18:36+00:00,2026-06-15,group,Uruguay,Saudi Arabia,three_way,0.758,0.188,0.054000000000000006,2.3,0.4
15,2026-05-27T18:18:36+00:00,2026-06-15,group,Belgium,Egypt,three_way,0.617,0.237,0.146,2.0,0.8
15,2026-05-27T18:18:36+00:00,2026-06-15,group,Iran,New Zealand,three_way,0.534,0.27699999999999997,0.18899999999999997,1.6,0.9
15,2026-05-27T18:18:36+00:00,2026-06-15,group,Spain,Cape Verde,three_way,0.899,0.08900000000000001,0.012,3.4,0.2
15,2026-05-27T18:18:36+00:00,2026-06-16,group,Norway,Iraq,three_way,0.8140000000000001,0.145,0.040999999999999995,2.8,0.5
15,2026-05-27T18:18:36+00:00,2026-06-16,group,France,Senegal,three_way,0.5820000000000001,0.271,0.147,1.7,0.7
15,2026-05-27T18:18:36+00:00,2026-06-16,group,Argentina,Algeria,three_way,0.7979999999999999,0.156,0.046,2.6,0.5
15,2026-05-27T18:18:36+00:00,2026-06-17,group,England,Croatia,three_way,0.628,0.243,0.13,1.9,0.7
15,2026-05-27T18:18:36+00:00,2026-06-17,group,Panama,Ghana,three_way,0.483,0.28800000000000003,0.22899999999999998,1.5,1.0
15,2026-05-27T18:18:36+00:00,2026-06-17,group,Colombia,Uzbekistan,three_way,0.755,0.187,0.057999999999999996,2.3,0.5
15,2026-05-27T18:18:36+00:00,2026-06-17,group,Portugal,DR Congo,three_way,0.7340000000000001,0.192,0.07400000000000001,2.3,0.6
15,2026-05-27T18:18:36+00:00,2026-06-17,group,Austria,Jordan,three_way,0.66,0.21899999999999997,0.121,2.2,0.8
15,2026-05-27T18:18:36+00:00,2026-06-18,group,Canada,Qatar,three_way,0.852,0.12300000000000001,0.025,3.0,0.3
15,2026-05-27T18:18:36+00:00,2026-06-18,group,Switzerland,Bosnia and Herzegovina,three_way,0.6809999999999999,0.209,0.11,2.2,0.8
15,2026-05-27T18:18:36+00:00,2026-06-18,group,Mexico,South Korea,three_way,0.674,0.24100000000000002,0.085,1.9,0.5
15,2026-05-27T18:18:36+00:00,2026-06-18,group,Czech Republic,South Africa,three_way,0.499,0.285,0.21600000000000003,1.6,0.9
15,2026-05-27T18:18:36+00:00,2026-06-19,group,United States,Australia,three_way,0.575,0.268,0.158,1.7,0.8
15,2026-05-27T18:18:36+00:00,2026-06-19,group,Brazil,Haiti,three_way,0.86,0.113,0.027000000000000003,3.2,0.4
15,2026-05-27T18:18:36+00:00,2026-06-19,group,Morocco,Scotland,three_way,0.386,0.32899999999999996,0.285,1.2,0.9
15,2026-05-27T18:18:36+00:00,2026-06-19,group,Turkey,Paraguay,three_way,0.46299999999999997,0.281,0.256,1.6,1.1
15,2026-05-27T18:18:36+00:00,2026-06-20,group,Netherlands,Sweden,three_way,0.647,0.218,0.135,2.2,0.9
15,2026-05-27T18:18:36+00:00,2026-06-20,group,Ecuador,Curaçao,three_way,0.813,0.15,0.037000000000000005,2.6,0.4
15,2026-05-27T18:18:36+00:00,2026-06-20,group,Germany,Ivory Coast,three_way,0.742,0.175,0.083,2.6,0.7
15,2026-05-27T18:18:36+00:00,2026-06-21,group,Uruguay,Cape Verde,three_way,0.753,0.193,0.054000000000000006,2.2,0.4
15,2026-05-27T18:18:36+00:00,2026-06-21,group,Belgium,Iran,three_way,0.665,0.221,0.114,2.1,0.7
15,2026-05-27T18:18:36+00:00,2026-06-21,group,Spain,Saudi Arabia,three_way,0.902,0.086,0.012,3.5,0.2
15,2026-05-27T18:18:36+00:00,2026-06-21,group,Japan,Tunisia,three_way,0.657,0.231,0.11199999999999999,2.0,0.7
15,2026-05-27T18:18:36+00:00,2026-06-21,group,Egypt,New Zealand,three_way,0.6,0.253,0.147,1.8,0.8
15,2026-05-27T18:18:36+00:00,2026-06-22,group,France,Iraq,three_way,0.8640000000000001,0.115,0.021,3.0,0.3
15,2026-05-27T18:18:36+00:00,2026-06-22,group,Algeria,Jordan,three_way,0.574,0.255,0.17,1.8,0.9
15,2026-05-27T18:18:36+00:00,2026-06-22,group,Norway,Senegal,three_way,0.462,0.289,0.249,1.5,1.0
15,2026-05-27T18:18:36+00:00,2026-06-22,group,Argentina,Austria,three_way,0.758,0.17600000000000002,0.066,2.5,0.6
15,2026-05-27T18:18:36+00:00,2026-06-23,group,Croatia,Panama,three_way,0.569,0.26,0.17,1.8,0.9
15,2026-05-27T18:18:36+00:00,2026-06-23,group,Colombia,DR Congo,three_way,0.708,0.214,0.078,2.1,0.5
15,2026-05-27T18:18:36+00:00,2026-06-23,group,England,Ghana,three_way,0.85,0.125,0.025,2.9,0.3
15,2026-05-27T18:18:36+00:00,2026-06-23,group,Portugal,Uzbekistan,three_way,0.777,0.16699999999999998,0.055,2.5,0.5
15,2026-05-27T18:18:36+00:00,2026-06-24,group,Brazil,Scotland,three_way,0.679,0.21899999999999997,0.102,2.1,0.7
15,2026-05-27T18:18:36+00:00,2026-06-24,group,South Korea,South Africa,three_way,0.455,0.311,0.23399999999999999,1.3,0.9
15,2026-05-27T18:18:36+00:00,2026-06-24,group,Morocco,Haiti,three_way,0.653,0.23600000000000002,0.111,1.9,0.6
15,2026-05-27T18:18:36+00:00,2026-06-24,group,Bosnia and Herzegovina,Qatar,three_way,0.677,0.209,0.114,2.3,0.8
15,2026-05-27T18:18:36+00:00,2026-06-24,group,Mexico,Czech Republic,three_way,0.687,0.225,0.08800000000000001,2.0,0.6
15,2026-05-27T18:18:36+00:00,2026-06-24,group,Canada,Switzerland,three_way,0.368,0.306,0.326,1.2,1.2
15,2026-05-27T18:18:36+00:00,2026-06-25,group,Netherlands,Tunisia,three_way,0.76,0.17800000000000002,0.062,2.4,0.5
15,2026-05-27T18:18:36+00:00,2026-06-25,group,United States,Turkey,three_way,0.342,0.284,0.374,1.3,1.4
15,2026-05-27T18:18:36+00:00,2026-06-25,group,Ivory Coast,Curaçao,three_way,0.6659999999999999,0.22399999999999998,0.11,2.1,0.7
15,2026-05-27T18:18:36+00:00,2026-06-25,group,Japan,Sweden,three_way,0.506,0.262,0.23199999999999998,1.8,1.1
15,2026-05-27T18:18:36+00:00,2026-06-25,group,Paraguay,Australia,three_way,0.491,0.298,0.21100000000000002,1.5,0.9
15,2026-05-27T18:18:36+00:00,2026-06-25,group,Germany,Ecuador,three_way,0.496,0.262,0.242,1.8,1.2
15,2026-05-27T18:18:36+00:00,2026-06-26,group,Saudi Arabia,Cape Verde,three_way,0.332,0.33399999999999996,0.33399999999999996,1.0,1.0
15,2026-05-27T18:18:36+00:00,2026-06-26,group,Spain,Uruguay,three_way,0.626,0.243,0.132,1.9,0.7
15,2026-05-27T18:18:36+00:00,2026-06-26,group,France,Norway,three_way,0.519,0.262,0.21899999999999997,1.8,1.1
15,2026-05-27T18:18:36+00:00,2026-06-26,group,Senegal,Iraq,three_way,0.701,0.22399999999999998,0.076,2.0,0.5
15,2026-05-27T18:18:36+00:00,2026-06-26,group,Belgium,New Zealand,three_way,0.812,0.14400000000000002,0.044000000000000004,2.8,0.5
15,2026-05-27T18:18:36+00:00,2026-06-26,group,Egypt,Iran,three_way,0.401,0.308,0.29100000000000004,1.3,1.1
15,2026-05-27T18:18:36+00:00,2026-06-27,group,Argentina,Jordan,three_way,0.883,0.10099999999999999,0.016,3.2,0.3
15,2026-05-27T18:18:36+00:00,2026-06-27,group,England,Panama,three_way,0.7829999999999999,0.168,0.05,2.5,0.5
15,2026-05-27T18:18:36+00:00,2026-06-27,group,Croatia,Ghana,three_way,0.69,0.21600000000000003,0.095,2.1,0.6
15,2026-05-27T18:18:36+00:00,2026-06-27,group,DR Congo,Uzbekistan,three_way,0.41100000000000003,0.29600000000000004,0.293,1.4,1.1
15,2026-05-27T18:18:36+00:00,2026-06-27,group,Austria,Algeria,three_way,0.451,0.27,0.28,1.6,1.3
15,2026-05-27T18:18:36+00:00,2026-06-27,group,Portugal,Colombia,three_way,0.358,0.309,0.33399999999999996,1.2,1.2
16,2026-05-28T18:52:02+00:00,2026-06-11,group,Mexico,South Africa,three_way,0.752,0.198,0.05,2.1,0.4
16,2026-05-28T18:52:02+00:00,2026-06-11,group,Czech Republic,South Korea,three_way,0.375,0.298,0.327,1.3,1.2
16,2026-05-28T18:52:02+00:00,2026-06-12,group,Canada,Bosnia and Herzegovina,three_way,0.66,0.231,0.109,2.0,0.7
16,2026-05-28T18:52:02+00:00,2026-06-12,group,United States,Paraguay,three_way,0.43,0.309,0.261,1.3,1.0
16,2026-05-28T18:52:02+00:00,2026-06-13,group,Switzerland,Qatar,three_way,0.866,0.109,0.025,3.2,0.4
16,2026-05-28T18:52:02+00:00,2026-06-13,group,Brazil,Morocco,three_way,0.599,0.268,0.133,1.7,0.6
16,2026-05-28T18:52:02+00:00,2026-06-13,group,Scotland,Haiti,three_way,0.6409999999999999,0.22699999999999998,0.132,2.1,0.8
16,2026-05-28T18:52:02+00:00,2026-06-14,group,Sweden,Tunisia,three_way,0.545,0.267,0.188,1.7,0.9
16,2026-05-28T18:52:02+00:00,2026-06-14,group,Turkey,Australia,three_way,0.637,0.23,0.133,2.1,0.8
16,2026-05-28T18:52:02+00:00,2026-06-14,group,Germany,Curaçao,three_way,0.9079999999999999,0.078,0.015,3.8,0.4
16,2026-05-28T18:52:02+00:00,2026-06-14,group,Netherlands,Japan,three_way,0.505,0.263,0.23199999999999998,1.8,1.1
16,2026-05-28T18:52:02+00:00,2026-06-14,group,Ecuador,Ivory Coast,three_way,0.5870000000000001,0.267,0.145,1.7,0.7
16,2026-05-28T18:52:02+00:00,2026-06-15,group,Belgium,Egypt,three_way,0.621,0.23600000000000002,0.14300000000000002,2.0,0.8
16,2026-05-28T18:52:02+00:00,2026-06-15,group,Uruguay,Saudi Arabia,three_way,0.754,0.191,0.055,2.2,0.4
16,2026-05-28T18:52:02+00:00,2026-06-15,group,Spain,Cape Verde,three_way,0.902,0.086,0.011000000000000001,3.5,0.2
16,2026-05-28T18:52:02+00:00,2026-06-15,group,Iran,New Zealand,three_way,0.534,0.278,0.188,1.6,0.9
16,2026-05-28T18:52:02+00:00,2026-06-16,group,Norway,Iraq,three_way,0.816,0.14300000000000002,0.04,2.8,0.5
16,2026-05-28T18:52:02+00:00,2026-06-16,group,Argentina,Algeria,three_way,0.799,0.155,0.045,2.6,0.5
16,2026-05-28T18:52:02+00:00,2026-06-16,group,France,Senegal,three_way,0.593,0.267,0.14,1.7,0.7
16,2026-05-28T18:52:02+00:00,2026-06-17,group,Colombia,Uzbekistan,three_way,0.752,0.188,0.06,2.3,0.5
16,2026-05-28T18:52:02+00:00,2026-06-17,group,Austria,Jordan,three_way,0.665,0.217,0.11800000000000001,2.2,0.8
16,2026-05-28T18:52:02+00:00,2026-06-17,group,Portugal,DR Congo,three_way,0.742,0.188,0.07,2.4,0.6
16,2026-05-28T18:52:02+00:00,2026-06-17,group,Panama,Ghana,three_way,0.493,0.28600000000000003,0.221,1.5,0.9
16,2026-05-28T18:52:02+00:00,2026-06-17,group,England,Croatia,three_way,0.631,0.24100000000000002,0.128,1.9,0.7
16,2026-05-28T18:52:02+00:00,2026-06-18,group,Czech Republic,South Africa,three_way,0.508,0.28300000000000003,0.21,1.6,0.9
16,2026-05-28T18:52:02+00:00,2026-06-18,group,Switzerland,Bosnia and Herzegovina,three_way,0.6779999999999999,0.21,0.11199999999999999,2.2,0.8
16,2026-05-28T18:52:02+00:00,2026-06-18,group,Mexico,South Korea,three_way,0.674,0.24100000000000002,0.085,1.9,0.5
16,2026-05-28T18:52:02+00:00,2026-06-18,group,Canada,Qatar,three_way,0.848,0.126,0.027000000000000003,2.9,0.3
16,2026-05-28T18:52:02+00:00,2026-06-19,group,Turkey,Paraguay,three_way,0.47,0.28,0.25,1.6,1.1
16,2026-05-28T18:52:02+00:00,2026-06-19,group,Brazil,Haiti,three_way,0.86,0.113,0.027000000000000003,3.2,0.4
16,2026-05-28T18:52:02+00:00,2026-06-19,group,Morocco,Scotland,three_way,0.376,0.33,0.294,1.1,1.0
16,2026-05-28T18:52:02+00:00,2026-06-19,group,United States,Australia,three_way,0.5770000000000001,0.267,0.156,1.7,0.8
16,2026-05-28T18:52:02+00:00,2026-06-20,group,Netherlands,Sweden,three_way,0.645,0.21899999999999997,0.136,2.2,0.9
16,2026-05-28T18:52:02+00:00,2026-06-20,group,Ecuador,Curaçao,three_way,0.8170000000000001,0.147,0.035,2.7,0.4
16,2026-05-28T18:52:02+00:00,2026-06-20,group,Germany,Ivory Coast,three_way,0.755,0.16899999999999998,0.076,2.7,0.7
16,2026-05-28T18:52:02+00:00,2026-06-21,group,Spain,Saudi Arabia,three_way,0.9009999999999999,0.087,0.012,3.5,0.2
16,2026-05-28T18:52:02+00:00,2026-06-21,group,Belgium,Iran,three_way,0.6629999999999999,0.222,0.115,2.1,0.7
16,2026-05-28T18:52:02+00:00,2026-06-21,group,Japan,Tunisia,three_way,0.662,0.22899999999999998,0.109,2.0,0.7
16,2026-05-28T18:52:02+00:00,2026-06-21,group,Uruguay,Cape Verde,three_way,0.758,0.19,0.052000000000000005,2.2,0.4
16,2026-05-28T18:52:02+00:00,2026-06-21,group,Egypt,New Zealand,three_way,0.595,0.255,0.15,1.8,0.8
16,2026-05-28T18:52:02+00:00,2026-06-22,group,France,Iraq,three_way,0.863,0.11599999999999999,0.021,3.0,0.3
16,2026-05-28T18:52:02+00:00,2026-06-22,group,Norway,Senegal,three_way,0.48200000000000004,0.285,0.23199999999999998,1.5,1.0
16,2026-05-28T18:52:02+00:00,2026-06-22,group,Argentina,Austria,three_way,0.752,0.179,0.069,2.5,0.6
16,2026-05-28T18:52:02+00:00,2026-06-22,group,Algeria,Jordan,three_way,0.5670000000000001,0.257,0.175,1.8,0.9
16,2026-05-28T18:52:02+00:00,2026-06-23,group,Croatia,Panama,three_way,0.568,0.261,0.171,1.8,0.9
16,2026-05-28T18:52:02+00:00,2026-06-23,group,Portugal,Uzbekistan,three_way,0.775,0.16899999999999998,0.055999999999999994,2.5,0.5
16,2026-05-28T18:52:02+00:00,2026-06-23,group,Colombia,DR Congo,three_way,0.715,0.21,0.075,2.1,0.5
16,2026-05-28T18:52:02+00:00,2026-06-23,group,England,Ghana,three_way,0.855,0.122,0.024,2.9,0.3
16,2026-05-28T18:52:02+00:00,2026-06-24,group,Brazil,Scotland,three_way,0.672,0.221,0.106,2.1,0.7
16,2026-05-28T18:52:02+00:00,2026-06-24,group,South Korea,South Africa,three_way,0.45799999999999996,0.31,0.23199999999999998,1.4,0.9
16,2026-05-28T18:52:02+00:00,2026-06-24,group,Bosnia and Herzegovina,Qatar,three_way,0.677,0.209,0.114,2.3,0.8
16,2026-05-28T18:52:02+00:00,2026-06-24,group,Mexico,Czech Republic,three_way,0.6829999999999999,0.22699999999999998,0.09,2.0,0.6
16,2026-05-28T18:52:02+00:00,2026-06-24,group,Morocco,Haiti,three_way,0.65,0.23800000000000002,0.11199999999999999,1.9,0.7
16,2026-05-28T18:52:02+00:00,2026-06-24,group,Canada,Switzerland,three_way,0.361,0.306,0.332,1.2,1.2
16,2026-05-28T18:52:02+00:00,2026-06-25,group,Japan,Sweden,three_way,0.501,0.263,0.235,1.8,1.1
16,2026-05-28T18:52:02+00:00,2026-06-25,group,Netherlands,Tunisia,three_way,0.765,0.175,0.06,2.5,0.5
16,2026-05-28T18:52:02+00:00,2026-06-25,group,United States,Turkey,three_way,0.336,0.284,0.38,1.3,1.4
16,2026-05-28T18:52:02+00:00,2026-06-25,group,Ivory Coast,Curaçao,three_way,0.662,0.226,0.11199999999999999,2.1,0.7
16,2026-05-28T18:52:02+00:00,2026-06-25,group,Germany,Ecuador,three_way,0.5,0.261,0.23800000000000002,1.8,1.2
16,2026-05-28T18:52:02+00:00,2026-06-25,group,Paraguay,Australia,three_way,0.49200000000000005,0.298,0.21,1.5,0.9
16,2026-05-28T18:52:02+00:00,2026-06-26,group,France,Norway,three_way,0.51,0.264,0.226,1.8,1.1
16,2026-05-28T18:52:02+00:00,2026-06-26,group,Senegal,Iraq,three_way,0.6890000000000001,0.23,0.081,1.9,0.5
16,2026-05-28T18:52:02+00:00,2026-06-26,group,Saudi Arabia,Cape Verde,three_way,0.344,0.33399999999999996,0.322,1.1,1.0
16,2026-05-28T18:52:02+00:00,2026-06-26,group,Egypt,Iran,three_way,0.39399999999999996,0.31,0.29600000000000004,1.3,1.1
16,2026-05-28T18:52:02+00:00,2026-06-26,group,Belgium,New Zealand,three_way,0.812,0.14400000000000002,0.044000000000000004,2.8,0.5
16,2026-05-28T18:52:02+00:00,2026-06-26,group,Spain,Uruguay,three_way,0.628,0.242,0.13,1.9,0.7
16,2026-05-28T18:52:02+00:00,2026-06-27,group,Portugal,Colombia,three_way,0.359,0.308,0.33299999999999996,1.2,1.2
16,2026-05-28T18:52:02+00:00,2026-06-27,group,DR Congo,Uzbekistan,three_way,0.395,0.298,0.307,1.3,1.2
16,2026-05-28T18:52:02+00:00,2026-06-27,group,Argentina,Jordan,three_way,0.882,0.102,0.017,3.2,0.3
16,2026-05-28T18:52:02+00:00,2026-06-27,group,Austria,Algeria,three_way,0.46399999999999997,0.268,0.268,1.7,1.2
16,2026-05-28T18:52:02+00:00,2026-06-27,group,Croatia,Ghana,three_way,0.6970000000000001,0.212,0.091,2.2,0.6
16,2026-05-28T18:52:02+00:00,2026-06-27,group,England,Panama,three_way,0.784,0.16699999999999998,0.049,2.5,0.5
17,2026-05-29T00:53:45+00:00,2026-06-11,group,Czech Republic,South Korea,three_way,0.371,0.299,0.33,1.3,1.2
17,2026-05-29T00:53:45+00:00,2026-06-11,group,Mexico,South Africa,three_way,0.7559999999999999,0.196,0.049,2.2,0.4
17,2026-05-29T00:53:45+00:00,2026-06-12,group,United States,Paraguay,three_way,0.428,0.309,0.263,1.3,1.0
17,2026-05-29T00:53:45+00:00,2026-06-12,group,Canada,Bosnia and Herzegovina,three_way,0.659,0.23199999999999998,0.109,2.0,0.7
17,2026-05-29T00:53:45+00:00,2026-06-13,group,Brazil,Morocco,three_way,0.599,0.26899999999999996,0.132,1.7,0.6
17,2026-05-29T00:53:45+00:00,2026-06-13,group,Scotland,Haiti,three_way,0.635,0.22899999999999998,0.136,2.1,0.8
17,2026-05-29T00:53:45+00:00,2026-06-13,group,Switzerland,Qatar,three_way,0.866,0.109,0.025,3.2,0.4
17,2026-05-29T00:53:45+00:00,2026-06-14,group,Turkey,Australia,three_way,0.634,0.231,0.134,2.0,0.8
17,2026-05-29T00:53:45+00:00,2026-06-14,group,Ecuador,Ivory Coast,three_way,0.591,0.266,0.14300000000000002,1.7,0.7
17,2026-05-29T00:53:45+00:00,2026-06-14,group,Netherlands,Japan,three_way,0.504,0.263,0.233,1.8,1.1
17,2026-05-29T00:53:45+00:00,2026-06-14,group,Sweden,Tunisia,three_way,0.547,0.267,0.187,1.7,0.9
17,2026-05-29T00:53:45+00:00,2026-06-14,group,Germany,Curaçao,three_way,0.907,0.078,0.015,3.8,0.4
17,2026-05-29T00:53:45+00:00,2026-06-15,group,Belgium,Egypt,three_way,0.62,0.237,0.14300000000000002,2.0,0.8
17,2026-05-29T00:53:45+00:00,2026-06-15,group,Iran,New Zealand,three_way,0.532,0.278,0.18899999999999997,1.6,0.9
17,2026-05-29T00:53:45+00:00,2026-06-15,group,Uruguay,Saudi Arabia,three_way,0.755,0.19,0.055,2.2,0.4
17,2026-05-29T00:53:45+00:00,2026-06-15,group,Spain,Cape Verde,three_way,0.904,0.085,0.011000000000000001,3.5,0.2
17,2026-05-29T00:53:45+00:00,2026-06-16,group,Argentina,Algeria,three_way,0.8,0.155,0.045,2.6,0.5
17,2026-05-29T00:53:45+00:00,2026-06-16,group,France,Senegal,three_way,0.595,0.267,0.139,1.7,0.7
17,2026-05-29T00:53:45+00:00,2026-06-16,group,Norway,Iraq,three_way,0.8170000000000001,0.14300000000000002,0.04,2.8,0.5
17,2026-05-29T00:53:45+00:00,2026-06-17,group,Panama,Ghana,three_way,0.498,0.285,0.217,1.6,0.9
17,2026-05-29T00:53:45+00:00,2026-06-17,group,Portugal,DR Congo,three_way,0.746,0.18600000000000003,0.068,2.4,0.6
17,2026-05-29T00:53:45+00:00,2026-06-17,group,England,Croatia,three_way,0.626,0.243,0.131,1.9,0.7
17,2026-05-29T00:53:45+00:00,2026-06-17,group,Austria,Jordan,three_way,0.665,0.217,0.11699999999999999,2.2,0.8
17,2026-05-29T00:53:45+00:00,2026-06-17,group,Colombia,Uzbekistan,three_way,0.754,0.187,0.059000000000000004,2.3,0.5
17,2026-05-29T00:53:45+00:00,2026-06-18,group,Czech Republic,South Africa,three_way,0.512,0.282,0.20600000000000002,1.6,0.9
17,2026-05-29T00:53:45+00:00,2026-06-18,group,Mexico,South Korea,three_way,0.6729999999999999,0.242,0.085,1.8,0.5
17,2026-05-29T00:53:45+00:00,2026-06-18,group,Canada,Qatar,three_way,0.848,0.126,0.026000000000000002,2.9,0.3
17,2026-05-29T00:53:45+00:00,2026-06-18,group,Switzerland,Bosnia and Herzegovina,three_way,0.677,0.21100000000000002,0.11199999999999999,2.2,0.8
17,2026-05-29T00:53:45+00:00,2026-06-19,group,United States,Australia,three_way,0.573,0.26899999999999996,0.159,1.7,0.8
17,2026-05-29T00:53:45+00:00,2026-06-19,group,Turkey,Paraguay,three_way,0.469,0.281,0.251,1.6,1.1
17,2026-05-29T00:53:45+00:00,2026-06-19,group,Morocco,Scotland,three_way,0.381,0.33,0.289,1.1,1.0
17,2026-05-29T00:53:45+00:00,2026-06-19,group,Brazil,Haiti,three_way,0.86,0.113,0.027000000000000003,3.2,0.4
17,2026-05-29T00:53:45+00:00,2026-06-20,group,Ecuador,Curaçao,three_way,0.818,0.147,0.035,2.7,0.4
17,2026-05-29T00:53:45+00:00,2026-06-20,group,Netherlands,Sweden,three_way,0.645,0.21899999999999997,0.136,2.2,0.9
17,2026-05-29T00:53:45+00:00,2026-06-20,group,Germany,Ivory Coast,three_way,0.757,0.168,0.075,2.7,0.7
17,2026-05-29T00:53:45+00:00,2026-06-21,group,Belgium,Iran,three_way,0.6629999999999999,0.222,0.114,2.1,0.7
17,2026-05-29T00:53:45+00:00,2026-06-21,group,Japan,Tunisia,three_way,0.665,0.228,0.107,2.0,0.7
17,2026-05-29T00:53:45+00:00,2026-06-21,group,Spain,Saudi Arabia,three_way,0.902,0.087,0.012,3.5,0.2
17,2026-05-29T00:53:45+00:00,2026-06-21,group,Egypt,New Zealand,three_way,0.594,0.256,0.15,1.8,0.8
17,2026-05-29T00:53:45+00:00,2026-06-21,group,Uruguay,Cape Verde,three_way,0.76,0.18899999999999997,0.052000000000000005,2.2,0.4
17,2026-05-29T00:53:45+00:00,2026-06-22,group,Norway,Senegal,three_way,0.484,0.28600000000000003,0.231,1.5,1.0
17,2026-05-29T00:53:45+00:00,2026-06-22,group,Algeria,Jordan,three_way,0.565,0.258,0.177,1.8,0.9
17,2026-05-29T00:53:45+00:00,2026-06-22,group,France,Iraq,three_way,0.8640000000000001,0.115,0.021,3.0,0.3
17,2026-05-29T00:53:45+00:00,2026-06-22,group,Argentina,Austria,three_way,0.752,0.179,0.069,2.5,0.6
17,2026-05-29T00:53:45+00:00,2026-06-23,group,England,Ghana,three_way,0.855,0.122,0.024,2.9,0.3
17,2026-05-29T00:53:45+00:00,2026-06-23,group,Croatia,Panama,three_way,0.569,0.261,0.17,1.8,0.9
17,2026-05-29T00:53:45+00:00,2026-06-23,group,Portugal,Uzbekistan,three_way,0.778,0.16699999999999998,0.055,2.5,0.5
17,2026-05-29T00:53:45+00:00,2026-06-23,group,Colombia,DR Congo,three_way,0.7190000000000001,0.20800000000000002,0.073,2.1,0.5
17,2026-05-29T00:53:45+00:00,2026-06-24,group,Bosnia and Herzegovina,Qatar,three_way,0.679,0.20800000000000002,0.113,2.3,0.8
17,2026-05-29T00:53:45+00:00,2026-06-24,group,Canada,Switzerland,three_way,0.361,0.307,0.332,1.2,1.2
17,2026-05-29T00:53:45+00:00,2026-06-24,group,South Korea,South Africa,three_way,0.466,0.308,0.225,1.4,0.9
17,2026-05-29T00:53:45+00:00,2026-06-24,group,Morocco,Haiti,three_way,0.649,0.23800000000000002,0.11199999999999999,1.9,0.7
17,2026-05-29T00:53:45+00:00,2026-06-24,group,Mexico,Czech Republic,three_way,0.684,0.226,0.08900000000000001,2.0,0.6
17,2026-05-29T00:53:45+00:00,2026-06-24,group,Brazil,Scotland,three_way,0.6779999999999999,0.21899999999999997,0.10300000000000001,2.1,0.7
17,2026-05-29T00:53:45+00:00,2026-06-25,group,Germany,Ecuador,three_way,0.498,0.262,0.24,1.8,1.2
17,2026-05-29T00:53:45+00:00,2026-06-25,group,United States,Turkey,three_way,0.33399999999999996,0.284,0.382,1.3,1.4
17,2026-05-29T00:53:45+00:00,2026-06-25,group,Ivory Coast,Curaçao,three_way,0.6579999999999999,0.228,0.114,2.0,0.7
17,2026-05-29T00:53:45+00:00,2026-06-25,group,Japan,Sweden,three_way,0.504,0.263,0.233,1.8,1.1
17,2026-05-29T00:53:45+00:00,2026-06-25,group,Netherlands,Tunisia,three_way,0.7659999999999999,0.175,0.059000000000000004,2.5,0.5
17,2026-05-29T00:53:45+00:00,2026-06-25,group,Paraguay,Australia,three_way,0.49,0.298,0.21100000000000002,1.5,0.9
17,2026-05-29T00:53:45+00:00,2026-06-26,group,Egypt,Iran,three_way,0.395,0.31,0.295,1.3,1.1
17,2026-05-29T00:53:45+00:00,2026-06-26,group,Saudi Arabia,Cape Verde,three_way,0.34700000000000003,0.33399999999999996,0.319,1.1,1.0
17,2026-05-29T00:53:45+00:00,2026-06-26,group,Belgium,New Zealand,three_way,0.8109999999999999,0.145,0.045,2.8,0.5
17,2026-05-29T00:53:45+00:00,2026-06-26,group,Senegal,Iraq,three_way,0.688,0.23,0.081,1.9,0.5
17,2026-05-29T00:53:45+00:00,2026-06-26,group,Spain,Uruguay,three_way,0.631,0.24100000000000002,0.128,1.9,0.7
17,2026-05-29T00:53:45+00:00,2026-06-26,group,France,Norway,three_way,0.511,0.264,0.225,1.8,1.1
17,2026-05-29T00:53:45+00:00,2026-06-27,group,Croatia,Ghana,three_way,0.7020000000000001,0.21,0.08800000000000001,2.2,0.6
17,2026-05-29T00:53:45+00:00,2026-06-27,group,Austria,Algeria,three_way,0.467,0.268,0.266,1.7,1.2
17,2026-05-29T00:53:45+00:00,2026-06-27,group,Portugal,Colombia,three_way,0.36,0.309,0.331,1.2,1.2
17,2026-05-29T00:53:45+00:00,2026-06-27,group,England,Panama,three_way,0.7809999999999999,0.168,0.05,2.5,0.5
17,2026-05-29T00:53:45+00:00,2026-06-27,group,DR Congo,Uzbekistan,three_way,0.39299999999999996,0.298,0.309,1.3,1.2
17,2026-05-29T00:53:45+00:00,2026-06-27,group,Argentina,Jordan,three_way,0.882,0.102,0.017,3.2,0.3
18,2026-05-30T16:20:51+00:00,2026-06-11,group,Czech Republic,South Korea,three_way,0.371,0.299,0.33,1.3,1.2
18,2026-05-30T16:20:51+00:00,2026-06-11,group,Mexico,South Africa,three_way,0.758,0.195,0.047,2.2,0.4
18,2026-05-30T16:20:51+00:00,2026-06-12,group,United States,Paraguay,three_way,0.42700000000000005,0.31,0.263,1.3,1.0
18,2026-05-30T16:20:51+00:00,2026-06-12,group,Canada,Bosnia and Herzegovina,three_way,0.6609999999999999,0.231,0.10800000000000001,2.0,0.7
18,2026-05-30T16:20:51+00:00,2026-06-13,group,Switzerland,Qatar,three_way,0.866,0.109,0.025,3.2,0.4
18,2026-05-30T16:20:51+00:00,2026-06-13,group,Scotland,Haiti,three_way,0.634,0.23,0.136,2.1,0.8
18,2026-05-30T16:20:51+00:00,2026-06-13,group,Brazil,Morocco,three_way,0.599,0.26899999999999996,0.132,1.7,0.6
18,2026-05-30T16:20:51+00:00,2026-06-14,group,Sweden,Tunisia,three_way,0.546,0.267,0.187,1.7,0.9
18,2026-05-30T16:20:51+00:00,2026-06-14,group,Netherlands,Japan,three_way,0.504,0.263,0.233,1.8,1.1
18,2026-05-30T16:20:51+00:00,2026-06-14,group,Ecuador,Ivory Coast,three_way,0.591,0.267,0.14300000000000002,1.7,0.7
18,2026-05-30T16:20:51+00:00,2026-06-14,group,Turkey,Australia,three_way,0.634,0.23199999999999998,0.134,2.0,0.8
18,2026-05-30T16:20:51+00:00,2026-06-14,group,Germany,Curaçao,three_way,0.907,0.078,0.015,3.8,0.4
18,2026-05-30T16:20:51+00:00,2026-06-15,group,Uruguay,Saudi Arabia,three_way,0.755,0.191,0.055,2.2,0.4
18,2026-05-30T16:20:51+00:00,2026-06-15,group,Spain,Cape Verde,three_way,0.904,0.085,0.011000000000000001,3.5,0.2
18,2026-05-30T16:20:51+00:00,2026-06-15,group,Belgium,Egypt,three_way,0.62,0.237,0.14300000000000002,2.0,0.8
18,2026-05-30T16:20:51+00:00,2026-06-15,group,Iran,New Zealand,three_way,0.539,0.276,0.185,1.6,0.8
18,2026-05-30T16:20:51+00:00,2026-06-16,group,Norway,Iraq,three_way,0.816,0.14400000000000002,0.04,2.8,0.5
18,2026-05-30T16:20:51+00:00,2026-06-16,group,France,Senegal,three_way,0.594,0.267,0.139,1.7,0.7
18,2026-05-30T16:20:51+00:00,2026-06-16,group,Argentina,Algeria,three_way,0.8,0.155,0.045,2.6,0.5
18,2026-05-30T16:20:51+00:00,2026-06-17,group,Colombia,Uzbekistan,three_way,0.754,0.188,0.059000000000000004,2.3,0.5
18,2026-05-30T16:20:51+00:00,2026-06-17,group,Austria,Jordan,three_way,0.665,0.217,0.11800000000000001,2.2,0.8
18,2026-05-30T16:20:51+00:00,2026-06-17,group,England,Croatia,three_way,0.625,0.244,0.131,1.9,0.7
18,2026-05-30T16:20:51+00:00,2026-06-17,group,Panama,Ghana,three_way,0.49700000000000005,0.28600000000000003,0.217,1.6,0.9
18,2026-05-30T16:20:51+00:00,2026-06-17,group,Portugal,DR Congo,three_way,0.746,0.18600000000000003,0.068,2.4,0.6
18,2026-05-30T16:20:51+00:00,2026-06-18,group,Switzerland,Bosnia and Herzegovina,three_way,0.679,0.21100000000000002,0.111,2.2,0.8
18,2026-05-30T16:20:51+00:00,2026-06-18,group,Canada,Qatar,three_way,0.848,0.126,0.027000000000000003,2.9,0.3
18,2026-05-30T16:20:51+00:00,2026-06-18,group,Czech Republic,South Africa,three_way,0.517,0.281,0.20199999999999999,1.6,0.9
18,2026-05-30T16:20:51+00:00,2026-06-18,group,Mexico,South Korea,three_way,0.672,0.242,0.085,1.8,0.5
18,2026-05-30T16:20:51+00:00,2026-06-19,group,United States,Australia,three_way,0.5720000000000001,0.26899999999999996,0.159,1.7,0.8
18,2026-05-30T16:20:51+00:00,2026-06-19,group,Morocco,Scotland,three_way,0.381,0.33,0.289,1.1,1.0
18,2026-05-30T16:20:51+00:00,2026-06-19,group,Brazil,Haiti,three_way,0.86,0.113,0.027000000000000003,3.2,0.4
18,2026-05-30T16:20:51+00:00,2026-06-19,group,Turkey,Paraguay,three_way,0.469,0.281,0.251,1.6,1.1
18,2026-05-30T16:20:51+00:00,2026-06-20,group,Netherlands,Sweden,three_way,0.645,0.21899999999999997,0.136,2.2,0.9
18,2026-05-30T16:20:51+00:00,2026-06-20,group,Germany,Ivory Coast,three_way,0.757,0.168,0.075,2.7,0.7
18,2026-05-30T16:20:51+00:00,2026-06-20,group,Ecuador,Curaçao,three_way,0.8170000000000001,0.147,0.035,2.7,0.4
18,2026-05-30T16:20:51+00:00,2026-06-21,group,Japan,Tunisia,three_way,0.665,0.228,0.107,2.0,0.7
18,2026-05-30T16:20:51+00:00,2026-06-21,group,Uruguay,Cape Verde,three_way,0.76,0.18899999999999997,0.052000000000000005,2.2,0.4
18,2026-05-30T16:20:51+00:00,2026-06-21,group,Belgium,Iran,three_way,0.657,0.225,0.11800000000000001,2.1,0.7
18,2026-05-30T16:20:51+00:00,2026-06-21,group,Spain,Saudi Arabia,three_way,0.902,0.087,0.012,3.5,0.2
18,2026-05-30T16:20:51+00:00,2026-06-21,group,Egypt,New Zealand,three_way,0.594,0.256,0.15,1.8,0.8
18,2026-05-30T16:20:51+00:00,2026-06-22,group,France,Iraq,three_way,0.863,0.11599999999999999,0.021,3.0,0.3
18,2026-05-30T16:20:51+00:00,2026-06-22,group,Argentina,Austria,three_way,0.752,0.179,0.069,2.5,0.6
18,2026-05-30T16:20:51+00:00,2026-06-22,group,Norway,Senegal,three_way,0.483,0.28600000000000003,0.231,1.5,1.0
18,2026-05-30T16:20:51+00:00,2026-06-22,group,Algeria,Jordan,three_way,0.565,0.259,0.177,1.8,0.9
18,2026-05-30T16:20:51+00:00,2026-06-23,group,Croatia,Panama,three_way,0.569,0.261,0.17,1.8,0.9
18,2026-05-30T16:20:51+00:00,2026-06-23,group,Colombia,DR Congo,three_way,0.7190000000000001,0.209,0.073,2.1,0.5
18,2026-05-30T16:20:51+00:00,2026-06-23,group,Portugal,Uzbekistan,three_way,0.777,0.168,0.055,2.5,0.5
18,2026-05-30T16:20:51+00:00,2026-06-23,group,England,Ghana,three_way,0.855,0.122,0.024,2.9,0.3
18,2026-05-30T16:20:51+00:00,2026-06-24,group,Brazil,Scotland,three_way,0.6779999999999999,0.21899999999999997,0.10300000000000001,2.1,0.7
18,2026-05-30T16:20:51+00:00,2026-06-24,group,South Korea,South Africa,three_way,0.47100000000000003,0.308,0.221,1.4,0.8
18,2026-05-30T16:20:51+00:00,2026-06-24,group,Bosnia and Herzegovina,Qatar,three_way,0.675,0.21,0.115,2.3,0.8
18,2026-05-30T16:20:51+00:00,2026-06-24,group,Morocco,Haiti,three_way,0.649,0.239,0.11199999999999999,1.9,0.6
18,2026-05-30T16:20:51+00:00,2026-06-24,group,Canada,Switzerland,three_way,0.36,0.307,0.332,1.2,1.2
18,2026-05-30T16:20:51+00:00,2026-06-24,group,Mexico,Czech Republic,three_way,0.684,0.22699999999999998,0.08900000000000001,2.0,0.6
18,2026-05-30T16:20:51+00:00,2026-06-25,group,Paraguay,Australia,three_way,0.49,0.299,0.21100000000000002,1.5,0.9
18,2026-05-30T16:20:51+00:00,2026-06-25,group,Netherlands,Tunisia,three_way,0.7659999999999999,0.175,0.059000000000000004,2.5,0.5
18,2026-05-30T16:20:51+00:00,2026-06-25,group,Japan,Sweden,three_way,0.504,0.263,0.233,1.8,1.1
18,2026-05-30T16:20:51+00:00,2026-06-25,group,United States,Turkey,three_way,0.33399999999999996,0.285,0.382,1.3,1.4
18,2026-05-30T16:20:51+00:00,2026-06-25,group,Ivory Coast,Curaçao,three_way,0.6579999999999999,0.228,0.114,2.0,0.7
18,2026-05-30T16:20:51+00:00,2026-06-25,group,Germany,Ecuador,three_way,0.498,0.262,0.24,1.8,1.2
18,2026-05-30T16:20:51+00:00,2026-06-26,group,Senegal,Iraq,three_way,0.687,0.231,0.081,1.9,0.5
18,2026-05-30T16:20:51+00:00,2026-06-26,group,Spain,Uruguay,three_way,0.631,0.24100000000000002,0.128,1.9,0.7
18,2026-05-30T16:20:51+00:00,2026-06-26,group,Belgium,New Zealand,three_way,0.81,0.145,0.045,2.8,0.5
18,2026-05-30T16:20:51+00:00,2026-06-26,group,France,Norway,three_way,0.511,0.264,0.225,1.7,1.1
18,2026-05-30T16:20:51+00:00,2026-06-26,group,Egypt,Iran,three_way,0.389,0.31,0.301,1.3,1.1
18,2026-05-30T16:20:51+00:00,2026-06-26,group,Saudi Arabia,Cape Verde,three_way,0.34600000000000003,0.335,0.319,1.1,1.0
18,2026-05-30T16:20:51+00:00,2026-06-27,group,Portugal,Colombia,three_way,0.36,0.309,0.331,1.2,1.2
18,2026-05-30T16:20:51+00:00,2026-06-27,group,DR Congo,Uzbekistan,three_way,0.39299999999999996,0.299,0.309,1.3,1.2
18,2026-05-30T16:20:51+00:00,2026-06-27,group,England,Panama,three_way,0.7809999999999999,0.16899999999999998,0.05,2.5,0.5
18,2026-05-30T16:20:51+00:00,2026-06-27,group,Croatia,Ghana,three_way,0.701,0.21,0.08800000000000001,2.2,0.6
18,2026-05-30T16:20:51+00:00,2026-06-27,group,Austria,Algeria,three_way,0.467,0.268,0.265,1.7,1.2
18,2026-05-30T16:20:51+00:00,2026-06-27,group,Argentina,Jordan,three_way,0.882,0.102,0.017,3.2,0.3
19,2026-05-31T18:22:45+00:00,2026-06-11,group,Mexico,South Africa,three_way,0.7609999999999999,0.192,0.046,2.2,0.4
19,2026-05-31T18:22:45+00:00,2026-06-11,group,Czech Republic,South Korea,three_way,0.365,0.298,0.337,1.3,1.2
19,2026-05-31T18:22:45+00:00,2026-06-12,group,United States,Paraguay,three_way,0.428,0.309,0.263,1.3,1.0
19,2026-05-31T18:22:45+00:00,2026-06-12,group,Canada,Bosnia and Herzegovina,three_way,0.662,0.23,0.10800000000000001,2.0,0.7
19,2026-05-31T18:22:45+00:00,2026-06-13,group,Brazil,Morocco,three_way,0.6,0.268,0.132,1.7,0.6
19,2026-05-31T18:22:45+00:00,2026-06-13,group,Switzerland,Qatar,three_way,0.8690000000000001,0.107,0.024,3.2,0.4
19,2026-05-31T18:22:45+00:00,2026-06-13,group,Scotland,Haiti,three_way,0.64,0.22699999999999998,0.133,2.1,0.8
19,2026-05-31T18:22:45+00:00,2026-06-14,group,Turkey,Australia,three_way,0.638,0.23,0.132,2.1,0.8
19,2026-05-31T18:22:45+00:00,2026-06-14,group,Sweden,Tunisia,three_way,0.547,0.266,0.187,1.7,0.9
19,2026-05-31T18:22:45+00:00,2026-06-14,group,Ecuador,Ivory Coast,three_way,0.5920000000000001,0.266,0.14300000000000002,1.7,0.7
19,2026-05-31T18:22:45+00:00,2026-06-14,group,Germany,Curaçao,three_way,0.909,0.076,0.013999999999999999,3.8,0.4
19,2026-05-31T18:22:45+00:00,2026-06-14,group,Netherlands,Japan,three_way,0.505,0.263,0.233,1.8,1.1
19,2026-05-31T18:22:45+00:00,2026-06-15,group,Belgium,Egypt,three_way,0.62,0.237,0.14300000000000002,2.0,0.8
19,2026-05-31T18:22:45+00:00,2026-06-15,group,Iran,New Zealand,three_way,0.54,0.276,0.185,1.6,0.9
19,2026-05-31T18:22:45+00:00,2026-06-15,group,Uruguay,Saudi Arabia,three_way,0.7559999999999999,0.19,0.055,2.3,0.4
19,2026-05-31T18:22:45+00:00,2026-06-15,group,Spain,Cape Verde,three_way,0.899,0.08900000000000001,0.012,3.4,0.2
19,2026-05-31T18:22:45+00:00,2026-06-16,group,Argentina,Algeria,three_way,0.8009999999999999,0.154,0.045,2.6,0.5
19,2026-05-31T18:22:45+00:00,2026-06-16,group,France,Senegal,three_way,0.595,0.266,0.139,1.7,0.7
19,2026-05-31T18:22:45+00:00,2026-06-16,group,Norway,Iraq,three_way,0.816,0.14300000000000002,0.04,2.8,0.5
19,2026-05-31T18:22:45+00:00,2026-06-17,group,Colombia,Uzbekistan,three_way,0.754,0.187,0.059000000000000004,2.3,0.5
19,2026-05-31T18:22:45+00:00,2026-06-17,group,England,Croatia,three_way,0.626,0.243,0.131,1.9,0.7
19,2026-05-31T18:22:45+00:00,2026-06-17,group,Panama,Ghana,three_way,0.498,0.285,0.217,1.6,0.9
19,2026-05-31T18:22:45+00:00,2026-06-17,group,Austria,Jordan,three_way,0.672,0.214,0.114,2.2,0.8
19,2026-05-31T18:22:45+00:00,2026-06-17,group,Portugal,DR Congo,three_way,0.747,0.185,0.068,2.4,0.6
19,2026-05-31T18:22:45+00:00,2026-06-18,group,Switzerland,Bosnia and Herzegovina,three_way,0.685,0.20800000000000002,0.10800000000000001,2.3,0.8
19,2026-05-31T18:22:45+00:00,2026-06-18,group,Canada,Qatar,three_way,0.848,0.125,0.026000000000000002,2.9,0.3
19,2026-05-31T18:22:45+00:00,2026-06-18,group,Mexico,South Korea,three_way,0.6679999999999999,0.244,0.08800000000000001,1.8,0.5
19,2026-05-31T18:22:45+00:00,2026-06-18,group,Czech Republic,South Africa,three_way,0.523,0.27899999999999997,0.198,1.6,0.9
19,2026-05-31T18:22:45+00:00,2026-06-19,group,Turkey,Paraguay,three_way,0.469,0.28,0.251,1.6,1.1
19,2026-05-31T18:22:45+00:00,2026-06-19,group,Brazil,Haiti,three_way,0.86,0.113,0.027000000000000003,3.2,0.4
19,2026-05-31T18:22:45+00:00,2026-06-19,group,Morocco,Scotland,three_way,0.377,0.32899999999999996,0.294,1.1,1.0
19,2026-05-31T18:22:45+00:00,2026-06-19,group,United States,Australia,three_way,0.5770000000000001,0.267,0.156,1.7,0.8
19,2026-05-31T18:22:45+00:00,2026-06-20,group,Ecuador,Curaçao,three_way,0.821,0.14400000000000002,0.034,2.7,0.4
19,2026-05-31T18:22:45+00:00,2026-06-20,group,Germany,Ivory Coast,three_way,0.757,0.168,0.075,2.7,0.7
19,2026-05-31T18:22:45+00:00,2026-06-20,group,Netherlands,Sweden,three_way,0.645,0.21899999999999997,0.136,2.2,0.9
19,2026-05-31T18:22:45+00:00,2026-06-21,group,Belgium,Iran,three_way,0.6579999999999999,0.22399999999999998,0.11800000000000001,2.1,0.7
19,2026-05-31T18:22:45+00:00,2026-06-21,group,Uruguay,Cape Verde,three_way,0.748,0.195,0.055999999999999994,2.2,0.4
19,2026-05-31T18:22:45+00:00,2026-06-21,group,Egypt,New Zealand,three_way,0.595,0.255,0.15,1.8,0.8
19,2026-05-31T18:22:45+00:00,2026-06-21,group,Japan,Tunisia,three_way,0.665,0.228,0.107,2.0,0.7
19,2026-05-31T18:22:45+00:00,2026-06-21,group,Spain,Saudi Arabia,three_way,0.902,0.086,0.012,3.5,0.2
19,2026-05-31T18:22:45+00:00,2026-06-22,group,Argentina,Austria,three_way,0.752,0.179,0.069,2.5,0.6
19,2026-05-31T18:22:45+00:00,2026-06-22,group,Norway,Senegal,three_way,0.484,0.285,0.231,1.5,1.0
19,2026-05-31T18:22:45+00:00,2026-06-22,group,France,Iraq,three_way,0.863,0.11599999999999999,0.021,3.0,0.3
19,2026-05-31T18:22:45+00:00,2026-06-22,group,Algeria,Jordan,three_way,0.5720000000000001,0.256,0.172,1.8,0.9
19,2026-05-31T18:22:45+00:00,2026-06-23,group,Croatia,Panama,three_way,0.57,0.26,0.17,1.8,0.9
19,2026-05-31T18:22:45+00:00,2026-06-23,group,Portugal,Uzbekistan,three_way,0.778,0.16699999999999998,0.055,2.5,0.5
19,2026-05-31T18:22:45+00:00,2026-06-23,group,Colombia,DR Congo,three_way,0.7190000000000001,0.20800000000000002,0.073,2.1,0.5
19,2026-05-31T18:22:45+00:00,2026-06-23,group,England,Ghana,three_way,0.855,0.121,0.023,3.0,0.3
19,2026-05-31T18:22:45+00:00,2026-06-24,group,Morocco,Haiti,three_way,0.65,0.23800000000000002,0.11199999999999999,1.9,0.7
19,2026-05-31T18:22:45+00:00,2026-06-24,group,South Korea,South Africa,three_way,0.483,0.304,0.212,1.4,0.8
19,2026-05-31T18:22:45+00:00,2026-06-24,group,Canada,Switzerland,three_way,0.35600000000000004,0.306,0.33799999999999997,1.2,1.2
19,2026-05-31T18:22:45+00:00,2026-06-24,group,Mexico,Czech Republic,three_way,0.685,0.226,0.08900000000000001,2.0,0.6
19,2026-05-31T18:22:45+00:00,2026-06-24,group,Bosnia and Herzegovina,Qatar,three_way,0.6759999999999999,0.209,0.114,2.3,0.8
19,2026-05-31T18:22:45+00:00,2026-06-24,group,Brazil,Scotland,three_way,0.675,0.22,0.105,2.1,0.7
19,2026-05-31T18:22:45+00:00,2026-06-25,group,Ivory Coast,Curaçao,three_way,0.664,0.225,0.111,2.1,0.7
19,2026-05-31T18:22:45+00:00,2026-06-25,group,Japan,Sweden,three_way,0.503,0.263,0.23399999999999999,1.8,1.1
19,2026-05-31T18:22:45+00:00,2026-06-25,group,United States,Turkey,three_way,0.33399999999999996,0.284,0.382,1.3,1.4
19,2026-05-31T18:22:45+00:00,2026-06-25,group,Germany,Ecuador,three_way,0.498,0.262,0.24,1.8,1.2
19,2026-05-31T18:22:45+00:00,2026-06-25,group,Paraguay,Australia,three_way,0.495,0.297,0.20800000000000002,1.5,0.8
19,2026-05-31T18:22:45+00:00,2026-06-25,group,Netherlands,Tunisia,three_way,0.767,0.174,0.059000000000000004,2.5,0.5
19,2026-05-31T18:22:45+00:00,2026-06-26,group,Egypt,Iran,three_way,0.389,0.31,0.301,1.3,1.1
19,2026-05-31T18:22:45+00:00,2026-06-26,group,Senegal,Iraq,three_way,0.688,0.231,0.081,1.9,0.5
19,2026-05-31T18:22:45+00:00,2026-06-26,group,Belgium,New Zealand,three_way,0.8109999999999999,0.14400000000000002,0.045,2.8,0.5
19,2026-05-31T18:22:45+00:00,2026-06-26,group,Spain,Uruguay,three_way,0.632,0.24,0.128,1.9,0.7
19,2026-05-31T18:22:45+00:00,2026-06-26,group,Saudi Arabia,Cape Verde,three_way,0.33,0.33399999999999996,0.336,1.0,1.0
19,2026-05-31T18:22:45+00:00,2026-06-26,group,France,Norway,three_way,0.512,0.264,0.225,1.8,1.1
19,2026-05-31T18:22:45+00:00,2026-06-27,group,Argentina,Jordan,three_way,0.884,0.1,0.016,3.3,0.3
19,2026-05-31T18:22:45+00:00,2026-06-27,group,Portugal,Colombia,three_way,0.36,0.308,0.331,1.2,1.2
19,2026-05-31T18:22:45+00:00,2026-06-27,group,England,Panama,three_way,0.782,0.168,0.05,2.5,0.5
19,2026-05-31T18:22:45+00:00,2026-06-27,group,DR Congo,Uzbekistan,three_way,0.39299999999999996,0.298,0.309,1.3,1.2
19,2026-05-31T18:22:45+00:00,2026-06-27,group,Austria,Algeria,three_way,0.467,0.267,0.266,1.7,1.2
19,2026-05-31T18:22:45+00:00,2026-06-27,group,Croatia,Ghana,three_way,0.7020000000000001,0.21,0.08800000000000001,2.2,0.6
20,2026-06-01T17:36:38+00:00,2026-06-11,group,Mexico,South Africa,three_way,0.763,0.19,0.046,2.2,0.4
20,2026-06-01T17:36:38+00:00,2026-06-11,group,Czech Republic,South Korea,three_way,0.366,0.298,0.336,1.3,1.2
20,2026-06-01T17:36:38+00:00,2026-06-12,group,United States,Paraguay,three_way,0.436,0.307,0.258,1.3,1.0
20,2026-06-01T17:36:38+00:00,2026-06-12,group,Canada,Bosnia and Herzegovina,three_way,0.66,0.23,0.11,2.0,0.7
20,2026-06-01T17:36:38+00:00,2026-06-13,group,Brazil,Morocco,three_way,0.606,0.265,0.129,1.7,0.6
20,2026-06-01T17:36:38+00:00,2026-06-13,group,Switzerland,Qatar,three_way,0.8690000000000001,0.107,0.024,3.3,0.4
20,2026-06-01T17:36:38+00:00,2026-06-13,group,Scotland,Haiti,three_way,0.644,0.225,0.131,2.1,0.8
20,2026-06-01T17:36:38+00:00,2026-06-14,group,Ecuador,Ivory Coast,three_way,0.591,0.266,0.14400000000000002,1.7,0.7
20,2026-06-01T17:36:38+00:00,2026-06-14,group,Netherlands,Japan,three_way,0.506,0.263,0.23199999999999998,1.8,1.1
20,2026-06-01T17:36:38+00:00,2026-06-14,group,Germany,Curaçao,three_way,0.91,0.076,0.013999999999999999,3.8,0.3
20,2026-06-01T17:36:38+00:00,2026-06-14,group,Sweden,Tunisia,three_way,0.5479999999999999,0.266,0.187,1.7,0.9
20,2026-06-01T17:36:38+00:00,2026-06-14,group,Turkey,Australia,three_way,0.6409999999999999,0.228,0.131,2.1,0.8
20,2026-06-01T17:36:38+00:00,2026-06-15,group,Iran,New Zealand,three_way,0.541,0.275,0.184,1.7,0.9
20,2026-06-01T17:36:38+00:00,2026-06-15,group,Uruguay,Saudi Arabia,three_way,0.755,0.19,0.055,2.3,0.4
20,2026-06-01T17:36:38+00:00,2026-06-15,group,Belgium,Egypt,three_way,0.621,0.23600000000000002,0.14300000000000002,2.0,0.8
20,2026-06-01T17:36:38+00:00,2026-06-15,group,Spain,Cape Verde,three_way,0.899,0.08900000000000001,0.012,3.4,0.2
20,2026-06-01T17:36:38+00:00,2026-06-16,group,Argentina,Algeria,three_way,0.8,0.155,0.045,2.6,0.5
20,2026-06-01T17:36:38+00:00,2026-06-16,group,Norway,Iraq,three_way,0.816,0.14400000000000002,0.04,2.8,0.4
20,2026-06-01T17:36:38+00:00,2026-06-16,group,France,Senegal,three_way,0.603,0.263,0.135,1.7,0.7
20,2026-06-01T17:36:38+00:00,2026-06-17,group,Colombia,Uzbekistan,three_way,0.754,0.187,0.059000000000000004,2.3,0.5
20,2026-06-01T17:36:38+00:00,2026-06-17,group,England,Croatia,three_way,0.627,0.242,0.131,1.9,0.7
20,2026-06-01T17:36:38+00:00,2026-06-17,group,Portugal,DR Congo,three_way,0.747,0.185,0.068,2.4,0.6
20,2026-06-01T17:36:38+00:00,2026-06-17,group,Austria,Jordan,three_way,0.6729999999999999,0.213,0.114,2.2,0.8
20,2026-06-01T17:36:38+00:00,2026-06-17,group,Panama,Ghana,three_way,0.49,0.285,0.225,1.5,1.0
20,2026-06-01T17:36:38+00:00,2026-06-18,group,Mexico,South Korea,three_way,0.6709999999999999,0.24100000000000002,0.08800000000000001,1.9,0.5
20,2026-06-01T17:36:38+00:00,2026-06-18,group,Switzerland,Bosnia and Herzegovina,three_way,0.687,0.20600000000000002,0.107,2.3,0.8
20,2026-06-01T17:36:38+00:00,2026-06-18,group,Czech Republic,South Africa,three_way,0.522,0.28,0.198,1.6,0.9
20,2026-06-01T17:36:38+00:00,2026-06-18,group,Canada,Qatar,three_way,0.847,0.126,0.027000000000000003,2.9,0.4
20,2026-06-01T17:36:38+00:00,2026-06-19,group,Turkey,Paraguay,three_way,0.47100000000000003,0.28,0.249,1.6,1.1
20,2026-06-01T17:36:38+00:00,2026-06-19,group,Morocco,Scotland,three_way,0.37799999999999995,0.32799999999999996,0.294,1.1,1.0
20,2026-06-01T17:36:38+00:00,2026-06-19,group,Brazil,Haiti,three_way,0.8640000000000001,0.11,0.026000000000000002,3.2,0.4
20,2026-06-01T17:36:38+00:00,2026-06-19,group,United States,Australia,three_way,0.586,0.262,0.152,1.8,0.8
20,2026-06-01T17:36:38+00:00,2026-06-20,group,Ecuador,Curaçao,three_way,0.821,0.145,0.034,2.7,0.4
20,2026-06-01T17:36:38+00:00,2026-06-20,group,Germany,Ivory Coast,three_way,0.759,0.16699999999999998,0.07400000000000001,2.7,0.7
20,2026-06-01T17:36:38+00:00,2026-06-20,group,Netherlands,Sweden,three_way,0.645,0.21899999999999997,0.136,2.2,0.9
20,2026-06-01T17:36:38+00:00,2026-06-21,group,Spain,Saudi Arabia,three_way,0.903,0.086,0.012,3.5,0.2
20,2026-06-01T17:36:38+00:00,2026-06-21,group,Japan,Tunisia,three_way,0.665,0.22699999999999998,0.107,2.0,0.7
20,2026-06-01T17:36:38+00:00,2026-06-21,group,Egypt,New Zealand,three_way,0.596,0.254,0.15,1.8,0.8
20,2026-06-01T17:36:38+00:00,2026-06-21,group,Belgium,Iran,three_way,0.659,0.223,0.11800000000000001,2.1,0.7
20,2026-06-01T17:36:38+00:00,2026-06-21,group,Uruguay,Cape Verde,three_way,0.747,0.196,0.057,2.2,0.4
20,2026-06-01T17:36:38+00:00,2026-06-22,group,France,Iraq,three_way,0.863,0.11599999999999999,0.021,3.0,0.3
20,2026-06-01T17:36:38+00:00,2026-06-22,group,Argentina,Austria,three_way,0.752,0.179,0.069,2.5,0.6
20,2026-06-01T17:36:38+00:00,2026-06-22,group,Algeria,Jordan,three_way,0.574,0.255,0.172,1.8,0.9
20,2026-06-01T17:36:38+00:00,2026-06-22,group,Norway,Senegal,three_way,0.49200000000000005,0.28300000000000003,0.225,1.6,1.0
20,2026-06-01T17:36:38+00:00,2026-06-23,group,England,Ghana,three_way,0.855,0.121,0.023,3.0,0.3
20,2026-06-01T17:36:38+00:00,2026-06-23,group,Portugal,Uzbekistan,three_way,0.779,0.166,0.055,2.5,0.5
20,2026-06-01T17:36:38+00:00,2026-06-23,group,Croatia,Panama,three_way,0.581,0.255,0.163,1.8,0.8
20,2026-06-01T17:36:38+00:00,2026-06-23,group,Colombia,DR Congo,three_way,0.7190000000000001,0.20800000000000002,0.073,2.1,0.5
20,2026-06-01T17:36:38+00:00,2026-06-24,group,Morocco,Haiti,three_way,0.653,0.23600000000000002,0.111,1.9,0.7
20,2026-06-01T17:36:38+00:00,2026-06-24,group,Mexico,Czech Republic,three_way,0.6829999999999999,0.22699999999999998,0.09,2.0,0.6
20,2026-06-01T17:36:38+00:00,2026-06-24,group,Bosnia and Herzegovina,Qatar,three_way,0.6779999999999999,0.20800000000000002,0.114,2.3,0.8
20,2026-06-01T17:36:38+00:00,2026-06-24,group,South Korea,South Africa,three_way,0.484,0.303,0.213,1.4,0.8
20,2026-06-01T17:36:38+00:00,2026-06-24,group,Brazil,Scotland,three_way,0.6809999999999999,0.217,0.10300000000000001,2.1,0.7
20,2026-06-01T17:36:38+00:00,2026-06-24,group,Canada,Switzerland,three_way,0.35100000000000003,0.306,0.34299999999999997,1.2,1.2
20,2026-06-01T17:36:38+00:00,2026-06-25,group,Japan,Sweden,three_way,0.503,0.262,0.23399999999999999,1.8,1.1
20,2026-06-01T17:36:38+00:00,2026-06-25,group,United States,Turkey,three_way,0.34,0.28300000000000003,0.377,1.3,1.4
20,2026-06-01T17:36:38+00:00,2026-06-25,group,Paraguay,Australia,three_way,0.496,0.295,0.209,1.5,0.9
20,2026-06-01T17:36:38+00:00,2026-06-25,group,Germany,Ecuador,three_way,0.503,0.261,0.23600000000000002,1.8,1.1
20,2026-06-01T17:36:38+00:00,2026-06-25,group,Ivory Coast,Curaçao,three_way,0.6659999999999999,0.22399999999999998,0.11,2.1,0.7
20,2026-06-01T17:36:38+00:00,2026-06-25,group,Netherlands,Tunisia,three_way,0.767,0.174,0.059000000000000004,2.5,0.5
20,2026-06-01T17:36:38+00:00,2026-06-26,group,France,Norway,three_way,0.512,0.263,0.225,1.8,1.1
20,2026-06-01T17:36:38+00:00,2026-06-26,group,Senegal,Iraq,three_way,0.6829999999999999,0.23399999999999999,0.084,1.9,0.5
20,2026-06-01T17:36:38+00:00,2026-06-26,group,Egypt,Iran,three_way,0.39,0.309,0.301,1.3,1.1
20,2026-06-01T17:36:38+00:00,2026-06-26,group,Saudi Arabia,Cape Verde,three_way,0.32899999999999996,0.33299999999999996,0.33799999999999997,1.0,1.0
20,2026-06-01T17:36:38+00:00,2026-06-26,group,Spain,Uruguay,three_way,0.634,0.239,0.127,1.9,0.7
20,2026-06-01T17:36:38+00:00,2026-06-26,group,Belgium,New Zealand,three_way,0.812,0.14400000000000002,0.045,2.8,0.5
20,2026-06-01T17:36:38+00:00,2026-06-27,group,England,Panama,three_way,0.789,0.163,0.048,2.5,0.5
20,2026-06-01T17:36:38+00:00,2026-06-27,group,Argentina,Jordan,three_way,0.885,0.099,0.016,3.3,0.3
20,2026-06-01T17:36:38+00:00,2026-06-27,group,Portugal,Colombia,three_way,0.36200000000000004,0.308,0.33,1.2,1.2
20,2026-06-01T17:36:38+00:00,2026-06-27,group,DR Congo,Uzbekistan,three_way,0.39399999999999996,0.297,0.308,1.3,1.2
20,2026-06-01T17:36:38+00:00,2026-06-27,group,Croatia,Ghana,three_way,0.703,0.209,0.08800000000000001,2.2,0.6
20,2026-06-01T17:36:38+00:00,2026-06-27,group,Austria,Algeria,three_way,0.467,0.267,0.266,1.7,1.2
21,2026-06-02T15:13:18+00:00,2026-06-11,group,Mexico,South Africa,three_way,0.769,0.187,0.044000000000000004,2.2,0.3
21,2026-06-02T15:13:18+00:00,2026-06-11,group,Czech Republic,South Korea,three_way,0.369,0.298,0.33299999999999996,1.3,1.2
21,2026-06-02T15:13:18+00:00,2026-06-12,group,Canada,Bosnia and Herzegovina,three_way,0.664,0.22899999999999998,0.10800000000000001,2.0,0.7
21,2026-06-02T15:13:18+00:00,2026-06-12,group,United States,Paraguay,three_way,0.434,0.307,0.259,1.3,1.0
21,2026-06-02T15:13:18+00:00,2026-06-13,group,Brazil,Morocco,three_way,0.615,0.261,0.124,1.7,0.6
21,2026-06-02T15:13:18+00:00,2026-06-13,group,Scotland,Haiti,three_way,0.644,0.225,0.131,2.1,0.8
21,2026-06-02T15:13:18+00:00,2026-06-13,group,Switzerland,Qatar,three_way,0.8690000000000001,0.107,0.024,3.3,0.4
21,2026-06-02T15:13:18+00:00,2026-06-14,group,Sweden,Tunisia,three_way,0.547,0.267,0.18600000000000003,1.7,0.9
21,2026-06-02T15:13:18+00:00,2026-06-14,group,Ecuador,Ivory Coast,three_way,0.596,0.264,0.14,1.7,0.7
21,2026-06-02T15:13:18+00:00,2026-06-14,group,Turkey,Australia,three_way,0.65,0.22399999999999998,0.125,2.1,0.8
21,2026-06-02T15:13:18+00:00,2026-06-14,group,Netherlands,Japan,three_way,0.507,0.262,0.231,1.8,1.1
21,2026-06-02T15:13:18+00:00,2026-06-14,group,Germany,Curaçao,three_way,0.91,0.076,0.013999999999999999,3.8,0.3
21,2026-06-02T15:13:18+00:00,2026-06-15,group,Spain,Cape Verde,three_way,0.9,0.08800000000000001,0.012,3.4,0.2
21,2026-06-02T15:13:18+00:00,2026-06-15,group,Iran,New Zealand,three_way,0.54,0.275,0.185,1.7,0.9
21,2026-06-02T15:13:18+00:00,2026-06-15,group,Belgium,Egypt,three_way,0.62,0.237,0.14300000000000002,2.0,0.8
21,2026-06-02T15:13:18+00:00,2026-06-15,group,Uruguay,Saudi Arabia,three_way,0.757,0.18899999999999997,0.054000000000000006,2.3,0.4
21,2026-06-02T15:13:18+00:00,2026-06-16,group,Argentina,Algeria,three_way,0.805,0.152,0.043,2.7,0.5
21,2026-06-02T15:13:18+00:00,2026-06-16,group,France,Senegal,three_way,0.602,0.264,0.135,1.7,0.7
21,2026-06-02T15:13:18+00:00,2026-06-16,group,Norway,Iraq,three_way,0.821,0.141,0.038,2.8,0.4
21,2026-06-02T15:13:18+00:00,2026-06-17,group,Colombia,Uzbekistan,three_way,0.759,0.184,0.055999999999999994,2.3,0.5
21,2026-06-02T15:13:18+00:00,2026-06-17,group,Panama,Ghana,three_way,0.498,0.284,0.21899999999999997,1.6,0.9
21,2026-06-02T15:13:18+00:00,2026-06-17,group,Portugal,DR Congo,three_way,0.748,0.185,0.067,2.4,0.6
21,2026-06-02T15:13:18+00:00,2026-06-17,group,England,Croatia,three_way,0.627,0.242,0.131,1.9,0.7
21,2026-06-02T15:13:18+00:00,2026-06-17,group,Austria,Jordan,three_way,0.669,0.215,0.11599999999999999,2.2,0.8
21,2026-06-02T15:13:18+00:00,2026-06-18,group,Mexico,South Korea,three_way,0.6759999999999999,0.23800000000000002,0.085,1.9,0.5
21,2026-06-02T15:13:18+00:00,2026-06-18,group,Czech Republic,South Africa,three_way,0.528,0.27899999999999997,0.193,1.6,0.9
21,2026-06-02T15:13:18+00:00,2026-06-18,group,Canada,Qatar,three_way,0.848,0.125,0.026000000000000002,2.9,0.3
21,2026-06-02T15:13:18+00:00,2026-06-18,group,Switzerland,Bosnia and Herzegovina,three_way,0.6859999999999999,0.20600000000000002,0.107,2.3,0.8
21,2026-06-02T15:13:18+00:00,2026-06-19,group,United States,Australia,three_way,0.585,0.263,0.152,1.8,0.8
21,2026-06-02T15:13:18+00:00,2026-06-19,group,Brazil,Haiti,three_way,0.8640000000000001,0.11,0.026000000000000002,3.2,0.4
21,2026-06-02T15:13:18+00:00,2026-06-19,group,Morocco,Scotland,three_way,0.369,0.32799999999999996,0.303,1.1,1.0
21,2026-06-02T15:13:18+00:00,2026-06-19,group,Turkey,Paraguay,three_way,0.479,0.278,0.242,1.6,1.1
21,2026-06-02T15:13:18+00:00,2026-06-20,group,Ecuador,Curaçao,three_way,0.8220000000000001,0.14400000000000002,0.034,2.7,0.4
21,2026-06-02T15:13:18+00:00,2026-06-20,group,Netherlands,Sweden,three_way,0.652,0.21600000000000003,0.132,2.2,0.9
21,2026-06-02T15:13:18+00:00,2026-06-20,group,Germany,Ivory Coast,three_way,0.762,0.165,0.073,2.7,0.7
21,2026-06-02T15:13:18+00:00,2026-06-21,group,Uruguay,Cape Verde,three_way,0.75,0.19399999999999998,0.055,2.2,0.4
21,2026-06-02T15:13:18+00:00,2026-06-21,group,Belgium,Iran,three_way,0.659,0.22399999999999998,0.11800000000000001,2.1,0.7
21,2026-06-02T15:13:18+00:00,2026-06-21,group,Spain,Saudi Arabia,three_way,0.903,0.085,0.011000000000000001,3.5,0.2
21,2026-06-02T15:13:18+00:00,2026-06-21,group,Egypt,New Zealand,three_way,0.594,0.256,0.15,1.8,0.8
21,2026-06-02T15:13:18+00:00,2026-06-21,group,Japan,Tunisia,three_way,0.669,0.22699999999999998,0.105,2.0,0.7
21,2026-06-02T15:13:18+00:00,2026-06-22,group,Algeria,Jordan,three_way,0.562,0.258,0.179,1.8,0.9
21,2026-06-02T15:13:18+00:00,2026-06-22,group,Norway,Senegal,three_way,0.499,0.282,0.21899999999999997,1.6,1.0
21,2026-06-02T15:13:18+00:00,2026-06-22,group,France,Iraq,three_way,0.8640000000000001,0.11599999999999999,0.021,3.0,0.3
21,2026-06-02T15:13:18+00:00,2026-06-22,group,Argentina,Austria,three_way,0.752,0.179,0.069,2.5,0.6
21,2026-06-02T15:13:18+00:00,2026-06-23,group,Croatia,Panama,three_way,0.5770000000000001,0.257,0.166,1.8,0.9
21,2026-06-02T15:13:18+00:00,2026-06-23,group,Portugal,Uzbekistan,three_way,0.7809999999999999,0.165,0.053,2.6,0.5
21,2026-06-02T15:13:18+00:00,2026-06-23,group,England,Ghana,three_way,0.857,0.12,0.023,3.0,0.3
21,2026-06-02T15:13:18+00:00,2026-06-23,group,Colombia,DR Congo,three_way,0.723,0.20600000000000002,0.07200000000000001,2.1,0.5
21,2026-06-02T15:13:18+00:00,2026-06-24,group,Canada,Switzerland,three_way,0.35600000000000004,0.306,0.33799999999999997,1.2,1.2
21,2026-06-02T15:13:18+00:00,2026-06-24,group,South Korea,South Africa,three_way,0.48700000000000004,0.302,0.21100000000000002,1.4,0.8
21,2026-06-02T15:13:18+00:00,2026-06-24,group,Morocco,Haiti,three_way,0.645,0.24,0.11599999999999999,1.9,0.7
21,2026-06-02T15:13:18+00:00,2026-06-24,group,Mexico,Czech Republic,three_way,0.6859999999999999,0.225,0.08900000000000001,2.0,0.6
21,2026-06-02T15:13:18+00:00,2026-06-24,group,Bosnia and Herzegovina,Qatar,three_way,0.677,0.20800000000000002,0.115,2.3,0.8
21,2026-06-02T15:13:18+00:00,2026-06-24,group,Brazil,Scotland,three_way,0.6809999999999999,0.21600000000000003,0.10300000000000001,2.1,0.7
21,2026-06-02T15:13:18+00:00,2026-06-25,group,Germany,Ecuador,three_way,0.501,0.261,0.23800000000000002,1.8,1.2
21,2026-06-02T15:13:18+00:00,2026-06-25,group,Japan,Sweden,three_way,0.509,0.261,0.23,1.8,1.1
21,2026-06-02T15:13:18+00:00,2026-06-25,group,Paraguay,Australia,three_way,0.498,0.295,0.207,1.5,0.9
21,2026-06-02T15:13:18+00:00,2026-06-25,group,Ivory Coast,Curaçao,three_way,0.6629999999999999,0.225,0.11199999999999999,2.1,0.7
21,2026-06-02T15:13:18+00:00,2026-06-25,group,United States,Turkey,three_way,0.33,0.28300000000000003,0.387,1.3,1.4
21,2026-06-02T15:13:18+00:00,2026-06-25,group,Netherlands,Tunisia,three_way,0.77,0.17300000000000001,0.057,2.5,0.5
21,2026-06-02T15:13:18+00:00,2026-06-26,group,France,Norway,three_way,0.504,0.265,0.231,1.7,1.1
21,2026-06-02T15:13:18+00:00,2026-06-26,group,Belgium,New Zealand,three_way,0.81,0.145,0.045,2.8,0.5
21,2026-06-02T15:13:18+00:00,2026-06-26,group,Spain,Uruguay,three_way,0.634,0.239,0.127,1.9,0.7
21,2026-06-02T15:13:18+00:00,2026-06-26,group,Saudi Arabia,Cape Verde,three_way,0.331,0.33399999999999996,0.33399999999999996,1.0,1.0
21,2026-06-02T15:13:18+00:00,2026-06-26,group,Senegal,Iraq,three_way,0.6829999999999999,0.233,0.083,1.9,0.5
21,2026-06-02T15:13:18+00:00,2026-06-26,group,Egypt,Iran,three_way,0.389,0.309,0.302,1.3,1.1
21,2026-06-02T15:13:18+00:00,2026-06-27,group,Croatia,Ghana,three_way,0.706,0.20800000000000002,0.087,2.2,0.6
21,2026-06-02T15:13:18+00:00,2026-06-27,group,Argentina,Jordan,three_way,0.884,0.1,0.016,3.3,0.3
21,2026-06-02T15:13:18+00:00,2026-06-27,group,Austria,Algeria,three_way,0.475,0.266,0.259,1.7,1.2
21,2026-06-02T15:13:18+00:00,2026-06-27,group,Portugal,Colombia,three_way,0.358,0.308,0.33399999999999996,1.2,1.2
21,2026-06-02T15:13:18+00:00,2026-06-27,group,England,Panama,three_way,0.787,0.16399999999999998,0.049,2.5,0.5
21,2026-06-02T15:13:18+00:00,2026-06-27,group,DR Congo,Uzbekistan,three_way,0.397,0.298,0.305,1.3,1.2
22,2026-06-03T07:42:56+00:00,2026-06-11,group,Czech Republic,South Korea,three_way,0.369,0.298,0.33299999999999996,1.3,1.2
22,2026-06-03T07:42:56+00:00,2026-06-11,group,Mexico,South Africa,three_way,0.768,0.187,0.044000000000000004,2.2,0.3
22,2026-06-03T07:42:56+00:00,2026-06-12,group,Canada,Bosnia and Herzegovina,three_way,0.6629999999999999,0.22899999999999998,0.10800000000000001,2.0,0.7
22,2026-06-03T07:42:56+00:00,2026-06-12,group,United States,Paraguay,three_way,0.433,0.307,0.26,1.3,1.0
22,2026-06-03T07:42:56+00:00,2026-06-13,group,Switzerland,Qatar,three_way,0.8690000000000001,0.107,0.024,3.3,0.4
22,2026-06-03T07:42:56+00:00,2026-06-13,group,Scotland,Haiti,three_way,0.644,0.225,0.131,2.1,0.8
22,2026-06-03T07:42:56+00:00,2026-06-13,group,Brazil,Morocco,three_way,0.61,0.263,0.127,1.7,0.6
22,2026-06-03T07:42:56+00:00,2026-06-14,group,Turkey,Australia,three_way,0.65,0.225,0.125,2.1,0.8
22,2026-06-03T07:42:56+00:00,2026-06-14,group,Netherlands,Japan,three_way,0.507,0.262,0.231,1.8,1.1
22,2026-06-03T07:42:56+00:00,2026-06-14,group,Germany,Curaçao,three_way,0.91,0.076,0.013999999999999999,3.8,0.3
22,2026-06-03T07:42:56+00:00,2026-06-14,group,Sweden,Tunisia,three_way,0.547,0.267,0.18600000000000003,1.7,0.9
22,2026-06-03T07:42:56+00:00,2026-06-14,group,Ecuador,Ivory Coast,three_way,0.596,0.264,0.14,1.7,0.7
22,2026-06-03T07:42:56+00:00,2026-06-15,group,Uruguay,Saudi Arabia,three_way,0.757,0.18899999999999997,0.054000000000000006,2.3,0.4
22,2026-06-03T07:42:56+00:00,2026-06-15,group,Spain,Cape Verde,three_way,0.9,0.08800000000000001,0.012,3.4,0.2
22,2026-06-03T07:42:56+00:00,2026-06-15,group,Belgium,Egypt,three_way,0.608,0.24100000000000002,0.151,2.0,0.9
22,2026-06-03T07:42:56+00:00,2026-06-15,group,Iran,New Zealand,three_way,0.54,0.275,0.185,1.7,0.9
22,2026-06-03T07:42:56+00:00,2026-06-16,group,Norway,Iraq,three_way,0.821,0.141,0.038,2.8,0.4
22,2026-06-03T07:42:56+00:00,2026-06-16,group,Argentina,Algeria,three_way,0.805,0.152,0.043,2.7,0.5
22,2026-06-03T07:42:56+00:00,2026-06-16,group,France,Senegal,three_way,0.602,0.264,0.135,1.7,0.7
22,2026-06-03T07:42:56+00:00,2026-06-17,group,England,Croatia,three_way,0.616,0.245,0.138,1.9,0.8
22,2026-06-03T07:42:56+00:00,2026-06-17,group,Austria,Jordan,three_way,0.669,0.215,0.11599999999999999,2.2,0.8
22,2026-06-03T07:42:56+00:00,2026-06-17,group,Portugal,DR Congo,three_way,0.748,0.185,0.067,2.4,0.6
22,2026-06-03T07:42:56+00:00,2026-06-17,group,Colombia,Uzbekistan,three_way,0.759,0.184,0.055999999999999994,2.3,0.5
22,2026-06-03T07:42:56+00:00,2026-06-17,group,Panama,Ghana,three_way,0.494,0.285,0.222,1.6,1.0
22,2026-06-03T07:42:56+00:00,2026-06-18,group,Mexico,South Korea,three_way,0.6759999999999999,0.23800000000000002,0.085,1.9,0.5
22,2026-06-03T07:42:56+00:00,2026-06-18,group,Czech Republic,South Africa,three_way,0.528,0.27899999999999997,0.193,1.6,0.9
22,2026-06-03T07:42:56+00:00,2026-06-18,group,Canada,Qatar,three_way,0.848,0.125,0.027000000000000003,2.9,0.3
22,2026-06-03T07:42:56+00:00,2026-06-18,group,Switzerland,Bosnia and Herzegovina,three_way,0.6859999999999999,0.20600000000000002,0.107,2.3,0.8
22,2026-06-03T07:42:56+00:00,2026-06-19,group,Brazil,Haiti,three_way,0.8640000000000001,0.11,0.026000000000000002,3.2,0.4
22,2026-06-03T07:42:56+00:00,2026-06-19,group,United States,Australia,three_way,0.585,0.263,0.152,1.7,0.8
22,2026-06-03T07:42:56+00:00,2026-06-19,group,Morocco,Scotland,three_way,0.374,0.32799999999999996,0.298,1.1,1.0
22,2026-06-03T07:42:56+00:00,2026-06-19,group,Turkey,Paraguay,three_way,0.479,0.278,0.242,1.6,1.1
22,2026-06-03T07:42:56+00:00,2026-06-20,group,Germany,Ivory Coast,three_way,0.762,0.165,0.073,2.7,0.7
22,2026-06-03T07:42:56+00:00,2026-06-20,group,Ecuador,Curaçao,three_way,0.8220000000000001,0.14400000000000002,0.034,2.7,0.4
22,2026-06-03T07:42:56+00:00,2026-06-20,group,Netherlands,Sweden,three_way,0.652,0.21600000000000003,0.132,2.2,0.9
22,2026-06-03T07:42:56+00:00,2026-06-21,group,Spain,Saudi Arabia,three_way,0.903,0.085,0.011000000000000001,3.5,0.2
22,2026-06-03T07:42:56+00:00,2026-06-21,group,Egypt,New Zealand,three_way,0.594,0.256,0.15,1.8,0.8
22,2026-06-03T07:42:56+00:00,2026-06-21,group,Belgium,Iran,three_way,0.647,0.228,0.124,2.1,0.8
22,2026-06-03T07:42:56+00:00,2026-06-21,group,Uruguay,Cape Verde,three_way,0.75,0.19399999999999998,0.055,2.2,0.4
22,2026-06-03T07:42:56+00:00,2026-06-21,group,Japan,Tunisia,three_way,0.669,0.22699999999999998,0.105,2.0,0.7
22,2026-06-03T07:42:56+00:00,2026-06-22,group,Algeria,Jordan,three_way,0.562,0.259,0.179,1.8,0.9
22,2026-06-03T07:42:56+00:00,2026-06-22,group,Argentina,Austria,three_way,0.752,0.179,0.069,2.5,0.6
22,2026-06-03T07:42:56+00:00,2026-06-22,group,France,Iraq,three_way,0.863,0.11599999999999999,0.021,3.0,0.3
22,2026-06-03T07:42:56+00:00,2026-06-22,group,Norway,Senegal,three_way,0.499,0.282,0.21899999999999997,1.6,1.0
22,2026-06-03T07:42:56+00:00,2026-06-23,group,Portugal,Uzbekistan,three_way,0.7809999999999999,0.165,0.053,2.6,0.5
22,2026-06-03T07:42:56+00:00,2026-06-23,group,Colombia,DR Congo,three_way,0.723,0.20600000000000002,0.07200000000000001,2.1,0.5
22,2026-06-03T07:42:56+00:00,2026-06-23,group,England,Ghana,three_way,0.855,0.121,0.024,3.0,0.3
22,2026-06-03T07:42:56+00:00,2026-06-23,group,Croatia,Panama,three_way,0.593,0.25,0.157,1.9,0.8
22,2026-06-03T07:42:56+00:00,2026-06-24,group,Mexico,Czech Republic,three_way,0.685,0.226,0.08900000000000001,2.0,0.6
22,2026-06-03T07:42:56+00:00,2026-06-24,group,Morocco,Haiti,three_way,0.649,0.23800000000000002,0.113,1.9,0.7
22,2026-06-03T07:42:56+00:00,2026-06-24,group,Brazil,Scotland,three_way,0.6809999999999999,0.21600000000000003,0.10300000000000001,2.1,0.7
22,2026-06-03T07:42:56+00:00,2026-06-24,group,Canada,Switzerland,three_way,0.35600000000000004,0.306,0.33799999999999997,1.2,1.2
22,2026-06-03T07:42:56+00:00,2026-06-24,group,Bosnia and Herzegovina,Qatar,three_way,0.677,0.20800000000000002,0.115,2.3,0.8
22,2026-06-03T07:42:56+00:00,2026-06-24,group,South Korea,South Africa,three_way,0.48700000000000004,0.302,0.21100000000000002,1.4,0.8
22,2026-06-03T07:42:56+00:00,2026-06-25,group,Germany,Ecuador,three_way,0.501,0.261,0.23800000000000002,1.8,1.2
22,2026-06-03T07:42:56+00:00,2026-06-25,group,Japan,Sweden,three_way,0.509,0.261,0.23,1.8,1.1
22,2026-06-03T07:42:56+00:00,2026-06-25,group,United States,Turkey,three_way,0.32899999999999996,0.28300000000000003,0.38799999999999996,1.3,1.4
22,2026-06-03T07:42:56+00:00,2026-06-25,group,Ivory Coast,Curaçao,three_way,0.6629999999999999,0.225,0.11199999999999999,2.1,0.7
22,2026-06-03T07:42:56+00:00,2026-06-25,group,Netherlands,Tunisia,three_way,0.77,0.17300000000000001,0.057,2.5,0.5
22,2026-06-03T07:42:56+00:00,2026-06-25,group,Paraguay,Australia,three_way,0.498,0.295,0.207,1.5,0.9
22,2026-06-03T07:42:56+00:00,2026-06-26,group,Belgium,New Zealand,three_way,0.8029999999999999,0.149,0.048,2.8,0.5
22,2026-06-03T07:42:56+00:00,2026-06-26,group,Senegal,Iraq,three_way,0.6829999999999999,0.233,0.083,1.9,0.5
22,2026-06-03T07:42:56+00:00,2026-06-26,group,Spain,Uruguay,three_way,0.634,0.239,0.127,1.9,0.7
22,2026-06-03T07:42:56+00:00,2026-06-26,group,Egypt,Iran,three_way,0.389,0.309,0.302,1.3,1.1
22,2026-06-03T07:42:56+00:00,2026-06-26,group,Saudi Arabia,Cape Verde,three_way,0.331,0.33399999999999996,0.33399999999999996,1.0,1.0
22,2026-06-03T07:42:56+00:00,2026-06-26,group,France,Norway,three_way,0.504,0.265,0.231,1.7,1.1
22,2026-06-03T07:42:56+00:00,2026-06-27,group,England,Panama,three_way,0.787,0.16399999999999998,0.049,2.5,0.5
22,2026-06-03T07:42:56+00:00,2026-06-27,group,Croatia,Ghana,three_way,0.715,0.203,0.083,2.2,0.6
22,2026-06-03T07:42:56+00:00,2026-06-27,group,DR Congo,Uzbekistan,three_way,0.397,0.298,0.305,1.3,1.1
22,2026-06-03T07:42:56+00:00,2026-06-27,group,Argentina,Jordan,three_way,0.884,0.1,0.016,3.3,0.3
22,2026-06-03T07:42:56+00:00,2026-06-27,group,Portugal,Colombia,three_way,0.358,0.308,0.33399999999999996,1.2,1.2
22,2026-06-03T07:42:56+00:00,2026-06-27,group,Austria,Algeria,three_way,0.475,0.266,0.259,1.7,1.2
23,2026-06-03T08:02:24+00:00,2026-06-11,group,Czech Republic,South Korea,three_way,0.369,0.298,0.33299999999999996,1.3,1.2
23,2026-06-03T08:02:24+00:00,2026-06-11,group,Mexico,South Africa,three_way,0.768,0.187,0.044000000000000004,2.2,0.3
23,2026-06-03T08:02:24+00:00,2026-06-12,group,United States,Paraguay,three_way,0.433,0.307,0.26,1.3,1.0
23,2026-06-03T08:02:24+00:00,2026-06-12,group,Canada,Bosnia and Herzegovina,three_way,0.6629999999999999,0.22899999999999998,0.10800000000000001,2.0,0.7
23,2026-06-03T08:02:24+00:00,2026-06-13,group,Switzerland,Qatar,three_way,0.8690000000000001,0.107,0.024,3.3,0.4
23,2026-06-03T08:02:24+00:00,2026-06-13,group,Brazil,Morocco,three_way,0.61,0.263,0.127,1.7,0.6
23,2026-06-03T08:02:24+00:00,2026-06-13,group,Scotland,Haiti,three_way,0.644,0.225,0.131,2.1,0.8
23,2026-06-03T08:02:24+00:00,2026-06-14,group,Turkey,Australia,three_way,0.65,0.225,0.126,2.1,0.8
23,2026-06-03T08:02:24+00:00,2026-06-14,group,Germany,Curaçao,three_way,0.91,0.076,0.013999999999999999,3.8,0.3
23,2026-06-03T08:02:24+00:00,2026-06-14,group,Ecuador,Ivory Coast,three_way,0.596,0.264,0.14,1.7,0.7
23,2026-06-03T08:02:24+00:00,2026-06-14,group,Netherlands,Japan,three_way,0.507,0.262,0.231,1.8,1.1
23,2026-06-03T08:02:24+00:00,2026-06-14,group,Sweden,Tunisia,three_way,0.547,0.267,0.18600000000000003,1.7,0.9
23,2026-06-03T08:02:24+00:00,2026-06-15,group,Belgium,Egypt,three_way,0.632,0.233,0.136,2.0,0.8
23,2026-06-03T08:02:24+00:00,2026-06-15,group,Iran,New Zealand,three_way,0.54,0.275,0.185,1.7,0.9
23,2026-06-03T08:02:24+00:00,2026-06-15,group,Spain,Cape Verde,three_way,0.9,0.08800000000000001,0.012,3.4,0.2
23,2026-06-03T08:02:24+00:00,2026-06-15,group,Uruguay,Saudi Arabia,three_way,0.757,0.18899999999999997,0.054000000000000006,2.3,0.4
23,2026-06-03T08:02:24+00:00,2026-06-16,group,Norway,Iraq,three_way,0.821,0.141,0.038,2.8,0.4
23,2026-06-03T08:02:24+00:00,2026-06-16,group,France,Senegal,three_way,0.602,0.264,0.135,1.7,0.7
23,2026-06-03T08:02:24+00:00,2026-06-16,group,Argentina,Algeria,three_way,0.805,0.152,0.043,2.7,0.5
23,2026-06-03T08:02:24+00:00,2026-06-17,group,Austria,Jordan,three_way,0.669,0.215,0.11599999999999999,2.2,0.8
23,2026-06-03T08:02:24+00:00,2026-06-17,group,Panama,Ghana,three_way,0.494,0.285,0.222,1.6,1.0
23,2026-06-03T08:02:24+00:00,2026-06-17,group,Portugal,DR Congo,three_way,0.748,0.185,0.067,2.4,0.6
23,2026-06-03T08:02:24+00:00,2026-06-17,group,England,Croatia,three_way,0.639,0.23600000000000002,0.124,2.0,0.7
23,2026-06-03T08:02:24+00:00,2026-06-17,group,Colombia,Uzbekistan,three_way,0.759,0.184,0.055999999999999994,2.3,0.5
23,2026-06-03T08:02:24+00:00,2026-06-18,group,Czech Republic,South Africa,three_way,0.528,0.27899999999999997,0.193,1.6,0.9
23,2026-06-03T08:02:24+00:00,2026-06-18,group,Canada,Qatar,three_way,0.848,0.125,0.027000000000000003,2.9,0.3
23,2026-06-03T08:02:24+00:00,2026-06-18,group,Mexico,South Korea,three_way,0.6759999999999999,0.23800000000000002,0.085,1.9,0.5
23,2026-06-03T08:02:24+00:00,2026-06-18,group,Switzerland,Bosnia and Herzegovina,three_way,0.6859999999999999,0.20600000000000002,0.107,2.3,0.8
23,2026-06-03T08:02:24+00:00,2026-06-19,group,Turkey,Paraguay,three_way,0.479,0.278,0.242,1.6,1.1
23,2026-06-03T08:02:24+00:00,2026-06-19,group,United States,Australia,three_way,0.585,0.263,0.152,1.7,0.8
23,2026-06-03T08:02:24+00:00,2026-06-19,group,Brazil,Haiti,three_way,0.8640000000000001,0.11,0.026000000000000002,3.2,0.4
23,2026-06-03T08:02:24+00:00,2026-06-19,group,Morocco,Scotland,three_way,0.374,0.32799999999999996,0.298,1.1,1.0
23,2026-06-03T08:02:24+00:00,2026-06-20,group,Germany,Ivory Coast,three_way,0.762,0.165,0.073,2.7,0.7
23,2026-06-03T08:02:24+00:00,2026-06-20,group,Ecuador,Curaçao,three_way,0.8220000000000001,0.14400000000000002,0.034,2.7,0.4
23,2026-06-03T08:02:24+00:00,2026-06-20,group,Netherlands,Sweden,three_way,0.652,0.21600000000000003,0.132,2.2,0.9
23,2026-06-03T08:02:24+00:00,2026-06-21,group,Uruguay,Cape Verde,three_way,0.75,0.19399999999999998,0.055,2.2,0.4
23,2026-06-03T08:02:24+00:00,2026-06-21,group,Egypt,New Zealand,three_way,0.594,0.256,0.15,1.8,0.8
23,2026-06-03T08:02:24+00:00,2026-06-21,group,Spain,Saudi Arabia,three_way,0.903,0.085,0.011000000000000001,3.5,0.2
23,2026-06-03T08:02:24+00:00,2026-06-21,group,Japan,Tunisia,three_way,0.669,0.22699999999999998,0.105,2.0,0.7
23,2026-06-03T08:02:24+00:00,2026-06-21,group,Belgium,Iran,three_way,0.67,0.21899999999999997,0.111,2.1,0.7
23,2026-06-03T08:02:24+00:00,2026-06-22,group,France,Iraq,three_way,0.863,0.11599999999999999,0.021,3.0,0.3
23,2026-06-03T08:02:24+00:00,2026-06-22,group,Algeria,Jordan,three_way,0.562,0.259,0.179,1.8,0.9
23,2026-06-03T08:02:24+00:00,2026-06-22,group,Norway,Senegal,three_way,0.499,0.282,0.21899999999999997,1.6,1.0
23,2026-06-03T08:02:24+00:00,2026-06-22,group,Argentina,Austria,three_way,0.752,0.179,0.069,2.5,0.6
23,2026-06-03T08:02:24+00:00,2026-06-23,group,Colombia,DR Congo,three_way,0.723,0.20600000000000002,0.07200000000000001,2.1,0.5
23,2026-06-03T08:02:24+00:00,2026-06-23,group,Croatia,Panama,three_way,0.568,0.258,0.174,1.8,0.9
23,2026-06-03T08:02:24+00:00,2026-06-23,group,England,Ghana,three_way,0.855,0.121,0.024,3.0,0.3
23,2026-06-03T08:02:24+00:00,2026-06-23,group,Portugal,Uzbekistan,three_way,0.7809999999999999,0.165,0.053,2.6,0.5
23,2026-06-03T08:02:24+00:00,2026-06-24,group,South Korea,South Africa,three_way,0.48700000000000004,0.302,0.21100000000000002,1.4,0.8
23,2026-06-03T08:02:24+00:00,2026-06-24,group,Bosnia and Herzegovina,Qatar,three_way,0.677,0.20800000000000002,0.115,2.3,0.8
23,2026-06-03T08:02:24+00:00,2026-06-24,group,Mexico,Czech Republic,three_way,0.685,0.226,0.08900000000000001,2.0,0.6
23,2026-06-03T08:02:24+00:00,2026-06-24,group,Brazil,Scotland,three_way,0.6809999999999999,0.21600000000000003,0.10300000000000001,2.1,0.7
23,2026-06-03T08:02:24+00:00,2026-06-24,group,Morocco,Haiti,three_way,0.649,0.23800000000000002,0.113,1.9,0.7
23,2026-06-03T08:02:24+00:00,2026-06-24,group,Canada,Switzerland,three_way,0.35600000000000004,0.306,0.33799999999999997,1.2,1.2
23,2026-06-03T08:02:24+00:00,2026-06-25,group,Japan,Sweden,three_way,0.509,0.261,0.23,1.8,1.1
23,2026-06-03T08:02:24+00:00,2026-06-25,group,Netherlands,Tunisia,three_way,0.77,0.17300000000000001,0.057,2.5,0.5
23,2026-06-03T08:02:24+00:00,2026-06-25,group,Paraguay,Australia,three_way,0.498,0.295,0.207,1.5,0.9
23,2026-06-03T08:02:24+00:00,2026-06-25,group,Germany,Ecuador,three_way,0.501,0.261,0.23800000000000002,1.8,1.2
23,2026-06-03T08:02:24+00:00,2026-06-25,group,Ivory Coast,Curaçao,three_way,0.6629999999999999,0.225,0.11199999999999999,2.1,0.7
23,2026-06-03T08:02:24+00:00,2026-06-25,group,United States,Turkey,three_way,0.32899999999999996,0.28300000000000003,0.38799999999999996,1.3,1.4
23,2026-06-03T08:02:24+00:00,2026-06-26,group,Saudi Arabia,Cape Verde,three_way,0.331,0.33399999999999996,0.33399999999999996,1.0,1.0
23,2026-06-03T08:02:24+00:00,2026-06-26,group,France,Norway,three_way,0.504,0.265,0.231,1.7,1.1
23,2026-06-03T08:02:24+00:00,2026-06-26,group,Spain,Uruguay,three_way,0.634,0.239,0.127,1.9,0.7
23,2026-06-03T08:02:24+00:00,2026-06-26,group,Egypt,Iran,three_way,0.389,0.309,0.302,1.3,1.1
23,2026-06-03T08:02:24+00:00,2026-06-26,group,Belgium,New Zealand,three_way,0.8170000000000001,0.141,0.042,2.8,0.5
23,2026-06-03T08:02:24+00:00,2026-06-26,group,Senegal,Iraq,three_way,0.6829999999999999,0.233,0.083,1.9,0.5
23,2026-06-03T08:02:24+00:00,2026-06-27,group,Croatia,Ghana,three_way,0.695,0.212,0.09300000000000001,2.2,0.6
23,2026-06-03T08:02:24+00:00,2026-06-27,group,Argentina,Jordan,three_way,0.884,0.1,0.016,3.3,0.3
23,2026-06-03T08:02:24+00:00,2026-06-27,group,DR Congo,Uzbekistan,three_way,0.397,0.298,0.305,1.3,1.1
23,2026-06-03T08:02:24+00:00,2026-06-27,group,Austria,Algeria,three_way,0.475,0.266,0.259,1.7,1.2
23,2026-06-03T08:02:24+00:00,2026-06-27,group,England,Panama,three_way,0.787,0.16399999999999998,0.049,2.5,0.5
23,2026-06-03T08:02:24+00:00,2026-06-27,group,Portugal,Colombia,three_way,0.358,0.308,0.33399999999999996,1.2,1.2
24,2026-06-04T19:11:53+00:00,2026-06-11,group,Mexico,South Africa,three_way,0.769,0.187,0.044000000000000004,2.2,0.4
24,2026-06-04T19:11:53+00:00,2026-06-11,group,Czech Republic,South Korea,three_way,0.369,0.298,0.33299999999999996,1.3,1.2
24,2026-06-04T19:11:53+00:00,2026-06-12,group,Canada,Bosnia and Herzegovina,three_way,0.664,0.228,0.10800000000000001,2.0,0.7
24,2026-06-04T19:11:53+00:00,2026-06-12,group,United States,Paraguay,three_way,0.434,0.307,0.26,1.3,1.0
24,2026-06-04T19:11:53+00:00,2026-06-13,group,Brazil,Morocco,three_way,0.611,0.262,0.127,1.7,0.6
24,2026-06-04T19:11:53+00:00,2026-06-13,group,Switzerland,Qatar,three_way,0.8690000000000001,0.107,0.024,3.3,0.4
24,2026-06-04T19:11:53+00:00,2026-06-13,group,Scotland,Haiti,three_way,0.644,0.225,0.131,2.1,0.8
24,2026-06-04T19:11:53+00:00,2026-06-14,group,Turkey,Australia,three_way,0.65,0.22399999999999998,0.125,2.1,0.8
24,2026-06-04T19:11:53+00:00,2026-06-14,group,Netherlands,Japan,three_way,0.49200000000000005,0.265,0.243,1.7,1.2
24,2026-06-04T19:11:53+00:00,2026-06-14,group,Germany,Curaçao,three_way,0.91,0.076,0.013999999999999999,3.9,0.3
24,2026-06-04T19:11:53+00:00,2026-06-14,group,Ecuador,Ivory Coast,three_way,0.597,0.263,0.14,1.7,0.7
24,2026-06-04T19:11:53+00:00,2026-06-14,group,Sweden,Tunisia,three_way,0.5479999999999999,0.267,0.18600000000000003,1.7,0.9
24,2026-06-04T19:11:53+00:00,2026-06-15,group,Iran,New Zealand,three_way,0.54,0.275,0.185,1.7,0.9
24,2026-06-04T19:11:53+00:00,2026-06-15,group,Belgium,Egypt,three_way,0.632,0.23199999999999998,0.136,2.0,0.8
24,2026-06-04T19:11:53+00:00,2026-06-15,group,Uruguay,Saudi Arabia,three_way,0.757,0.18899999999999997,0.054000000000000006,2.3,0.4
24,2026-06-04T19:11:53+00:00,2026-06-15,group,Spain,Cape Verde,three_way,0.9,0.08800000000000001,0.012,3.4,0.2
24,2026-06-04T19:11:53+00:00,2026-06-16,group,Argentina,Algeria,three_way,0.797,0.157,0.046,2.6,0.5
24,2026-06-04T19:11:53+00:00,2026-06-16,group,Norway,Iraq,three_way,0.821,0.141,0.038,2.8,0.4
24,2026-06-04T19:11:53+00:00,2026-06-16,group,France,Senegal,three_way,0.602,0.263,0.135,1.7,0.7
24,2026-06-04T19:11:53+00:00,2026-06-17,group,England,Croatia,three_way,0.64,0.23600000000000002,0.124,2.0,0.7
24,2026-06-04T19:11:53+00:00,2026-06-17,group,Austria,Jordan,three_way,0.67,0.215,0.115,2.2,0.8
24,2026-06-04T19:11:53+00:00,2026-06-17,group,Panama,Ghana,three_way,0.498,0.28300000000000003,0.21899999999999997,1.6,1.0
24,2026-06-04T19:11:53+00:00,2026-06-17,group,Portugal,DR Congo,three_way,0.745,0.187,0.069,2.4,0.6
24,2026-06-04T19:11:53+00:00,2026-06-17,group,Colombia,Uzbekistan,three_way,0.76,0.184,0.055999999999999994,2.3,0.5
24,2026-06-04T19:11:53+00:00,2026-06-18,group,Canada,Qatar,three_way,0.848,0.125,0.026000000000000002,2.9,0.3
24,2026-06-04T19:11:53+00:00,2026-06-18,group,Czech Republic,South Africa,three_way,0.529,0.278,0.193,1.6,0.9
24,2026-06-04T19:11:53+00:00,2026-06-18,group,Mexico,South Korea,three_way,0.677,0.23800000000000002,0.085,1.9,0.5
24,2026-06-04T19:11:53+00:00,2026-06-18,group,Switzerland,Bosnia and Herzegovina,three_way,0.687,0.20600000000000002,0.107,2.3,0.8
24,2026-06-04T19:11:53+00:00,2026-06-19,group,Brazil,Haiti,three_way,0.865,0.11,0.026000000000000002,3.2,0.4
24,2026-06-04T19:11:53+00:00,2026-06-19,group,Morocco,Scotland,three_way,0.374,0.32799999999999996,0.298,1.1,1.0
24,2026-06-04T19:11:53+00:00,2026-06-19,group,Turkey,Paraguay,three_way,0.48,0.278,0.243,1.6,1.1
24,2026-06-04T19:11:53+00:00,2026-06-19,group,United States,Australia,three_way,0.585,0.263,0.152,1.8,0.8
24,2026-06-04T19:11:53+00:00,2026-06-20,group,Ecuador,Curaçao,three_way,0.823,0.14400000000000002,0.034,2.7,0.4
24,2026-06-04T19:11:53+00:00,2026-06-20,group,Germany,Ivory Coast,three_way,0.763,0.165,0.07200000000000001,2.7,0.7
24,2026-06-04T19:11:53+00:00,2026-06-20,group,Netherlands,Sweden,three_way,0.639,0.221,0.14,2.2,0.9
24,2026-06-04T19:11:53+00:00,2026-06-21,group,Spain,Saudi Arabia,three_way,0.903,0.085,0.011000000000000001,3.5,0.2
24,2026-06-04T19:11:53+00:00,2026-06-21,group,Egypt,New Zealand,three_way,0.594,0.256,0.15,1.8,0.8
24,2026-06-04T19:11:53+00:00,2026-06-21,group,Japan,Tunisia,three_way,0.669,0.226,0.10400000000000001,2.0,0.7
24,2026-06-04T19:11:53+00:00,2026-06-21,group,Belgium,Iran,three_way,0.67,0.21899999999999997,0.111,2.1,0.7
24,2026-06-04T19:11:53+00:00,2026-06-21,group,Uruguay,Cape Verde,three_way,0.7509999999999999,0.19399999999999998,0.055,2.2,0.4
24,2026-06-04T19:11:53+00:00,2026-06-22,group,Norway,Senegal,three_way,0.499,0.281,0.21899999999999997,1.6,1.0
24,2026-06-04T19:11:53+00:00,2026-06-22,group,Argentina,Austria,three_way,0.753,0.17800000000000002,0.069,2.5,0.6
24,2026-06-04T19:11:53+00:00,2026-06-22,group,France,Iraq,three_way,0.8640000000000001,0.115,0.021,3.0,0.3
24,2026-06-04T19:11:53+00:00,2026-06-22,group,Algeria,Jordan,three_way,0.5770000000000001,0.254,0.16899999999999998,1.8,0.9
24,2026-06-04T19:11:53+00:00,2026-06-23,group,Croatia,Panama,three_way,0.565,0.259,0.17600000000000002,1.8,0.9
24,2026-06-04T19:11:53+00:00,2026-06-23,group,Portugal,Uzbekistan,three_way,0.7809999999999999,0.165,0.053,2.6,0.5
24,2026-06-04T19:11:53+00:00,2026-06-23,group,Colombia,DR Congo,three_way,0.7190000000000001,0.20800000000000002,0.073,2.1,0.5
24,2026-06-04T19:11:53+00:00,2026-06-23,group,England,Ghana,three_way,0.856,0.121,0.023,3.0,0.3
24,2026-06-04T19:11:53+00:00,2026-06-24,group,Canada,Switzerland,three_way,0.35600000000000004,0.305,0.33899999999999997,1.2,1.2
24,2026-06-04T19:11:53+00:00,2026-06-24,group,Morocco,Haiti,three_way,0.649,0.23800000000000002,0.113,1.9,0.7
24,2026-06-04T19:11:53+00:00,2026-06-24,group,Brazil,Scotland,three_way,0.682,0.21600000000000003,0.102,2.1,0.7
24,2026-06-04T19:11:53+00:00,2026-06-24,group,South Korea,South Africa,three_way,0.488,0.302,0.21100000000000002,1.4,0.8
24,2026-06-04T19:11:53+00:00,2026-06-24,group,Mexico,Czech Republic,three_way,0.6859999999999999,0.225,0.08900000000000001,2.0,0.6
24,2026-06-04T19:11:53+00:00,2026-06-24,group,Bosnia and Herzegovina,Qatar,three_way,0.677,0.20800000000000002,0.115,2.3,0.8
24,2026-06-04T19:11:53+00:00,2026-06-25,group,Ivory Coast,Curaçao,three_way,0.664,0.225,0.11199999999999999,2.1,0.7
24,2026-06-04T19:11:53+00:00,2026-06-25,group,Germany,Ecuador,three_way,0.501,0.261,0.23800000000000002,1.8,1.2
24,2026-06-04T19:11:53+00:00,2026-06-25,group,Netherlands,Tunisia,three_way,0.762,0.177,0.061,2.4,0.5
24,2026-06-04T19:11:53+00:00,2026-06-25,group,Paraguay,Australia,three_way,0.498,0.295,0.207,1.5,0.9
24,2026-06-04T19:11:53+00:00,2026-06-25,group,Japan,Sweden,three_way,0.509,0.261,0.23,1.8,1.1
24,2026-06-04T19:11:53+00:00,2026-06-25,group,United States,Turkey,three_way,0.33,0.28300000000000003,0.38799999999999996,1.3,1.4
24,2026-06-04T19:11:53+00:00,2026-06-26,group,France,Norway,three_way,0.504,0.265,0.231,1.7,1.1
24,2026-06-04T19:11:53+00:00,2026-06-26,group,Egypt,Iran,three_way,0.39,0.309,0.302,1.3,1.1
24,2026-06-04T19:11:53+00:00,2026-06-26,group,Spain,Uruguay,three_way,0.634,0.239,0.127,2.0,0.7
24,2026-06-04T19:11:53+00:00,2026-06-26,group,Belgium,New Zealand,three_way,0.818,0.14,0.042,2.8,0.5
24,2026-06-04T19:11:53+00:00,2026-06-26,group,Saudi Arabia,Cape Verde,three_way,0.332,0.33399999999999996,0.335,1.0,1.0
24,2026-06-04T19:11:53+00:00,2026-06-26,group,Senegal,Iraq,three_way,0.684,0.233,0.083,1.9,0.5
24,2026-06-04T19:11:53+00:00,2026-06-27,group,Austria,Algeria,three_way,0.45799999999999996,0.26899999999999996,0.273,1.7,1.2
24,2026-06-04T19:11:53+00:00,2026-06-27,group,Portugal,Colombia,three_way,0.358,0.308,0.33399999999999996,1.2,1.2
24,2026-06-04T19:11:53+00:00,2026-06-27,group,Croatia,Ghana,three_way,0.696,0.212,0.09300000000000001,2.2,0.6
24,2026-06-04T19:11:53+00:00,2026-06-27,group,England,Panama,three_way,0.7859999999999999,0.165,0.049,2.5,0.5
24,2026-06-04T19:11:53+00:00,2026-06-27,group,Argentina,Jordan,three_way,0.884,0.1,0.016,3.3,0.3
24,2026-06-04T19:11:53+00:00,2026-06-27,group,DR Congo,Uzbekistan,three_way,0.402,0.297,0.301,1.4,1.1
25,2026-06-05T16:29:28+00:00,2026-06-11,group,Mexico,South Africa,three_way,0.7759999999999999,0.182,0.042,2.3,0.3
25,2026-06-05T16:29:28+00:00,2026-06-11,group,Czech Republic,South Korea,three_way,0.377,0.297,0.326,1.3,1.2
25,2026-06-05T16:29:28+00:00,2026-06-12,group,United States,Paraguay,three_way,0.434,0.306,0.26,1.3,1.0
25,2026-06-05T16:29:28+00:00,2026-06-12,group,Canada,Bosnia and Herzegovina,three_way,0.664,0.228,0.10800000000000001,2.0,0.7
25,2026-06-05T16:29:28+00:00,2026-06-13,group,Brazil,Morocco,three_way,0.611,0.262,0.127,1.7,0.6
25,2026-06-05T16:29:28+00:00,2026-06-13,group,Scotland,Haiti,three_way,0.644,0.22399999999999998,0.131,2.1,0.8
25,2026-06-05T16:29:28+00:00,2026-06-13,group,Switzerland,Qatar,three_way,0.8690000000000001,0.107,0.024,3.3,0.4
25,2026-06-05T16:29:28+00:00,2026-06-14,group,Turkey,Australia,three_way,0.6509999999999999,0.22399999999999998,0.125,2.1,0.8
25,2026-06-05T16:29:28+00:00,2026-06-14,group,Ecuador,Ivory Coast,three_way,0.584,0.267,0.149,1.7,0.7
25,2026-06-05T16:29:28+00:00,2026-06-14,group,Netherlands,Japan,three_way,0.49200000000000005,0.264,0.243,1.7,1.2
25,2026-06-05T16:29:28+00:00,2026-06-14,group,Germany,Curaçao,three_way,0.91,0.076,0.013999999999999999,3.9,0.3
25,2026-06-05T16:29:28+00:00,2026-06-14,group,Sweden,Tunisia,three_way,0.547,0.266,0.187,1.7,0.9
25,2026-06-05T16:29:28+00:00,2026-06-15,group,Iran,New Zealand,three_way,0.551,0.271,0.17800000000000002,1.7,0.8
25,2026-06-05T16:29:28+00:00,2026-06-15,group,Belgium,Egypt,three_way,0.632,0.23199999999999998,0.136,2.0,0.8
25,2026-06-05T16:29:28+00:00,2026-06-15,group,Uruguay,Saudi Arabia,three_way,0.758,0.188,0.054000000000000006,2.3,0.4
25,2026-06-05T16:29:28+00:00,2026-06-15,group,Spain,Cape Verde,three_way,0.897,0.09,0.013000000000000001,3.4,0.2
25,2026-06-05T16:29:28+00:00,2026-06-16,group,Argentina,Algeria,three_way,0.797,0.157,0.046,2.6,0.5
25,2026-06-05T16:29:28+00:00,2026-06-16,group,France,Senegal,three_way,0.589,0.268,0.14300000000000002,1.7,0.7
25,2026-06-05T16:29:28+00:00,2026-06-16,group,Norway,Iraq,three_way,0.815,0.145,0.040999999999999995,2.8,0.5
25,2026-06-05T16:29:28+00:00,2026-06-17,group,Panama,Ghana,three_way,0.498,0.28300000000000003,0.21899999999999997,1.6,1.0
25,2026-06-05T16:29:28+00:00,2026-06-17,group,Austria,Jordan,three_way,0.67,0.215,0.115,2.2,0.8
25,2026-06-05T16:29:28+00:00,2026-06-17,group,Colombia,Uzbekistan,three_way,0.76,0.183,0.055999999999999994,2.3,0.5
25,2026-06-05T16:29:28+00:00,2026-06-17,group,Portugal,DR Congo,three_way,0.745,0.18600000000000003,0.069,2.4,0.6
25,2026-06-05T16:29:28+00:00,2026-06-17,group,England,Croatia,three_way,0.64,0.23600000000000002,0.124,2.0,0.7
25,2026-06-05T16:29:28+00:00,2026-06-18,group,Switzerland,Bosnia and Herzegovina,three_way,0.687,0.20600000000000002,0.107,2.3,0.8
25,2026-06-05T16:29:28+00:00,2026-06-18,group,Canada,Qatar,three_way,0.8490000000000001,0.125,0.027000000000000003,2.9,0.3
25,2026-06-05T16:29:28+00:00,2026-06-18,group,Czech Republic,South Africa,three_way,0.536,0.276,0.188,1.6,0.9
25,2026-06-05T16:29:28+00:00,2026-06-18,group,Mexico,South Korea,three_way,0.6859999999999999,0.23199999999999998,0.081,1.9,0.5
25,2026-06-05T16:29:28+00:00,2026-06-19,group,Brazil,Haiti,three_way,0.865,0.11,0.026000000000000002,3.2,0.4
25,2026-06-05T16:29:28+00:00,2026-06-19,group,Morocco,Scotland,three_way,0.374,0.327,0.299,1.1,1.0
25,2026-06-05T16:29:28+00:00,2026-06-19,group,United States,Australia,three_way,0.585,0.262,0.152,1.8,0.8
25,2026-06-05T16:29:28+00:00,2026-06-19,group,Turkey,Paraguay,three_way,0.48,0.27699999999999997,0.243,1.6,1.1
25,2026-06-05T16:29:28+00:00,2026-06-20,group,Netherlands,Sweden,three_way,0.64,0.22,0.139,2.2,0.9
25,2026-06-05T16:29:28+00:00,2026-06-20,group,Ecuador,Curaçao,three_way,0.823,0.14300000000000002,0.034,2.7,0.4
25,2026-06-05T16:29:28+00:00,2026-06-20,group,Germany,Ivory Coast,three_way,0.752,0.17,0.078,2.7,0.7
25,2026-06-05T16:29:28+00:00,2026-06-21,group,Belgium,Iran,three_way,0.6609999999999999,0.222,0.11599999999999999,2.1,0.7
25,2026-06-05T16:29:28+00:00,2026-06-21,group,Uruguay,Cape Verde,three_way,0.7509999999999999,0.193,0.055,2.2,0.4
25,2026-06-05T16:29:28+00:00,2026-06-21,group,Egypt,New Zealand,three_way,0.595,0.255,0.15,1.8,0.8
25,2026-06-05T16:29:28+00:00,2026-06-21,group,Japan,Tunisia,three_way,0.67,0.226,0.10400000000000001,2.0,0.7
25,2026-06-05T16:29:28+00:00,2026-06-21,group,Spain,Saudi Arabia,three_way,0.9,0.08800000000000001,0.012,3.4,0.2
25,2026-06-05T16:29:28+00:00,2026-06-22,group,France,Iraq,three_way,0.853,0.12300000000000001,0.024,2.9,0.3
25,2026-06-05T16:29:28+00:00,2026-06-22,group,Algeria,Jordan,three_way,0.578,0.254,0.16899999999999998,1.8,0.9
25,2026-06-05T16:29:28+00:00,2026-06-22,group,Norway,Senegal,three_way,0.5,0.281,0.21899999999999997,1.6,1.0
25,2026-06-05T16:29:28+00:00,2026-06-22,group,Argentina,Austria,three_way,0.753,0.17800000000000002,0.069,2.5,0.6
25,2026-06-05T16:29:28+00:00,2026-06-23,group,Croatia,Panama,three_way,0.5660000000000001,0.258,0.17600000000000002,1.8,0.9
25,2026-06-05T16:29:28+00:00,2026-06-23,group,England,Ghana,three_way,0.856,0.121,0.023,3.0,0.3
25,2026-06-05T16:29:28+00:00,2026-06-23,group,Colombia,DR Congo,three_way,0.7190000000000001,0.207,0.073,2.1,0.5
25,2026-06-05T16:29:28+00:00,2026-06-23,group,Portugal,Uzbekistan,three_way,0.782,0.165,0.053,2.6,0.5
25,2026-06-05T16:29:28+00:00,2026-06-24,group,Mexico,Czech Republic,three_way,0.69,0.222,0.087,2.0,0.6
25,2026-06-05T16:29:28+00:00,2026-06-24,group,South Korea,South Africa,three_way,0.488,0.301,0.21100000000000002,1.4,0.8
25,2026-06-05T16:29:28+00:00,2026-06-24,group,Brazil,Scotland,three_way,0.682,0.215,0.102,2.1,0.7
25,2026-06-05T16:29:28+00:00,2026-06-24,group,Bosnia and Herzegovina,Qatar,three_way,0.6779999999999999,0.20800000000000002,0.115,2.3,0.8
25,2026-06-05T16:29:28+00:00,2026-06-24,group,Canada,Switzerland,three_way,0.35600000000000004,0.305,0.33899999999999997,1.2,1.2
25,2026-06-05T16:29:28+00:00,2026-06-24,group,Morocco,Haiti,three_way,0.65,0.23800000000000002,0.113,1.9,0.7
25,2026-06-05T16:29:28+00:00,2026-06-25,group,Germany,Ecuador,three_way,0.501,0.261,0.23800000000000002,1.8,1.2
25,2026-06-05T16:29:28+00:00,2026-06-25,group,United States,Turkey,three_way,0.32899999999999996,0.282,0.38799999999999996,1.3,1.4
25,2026-06-05T16:29:28+00:00,2026-06-25,group,Ivory Coast,Curaçao,three_way,0.679,0.218,0.10400000000000001,2.1,0.7
25,2026-06-05T16:29:28+00:00,2026-06-25,group,Netherlands,Tunisia,three_way,0.762,0.177,0.061,2.4,0.5
25,2026-06-05T16:29:28+00:00,2026-06-25,group,Paraguay,Australia,three_way,0.499,0.294,0.207,1.5,0.9
25,2026-06-05T16:29:28+00:00,2026-06-25,group,Japan,Sweden,three_way,0.511,0.26,0.22899999999999998,1.8,1.1
25,2026-06-05T16:29:28+00:00,2026-06-26,group,France,Norway,three_way,0.488,0.268,0.244,1.7,1.1
25,2026-06-05T16:29:28+00:00,2026-06-26,group,Belgium,New Zealand,three_way,0.818,0.14,0.042,2.9,0.5
25,2026-06-05T16:29:28+00:00,2026-06-26,group,Senegal,Iraq,three_way,0.674,0.23800000000000002,0.08800000000000001,1.9,0.5
25,2026-06-05T16:29:28+00:00,2026-06-26,group,Spain,Uruguay,three_way,0.624,0.243,0.133,1.9,0.8
25,2026-06-05T16:29:28+00:00,2026-06-26,group,Saudi Arabia,Cape Verde,three_way,0.332,0.33299999999999996,0.335,1.0,1.0
25,2026-06-05T16:29:28+00:00,2026-06-26,group,Egypt,Iran,three_way,0.38,0.309,0.311,1.2,1.1
25,2026-06-05T16:29:28+00:00,2026-06-27,group,Austria,Algeria,three_way,0.45799999999999996,0.26899999999999996,0.273,1.7,1.2
25,2026-06-05T16:29:28+00:00,2026-06-27,group,Portugal,Colombia,three_way,0.359,0.307,0.33399999999999996,1.2,1.2
25,2026-06-05T16:29:28+00:00,2026-06-27,group,Croatia,Ghana,three_way,0.696,0.21100000000000002,0.09300000000000001,2.2,0.6
25,2026-06-05T16:29:28+00:00,2026-06-27,group,Argentina,Jordan,three_way,0.884,0.1,0.016,3.3,0.3
25,2026-06-05T16:29:28+00:00,2026-06-27,group,England,Panama,three_way,0.7859999999999999,0.16399999999999998,0.049,2.5,0.5
25,2026-06-05T16:29:28+00:00,2026-06-27,group,DR Congo,Uzbekistan,three_way,0.402,0.297,0.301,1.4,1.1
26,2026-06-06T16:47:09+00:00,2026-06-11,group,Czech Republic,South Korea,three_way,0.377,0.297,0.326,1.3,1.2
26,2026-06-06T16:47:09+00:00,2026-06-11,group,Mexico,South Africa,three_way,0.777,0.18100000000000002,0.042,2.3,0.3
26,2026-06-06T16:47:09+00:00,2026-06-12,group,United States,Paraguay,three_way,0.43,0.306,0.264,1.3,1.0
26,2026-06-06T16:47:09+00:00,2026-06-12,group,Canada,Bosnia and Herzegovina,three_way,0.662,0.22899999999999998,0.11,2.0,0.7
26,2026-06-06T16:47:09+00:00,2026-06-13,group,Scotland,Haiti,three_way,0.649,0.223,0.129,2.1,0.8
26,2026-06-06T16:47:09+00:00,2026-06-13,group,Switzerland,Qatar,three_way,0.87,0.106,0.024,3.3,0.4
26,2026-06-06T16:47:09+00:00,2026-06-13,group,Brazil,Morocco,three_way,0.612,0.261,0.127,1.7,0.6
26,2026-06-06T16:47:09+00:00,2026-06-14,group,Ecuador,Ivory Coast,three_way,0.584,0.266,0.149,1.7,0.7
26,2026-06-06T16:47:09+00:00,2026-06-14,group,Netherlands,Japan,three_way,0.493,0.264,0.243,1.7,1.2
26,2026-06-06T16:47:09+00:00,2026-06-14,group,Germany,Curaçao,three_way,0.9109999999999999,0.075,0.013999999999999999,3.9,0.3
26,2026-06-06T16:47:09+00:00,2026-06-14,group,Turkey,Australia,three_way,0.6509999999999999,0.223,0.125,2.1,0.8
26,2026-06-06T16:47:09+00:00,2026-06-14,group,Sweden,Tunisia,three_way,0.5479999999999999,0.266,0.187,1.7,0.9
26,2026-06-06T16:47:09+00:00,2026-06-15,group,Iran,New Zealand,three_way,0.552,0.271,0.17800000000000002,1.7,0.8
26,2026-06-06T16:47:09+00:00,2026-06-15,group,Spain,Cape Verde,three_way,0.897,0.09,0.012,3.4,0.2
26,2026-06-06T16:47:09+00:00,2026-06-15,group,Belgium,Egypt,three_way,0.633,0.231,0.136,2.0,0.8
26,2026-06-06T16:47:09+00:00,2026-06-15,group,Uruguay,Saudi Arabia,three_way,0.753,0.191,0.055999999999999994,2.2,0.4
26,2026-06-06T16:47:09+00:00,2026-06-16,group,Norway,Iraq,three_way,0.815,0.14400000000000002,0.040999999999999995,2.8,0.5
26,2026-06-06T16:47:09+00:00,2026-06-16,group,France,Senegal,three_way,0.59,0.267,0.14300000000000002,1.7,0.7
26,2026-06-06T16:47:09+00:00,2026-06-16,group,Argentina,Algeria,three_way,0.797,0.156,0.046,2.6,0.5
26,2026-06-06T16:47:09+00:00,2026-06-17,group,Colombia,Uzbekistan,three_way,0.7609999999999999,0.183,0.055999999999999994,2.3,0.5
26,2026-06-06T16:47:09+00:00,2026-06-17,group,England,Croatia,three_way,0.6409999999999999,0.235,0.124,2.0,0.7
26,2026-06-06T16:47:09+00:00,2026-06-17,group,Panama,Ghana,three_way,0.499,0.282,0.21899999999999997,1.6,1.0
26,2026-06-06T16:47:09+00:00,2026-06-17,group,Austria,Jordan,three_way,0.67,0.214,0.115,2.2,0.8
26,2026-06-06T16:47:09+00:00,2026-06-17,group,Portugal,DR Congo,three_way,0.745,0.18600000000000003,0.069,2.4,0.6
26,2026-06-06T16:47:09+00:00,2026-06-18,group,Canada,Qatar,three_way,0.847,0.126,0.027000000000000003,2.9,0.4
26,2026-06-06T16:47:09+00:00,2026-06-18,group,Mexico,South Korea,three_way,0.687,0.23199999999999998,0.081,1.9,0.5
26,2026-06-06T16:47:09+00:00,2026-06-18,group,Switzerland,Bosnia and Herzegovina,three_way,0.688,0.205,0.107,2.3,0.8
26,2026-06-06T16:47:09+00:00,2026-06-18,group,Czech Republic,South Africa,three_way,0.537,0.275,0.188,1.7,0.9
26,2026-06-06T16:47:09+00:00,2026-06-19,group,United States,Australia,three_way,0.586,0.262,0.152,1.8,0.8
26,2026-06-06T16:47:09+00:00,2026-06-19,group,Morocco,Scotland,three_way,0.375,0.326,0.299,1.1,1.0
26,2026-06-06T16:47:09+00:00,2026-06-19,group,Brazil,Haiti,three_way,0.867,0.10800000000000001,0.025,3.2,0.4
26,2026-06-06T16:47:09+00:00,2026-06-19,group,Turkey,Paraguay,three_way,0.47600000000000003,0.27699999999999997,0.247,1.6,1.1
26,2026-06-06T16:47:09+00:00,2026-06-20,group,Netherlands,Sweden,three_way,0.6409999999999999,0.22,0.139,2.2,0.9
26,2026-06-06T16:47:09+00:00,2026-06-20,group,Germany,Ivory Coast,three_way,0.753,0.16899999999999998,0.078,2.7,0.7
26,2026-06-06T16:47:09+00:00,2026-06-20,group,Ecuador,Curaçao,three_way,0.8240000000000001,0.14300000000000002,0.033,2.7,0.4
26,2026-06-06T16:47:09+00:00,2026-06-21,group,Egypt,New Zealand,three_way,0.595,0.255,0.15,1.8,0.8
26,2026-06-06T16:47:09+00:00,2026-06-21,group,Uruguay,Cape Verde,three_way,0.752,0.193,0.055,2.2,0.4
26,2026-06-06T16:47:09+00:00,2026-06-21,group,Belgium,Iran,three_way,0.662,0.222,0.11599999999999999,2.1,0.7
26,2026-06-06T16:47:09+00:00,2026-06-21,group,Japan,Tunisia,three_way,0.67,0.225,0.10400000000000001,2.0,0.7
26,2026-06-06T16:47:09+00:00,2026-06-21,group,Spain,Saudi Arabia,three_way,0.898,0.08900000000000001,0.013000000000000001,3.4,0.2
26,2026-06-06T16:47:09+00:00,2026-06-22,group,France,Iraq,three_way,0.8540000000000001,0.122,0.024,2.9,0.3
26,2026-06-06T16:47:09+00:00,2026-06-22,group,Argentina,Austria,three_way,0.754,0.17800000000000002,0.069,2.5,0.6
26,2026-06-06T16:47:09+00:00,2026-06-22,group,Norway,Senegal,three_way,0.5,0.28,0.21899999999999997,1.6,1.0
26,2026-06-06T16:47:09+00:00,2026-06-22,group,Algeria,Jordan,three_way,0.578,0.253,0.16899999999999998,1.9,0.9
26,2026-06-06T16:47:09+00:00,2026-06-23,group,Portugal,Uzbekistan,three_way,0.782,0.16399999999999998,0.053,2.6,0.5
26,2026-06-06T16:47:09+00:00,2026-06-23,group,England,Ghana,three_way,0.856,0.12,0.023,3.0,0.3
26,2026-06-06T16:47:09+00:00,2026-06-23,group,Colombia,DR Congo,three_way,0.72,0.207,0.073,2.1,0.5
26,2026-06-06T16:47:09+00:00,2026-06-23,group,Croatia,Panama,three_way,0.5660000000000001,0.258,0.17600000000000002,1.8,0.9
26,2026-06-06T16:47:09+00:00,2026-06-24,group,Bosnia and Herzegovina,Qatar,three_way,0.6779999999999999,0.207,0.114,2.3,0.8
26,2026-06-06T16:47:09+00:00,2026-06-24,group,Brazil,Scotland,three_way,0.6829999999999999,0.215,0.102,2.2,0.7
26,2026-06-06T16:47:09+00:00,2026-06-24,group,Canada,Switzerland,three_way,0.35200000000000004,0.305,0.34299999999999997,1.2,1.2
26,2026-06-06T16:47:09+00:00,2026-06-24,group,Mexico,Czech Republic,three_way,0.691,0.222,0.087,2.0,0.6
26,2026-06-06T16:47:09+00:00,2026-06-24,group,Morocco,Haiti,three_way,0.654,0.23600000000000002,0.111,2.0,0.7
26,2026-06-06T16:47:09+00:00,2026-06-24,group,South Korea,South Africa,three_way,0.489,0.301,0.21100000000000002,1.4,0.8
26,2026-06-06T16:47:09+00:00,2026-06-25,group,Japan,Sweden,three_way,0.511,0.26,0.22899999999999998,1.8,1.1
26,2026-06-06T16:47:09+00:00,2026-06-25,group,United States,Turkey,three_way,0.33,0.282,0.38799999999999996,1.3,1.4
26,2026-06-06T16:47:09+00:00,2026-06-25,group,Paraguay,Australia,three_way,0.504,0.292,0.204,1.5,0.9
26,2026-06-06T16:47:09+00:00,2026-06-25,group,Ivory Coast,Curaçao,three_way,0.679,0.217,0.10400000000000001,2.1,0.7
26,2026-06-06T16:47:09+00:00,2026-06-25,group,Netherlands,Tunisia,three_way,0.763,0.17600000000000002,0.061,2.4,0.5
26,2026-06-06T16:47:09+00:00,2026-06-25,group,Germany,Ecuador,three_way,0.502,0.26,0.23800000000000002,1.8,1.2
26,2026-06-06T16:47:09+00:00,2026-06-26,group,Egypt,Iran,three_way,0.38,0.308,0.312,1.3,1.1
26,2026-06-06T16:47:09+00:00,2026-06-26,group,France,Norway,three_way,0.489,0.267,0.244,1.7,1.1
26,2026-06-06T16:47:09+00:00,2026-06-26,group,Belgium,New Zealand,three_way,0.818,0.14,0.042,2.9,0.5
26,2026-06-06T16:47:09+00:00,2026-06-26,group,Senegal,Iraq,three_way,0.675,0.237,0.08800000000000001,1.9,0.5
26,2026-06-06T16:47:09+00:00,2026-06-26,group,Saudi Arabia,Cape Verde,three_way,0.341,0.332,0.327,1.1,1.0
26,2026-06-06T16:47:09+00:00,2026-06-26,group,Spain,Uruguay,three_way,0.625,0.242,0.133,1.9,0.8
26,2026-06-06T16:47:09+00:00,2026-06-27,group,Argentina,Jordan,three_way,0.885,0.099,0.016,3.3,0.3
26,2026-06-06T16:47:09+00:00,2026-06-27,group,England,Panama,three_way,0.787,0.16399999999999998,0.049,2.5,0.5
26,2026-06-06T16:47:09+00:00,2026-06-27,group,DR Congo,Uzbekistan,three_way,0.40299999999999997,0.297,0.301,1.4,1.1
26,2026-06-06T16:47:09+00:00,2026-06-27,group,Portugal,Colombia,three_way,0.359,0.307,0.33399999999999996,1.2,1.2
26,2026-06-06T16:47:09+00:00,2026-06-27,group,Croatia,Ghana,three_way,0.6970000000000001,0.21100000000000002,0.092,2.2,0.6
26,2026-06-06T16:47:09+00:00,2026-06-27,group,Austria,Algeria,three_way,0.45899999999999996,0.268,0.273,1.7,1.2
27,2026-06-07T13:56:44+00:00,2026-06-11,group,Czech Republic,South Korea,three_way,0.377,0.297,0.326,1.3,1.2
27,2026-06-07T13:56:44+00:00,2026-06-11,group,Mexico,South Africa,three_way,0.773,0.184,0.043,2.3,0.3
27,2026-06-07T13:56:44+00:00,2026-06-12,group,Canada,Bosnia and Herzegovina,three_way,0.66,0.23,0.11,2.0,0.7
27,2026-06-07T13:56:44+00:00,2026-06-12,group,United States,Paraguay,three_way,0.426,0.307,0.268,1.3,1.0
27,2026-06-07T13:56:44+00:00,2026-06-13,group,Switzerland,Qatar,three_way,0.867,0.10800000000000001,0.025,3.2,0.4
27,2026-06-07T13:56:44+00:00,2026-06-13,group,Scotland,Haiti,three_way,0.6579999999999999,0.21899999999999997,0.12300000000000001,2.2,0.8
27,2026-06-07T13:56:44+00:00,2026-06-13,group,Brazil,Morocco,three_way,0.612,0.262,0.127,1.7,0.6
27,2026-06-07T13:56:44+00:00,2026-06-14,group,Germany,Curaçao,three_way,0.9109999999999999,0.075,0.013999999999999999,3.9,0.3
27,2026-06-07T13:56:44+00:00,2026-06-14,group,Netherlands,Japan,three_way,0.493,0.264,0.243,1.7,1.2
27,2026-06-07T13:56:44+00:00,2026-06-14,group,Ecuador,Ivory Coast,three_way,0.584,0.267,0.149,1.7,0.7
27,2026-06-07T13:56:44+00:00,2026-06-14,group,Sweden,Tunisia,three_way,0.5579999999999999,0.263,0.179,1.8,0.9
27,2026-06-07T13:56:44+00:00,2026-06-14,group,Turkey,Australia,three_way,0.65,0.22399999999999998,0.126,2.1,0.8
27,2026-06-07T13:56:44+00:00,2026-06-15,group,Spain,Cape Verde,three_way,0.8959999999999999,0.091,0.013000000000000001,3.4,0.2
27,2026-06-07T13:56:44+00:00,2026-06-15,group,Uruguay,Saudi Arabia,three_way,0.752,0.191,0.055999999999999994,2.2,0.4
27,2026-06-07T13:56:44+00:00,2026-06-15,group,Belgium,Egypt,three_way,0.6409999999999999,0.228,0.13,2.1,0.8
27,2026-06-07T13:56:44+00:00,2026-06-15,group,Iran,New Zealand,three_way,0.547,0.273,0.18,1.7,0.8
27,2026-06-07T13:56:44+00:00,2026-06-16,group,Norway,Iraq,three_way,0.815,0.14400000000000002,0.040999999999999995,2.8,0.5
27,2026-06-07T13:56:44+00:00,2026-06-16,group,France,Senegal,three_way,0.59,0.267,0.14300000000000002,1.7,0.7
27,2026-06-07T13:56:44+00:00,2026-06-16,group,Argentina,Algeria,three_way,0.797,0.156,0.046,2.6,0.5
27,2026-06-07T13:56:44+00:00,2026-06-17,group,Austria,Jordan,three_way,0.67,0.214,0.115,2.2,0.8
27,2026-06-07T13:56:44+00:00,2026-06-17,group,England,Croatia,three_way,0.636,0.237,0.126,2.0,0.7
27,2026-06-07T13:56:44+00:00,2026-06-17,group,Panama,Ghana,three_way,0.49700000000000005,0.28300000000000003,0.22,1.6,1.0
27,2026-06-07T13:56:44+00:00,2026-06-17,group,Portugal,DR Congo,three_way,0.7440000000000001,0.187,0.069,2.4,0.6
27,2026-06-07T13:56:44+00:00,2026-06-17,group,Colombia,Uzbekistan,three_way,0.7609999999999999,0.183,0.055999999999999994,2.3,0.5
27,2026-06-07T13:56:44+00:00,2026-06-18,group,Mexico,South Korea,three_way,0.687,0.23199999999999998,0.081,1.9,0.5
27,2026-06-07T13:56:44+00:00,2026-06-18,group,Switzerland,Bosnia and Herzegovina,three_way,0.682,0.20800000000000002,0.11,2.3,0.8
27,2026-06-07T13:56:44+00:00,2026-06-18,group,Czech Republic,South Africa,three_way,0.53,0.27699999999999997,0.193,1.6,0.9
27,2026-06-07T13:56:44+00:00,2026-06-18,group,Canada,Qatar,three_way,0.847,0.126,0.027000000000000003,2.9,0.4
27,2026-06-07T13:56:44+00:00,2026-06-19,group,Morocco,Scotland,three_way,0.365,0.327,0.308,1.1,1.0
27,2026-06-07T13:56:44+00:00,2026-06-19,group,Brazil,Haiti,three_way,0.867,0.10800000000000001,0.025,3.2,0.4
27,2026-06-07T13:56:44+00:00,2026-06-19,group,Turkey,Paraguay,three_way,0.479,0.27699999999999997,0.244,1.6,1.1
27,2026-06-07T13:56:44+00:00,2026-06-19,group,United States,Australia,three_way,0.578,0.265,0.158,1.7,0.8
27,2026-06-07T13:56:44+00:00,2026-06-20,group,Ecuador,Curaçao,three_way,0.821,0.145,0.034,2.7,0.4
27,2026-06-07T13:56:44+00:00,2026-06-20,group,Germany,Ivory Coast,three_way,0.7559999999999999,0.168,0.076,2.7,0.7
27,2026-06-07T13:56:44+00:00,2026-06-20,group,Netherlands,Sweden,three_way,0.6409999999999999,0.22,0.139,2.2,0.9
27,2026-06-07T13:56:44+00:00,2026-06-21,group,Belgium,Iran,three_way,0.67,0.218,0.11199999999999999,2.1,0.7
27,2026-06-07T13:56:44+00:00,2026-06-21,group,Japan,Tunisia,three_way,0.679,0.221,0.1,2.1,0.6
27,2026-06-07T13:56:44+00:00,2026-06-21,group,Egypt,New Zealand,three_way,0.59,0.257,0.153,1.8,0.8
27,2026-06-07T13:56:44+00:00,2026-06-21,group,Spain,Saudi Arabia,three_way,0.898,0.08900000000000001,0.013000000000000001,3.4,0.2
27,2026-06-07T13:56:44+00:00,2026-06-21,group,Uruguay,Cape Verde,three_way,0.748,0.195,0.057,2.2,0.4
27,2026-06-07T13:56:44+00:00,2026-06-22,group,Norway,Senegal,three_way,0.5,0.281,0.21899999999999997,1.6,1.0
27,2026-06-07T13:56:44+00:00,2026-06-22,group,Algeria,Jordan,three_way,0.578,0.253,0.16899999999999998,1.9,0.9
27,2026-06-07T13:56:44+00:00,2026-06-22,group,Argentina,Austria,three_way,0.754,0.17800000000000002,0.069,2.5,0.6
27,2026-06-07T13:56:44+00:00,2026-06-22,group,France,Iraq,three_way,0.853,0.12300000000000001,0.024,2.9,0.3
27,2026-06-07T13:56:44+00:00,2026-06-23,group,Colombia,DR Congo,three_way,0.72,0.207,0.073,2.1,0.5
27,2026-06-07T13:56:44+00:00,2026-06-23,group,Portugal,Uzbekistan,three_way,0.7809999999999999,0.165,0.054000000000000006,2.6,0.5
27,2026-06-07T13:56:44+00:00,2026-06-23,group,Croatia,Panama,three_way,0.5670000000000001,0.258,0.175,1.8,0.9
27,2026-06-07T13:56:44+00:00,2026-06-23,group,England,Ghana,three_way,0.8540000000000001,0.122,0.024,2.9,0.3
27,2026-06-07T13:56:44+00:00,2026-06-24,group,Brazil,Scotland,three_way,0.674,0.21899999999999997,0.107,2.1,0.7
27,2026-06-07T13:56:44+00:00,2026-06-24,group,Bosnia and Herzegovina,Qatar,three_way,0.679,0.207,0.114,2.3,0.8
27,2026-06-07T13:56:44+00:00,2026-06-24,group,South Korea,South Africa,three_way,0.48200000000000004,0.303,0.21600000000000003,1.4,0.9
27,2026-06-07T13:56:44+00:00,2026-06-24,group,Canada,Switzerland,three_way,0.35700000000000004,0.305,0.33799999999999997,1.2,1.2
27,2026-06-07T13:56:44+00:00,2026-06-24,group,Mexico,Czech Republic,three_way,0.691,0.222,0.087,2.0,0.6
27,2026-06-07T13:56:44+00:00,2026-06-24,group,Morocco,Haiti,three_way,0.653,0.23600000000000002,0.111,2.0,0.7
27,2026-06-07T13:56:44+00:00,2026-06-25,group,Germany,Ecuador,three_way,0.507,0.26,0.23399999999999999,1.8,1.1
27,2026-06-07T13:56:44+00:00,2026-06-25,group,Netherlands,Tunisia,three_way,0.769,0.17300000000000001,0.057999999999999996,2.5,0.5
27,2026-06-07T13:56:44+00:00,2026-06-25,group,United States,Turkey,three_way,0.322,0.282,0.397,1.3,1.5
27,2026-06-07T13:56:44+00:00,2026-06-25,group,Paraguay,Australia,three_way,0.499,0.294,0.207,1.5,0.9
27,2026-06-07T13:56:44+00:00,2026-06-25,group,Japan,Sweden,three_way,0.511,0.26,0.22899999999999998,1.8,1.1
27,2026-06-07T13:56:44+00:00,2026-06-25,group,Ivory Coast,Curaçao,three_way,0.675,0.21899999999999997,0.106,2.1,0.7
27,2026-06-07T13:56:44+00:00,2026-06-26,group,Egypt,Iran,three_way,0.38,0.309,0.312,1.3,1.1
27,2026-06-07T13:56:44+00:00,2026-06-26,group,France,Norway,three_way,0.489,0.267,0.244,1.7,1.1
27,2026-06-07T13:56:44+00:00,2026-06-26,group,Belgium,New Zealand,three_way,0.82,0.139,0.040999999999999995,2.9,0.5
27,2026-06-07T13:56:44+00:00,2026-06-26,group,Spain,Uruguay,three_way,0.624,0.243,0.133,1.9,0.8
27,2026-06-07T13:56:44+00:00,2026-06-26,group,Senegal,Iraq,three_way,0.675,0.237,0.08800000000000001,1.9,0.5
27,2026-06-07T13:56:44+00:00,2026-06-26,group,Saudi Arabia,Cape Verde,three_way,0.336,0.33299999999999996,0.331,1.0,1.0
27,2026-06-07T13:56:44+00:00,2026-06-27,group,Austria,Algeria,three_way,0.45799999999999996,0.268,0.273,1.7,1.2
27,2026-06-07T13:56:44+00:00,2026-06-27,group,DR Congo,Uzbekistan,three_way,0.402,0.297,0.301,1.4,1.1
27,2026-06-07T13:56:44+00:00,2026-06-27,group,Argentina,Jordan,three_way,0.885,0.099,0.016,3.3,0.3
27,2026-06-07T13:56:44+00:00,2026-06-27,group,Portugal,Colombia,three_way,0.358,0.308,0.33399999999999996,1.2,1.2
27,2026-06-07T13:56:44+00:00,2026-06-27,group,Croatia,Ghana,three_way,0.6970000000000001,0.21100000000000002,0.092,2.2,0.6
27,2026-06-07T13:56:44+00:00,2026-06-27,group,England,Panama,three_way,0.785,0.166,0.05,2.5,0.5
28,2026-06-08T11:15:21+00:00,2026-06-11,group,Czech Republic,South Korea,three_way,0.377,0.297,0.326,1.3,1.2
28,2026-06-08T11:15:21+00:00,2026-06-11,group,Mexico,South Africa,three_way,0.773,0.184,0.043,2.3,0.3
28,2026-06-08T11:15:21+00:00,2026-06-12,group,Canada,Bosnia and Herzegovina,three_way,0.66,0.23,0.11,2.0,0.7
28,2026-06-08T11:15:21+00:00,2026-06-12,group,United States,Paraguay,three_way,0.426,0.307,0.268,1.3,1.0
28,2026-06-08T11:15:21+00:00,2026-06-13,group,Switzerland,Qatar,three_way,0.867,0.10800000000000001,0.025,3.2,0.4
28,2026-06-08T11:15:21+00:00,2026-06-13,group,Scotland,Haiti,three_way,0.6579999999999999,0.21899999999999997,0.12300000000000001,2.2,0.8
28,2026-06-08T11:15:21+00:00,2026-06-13,group,Brazil,Morocco,three_way,0.608,0.263,0.129,1.7,0.6
28,2026-06-08T11:15:21+00:00,2026-06-14,group,Turkey,Australia,three_way,0.65,0.22399999999999998,0.126,2.1,0.8
28,2026-06-08T11:15:21+00:00,2026-06-14,group,Netherlands,Japan,three_way,0.493,0.264,0.243,1.7,1.2
28,2026-06-08T11:15:21+00:00,2026-06-14,group,Sweden,Tunisia,three_way,0.5579999999999999,0.263,0.179,1.8,0.9
28,2026-06-08T11:15:21+00:00,2026-06-14,group,Ecuador,Ivory Coast,three_way,0.59,0.265,0.146,1.7,0.7
28,2026-06-08T11:15:21+00:00,2026-06-14,group,Germany,Curaçao,three_way,0.9109999999999999,0.075,0.013999999999999999,3.9,0.3
28,2026-06-08T11:15:21+00:00,2026-06-15,group,Iran,New Zealand,three_way,0.547,0.273,0.18,1.7,0.8
28,2026-06-08T11:15:21+00:00,2026-06-15,group,Spain,Cape Verde,three_way,0.8959999999999999,0.091,0.013000000000000001,3.4,0.2
28,2026-06-08T11:15:21+00:00,2026-06-15,group,Uruguay,Saudi Arabia,three_way,0.752,0.191,0.055999999999999994,2.2,0.4
28,2026-06-08T11:15:21+00:00,2026-06-15,group,Belgium,Egypt,three_way,0.6409999999999999,0.228,0.13,2.1,0.8
28,2026-06-08T11:15:21+00:00,2026-06-16,group,Norway,Iraq,three_way,0.813,0.146,0.040999999999999995,2.8,0.5
28,2026-06-08T11:15:21+00:00,2026-06-16,group,France,Senegal,three_way,0.59,0.267,0.14300000000000002,1.7,0.7
28,2026-06-08T11:15:21+00:00,2026-06-16,group,Argentina,Algeria,three_way,0.797,0.156,0.046,2.6,0.5
28,2026-06-08T11:15:21+00:00,2026-06-17,group,Portugal,DR Congo,three_way,0.7440000000000001,0.187,0.069,2.4,0.6
28,2026-06-08T11:15:21+00:00,2026-06-17,group,England,Croatia,three_way,0.634,0.23800000000000002,0.128,2.0,0.7
28,2026-06-08T11:15:21+00:00,2026-06-17,group,Colombia,Uzbekistan,three_way,0.762,0.182,0.055999999999999994,2.3,0.5
28,2026-06-08T11:15:21+00:00,2026-06-17,group,Austria,Jordan,three_way,0.6729999999999999,0.213,0.114,2.2,0.8
28,2026-06-08T11:15:21+00:00,2026-06-17,group,Panama,Ghana,three_way,0.49700000000000005,0.28300000000000003,0.22,1.6,1.0
28,2026-06-08T11:15:21+00:00,2026-06-18,group,Canada,Qatar,three_way,0.847,0.126,0.027000000000000003,2.9,0.4
28,2026-06-08T11:15:21+00:00,2026-06-18,group,Switzerland,Bosnia and Herzegovina,three_way,0.682,0.20800000000000002,0.11,2.3,0.8
28,2026-06-08T11:15:21+00:00,2026-06-18,group,Mexico,South Korea,three_way,0.687,0.23199999999999998,0.081,1.9,0.5
28,2026-06-08T11:15:21+00:00,2026-06-18,group,Czech Republic,South Africa,three_way,0.53,0.27699999999999997,0.193,1.6,0.9
28,2026-06-08T11:15:21+00:00,2026-06-19,group,Turkey,Paraguay,three_way,0.479,0.27699999999999997,0.244,1.6,1.1
28,2026-06-08T11:15:21+00:00,2026-06-19,group,Brazil,Haiti,three_way,0.867,0.10800000000000001,0.025,3.2,0.4
28,2026-06-08T11:15:21+00:00,2026-06-19,group,Morocco,Scotland,three_way,0.368,0.327,0.305,1.1,1.0
28,2026-06-08T11:15:21+00:00,2026-06-19,group,United States,Australia,three_way,0.578,0.265,0.158,1.7,0.8
28,2026-06-08T11:15:21+00:00,2026-06-20,group,Ecuador,Curaçao,three_way,0.8240000000000001,0.14300000000000002,0.033,2.7,0.4
28,2026-06-08T11:15:21+00:00,2026-06-20,group,Germany,Ivory Coast,three_way,0.7559999999999999,0.168,0.077,2.7,0.7
28,2026-06-08T11:15:21+00:00,2026-06-20,group,Netherlands,Sweden,three_way,0.6409999999999999,0.22,0.139,2.2,0.9
28,2026-06-08T11:15:21+00:00,2026-06-21,group,Japan,Tunisia,three_way,0.6779999999999999,0.222,0.1,2.1,0.6
28,2026-06-08T11:15:21+00:00,2026-06-21,group,Egypt,New Zealand,three_way,0.59,0.257,0.153,1.8,0.8
28,2026-06-08T11:15:21+00:00,2026-06-21,group,Uruguay,Cape Verde,three_way,0.748,0.195,0.057,2.2,0.4
28,2026-06-08T11:15:21+00:00,2026-06-21,group,Spain,Saudi Arabia,three_way,0.898,0.09,0.013000000000000001,3.4,0.2
28,2026-06-08T11:15:21+00:00,2026-06-21,group,Belgium,Iran,three_way,0.67,0.218,0.11199999999999999,2.1,0.7
28,2026-06-08T11:15:21+00:00,2026-06-22,group,Norway,Senegal,three_way,0.496,0.282,0.222,1.6,1.0
28,2026-06-08T11:15:21+00:00,2026-06-22,group,France,Iraq,three_way,0.853,0.12300000000000001,0.024,2.9,0.3
28,2026-06-08T11:15:21+00:00,2026-06-22,group,Argentina,Austria,three_way,0.754,0.17800000000000002,0.069,2.5,0.6
28,2026-06-08T11:15:21+00:00,2026-06-22,group,Algeria,Jordan,three_way,0.581,0.253,0.166,1.9,0.9
28,2026-06-08T11:15:21+00:00,2026-06-23,group,England,Ghana,three_way,0.8540000000000001,0.122,0.024,2.9,0.3
28,2026-06-08T11:15:21+00:00,2026-06-23,group,Portugal,Uzbekistan,three_way,0.7809999999999999,0.165,0.054000000000000006,2.6,0.5
28,2026-06-08T11:15:21+00:00,2026-06-23,group,Croatia,Panama,three_way,0.57,0.257,0.17300000000000001,1.8,0.9
28,2026-06-08T11:15:21+00:00,2026-06-23,group,Colombia,DR Congo,three_way,0.722,0.20600000000000002,0.07200000000000001,2.1,0.5
28,2026-06-08T11:15:21+00:00,2026-06-24,group,South Korea,South Africa,three_way,0.48200000000000004,0.303,0.21600000000000003,1.4,0.9
28,2026-06-08T11:15:21+00:00,2026-06-24,group,Canada,Switzerland,three_way,0.35700000000000004,0.305,0.33799999999999997,1.2,1.2
28,2026-06-08T11:15:21+00:00,2026-06-24,group,Brazil,Scotland,three_way,0.674,0.21899999999999997,0.107,2.1,0.7
28,2026-06-08T11:15:21+00:00,2026-06-24,group,Mexico,Czech Republic,three_way,0.691,0.222,0.087,2.0,0.6
28,2026-06-08T11:15:21+00:00,2026-06-24,group,Morocco,Haiti,three_way,0.6559999999999999,0.235,0.109,2.0,0.6
28,2026-06-08T11:15:21+00:00,2026-06-24,group,Bosnia and Herzegovina,Qatar,three_way,0.679,0.20800000000000002,0.114,2.3,0.8
28,2026-06-08T11:15:21+00:00,2026-06-25,group,United States,Turkey,three_way,0.322,0.282,0.396,1.3,1.5
28,2026-06-08T11:15:21+00:00,2026-06-25,group,Germany,Ecuador,three_way,0.5,0.261,0.239,1.8,1.2
28,2026-06-08T11:15:21+00:00,2026-06-25,group,Paraguay,Australia,three_way,0.499,0.294,0.207,1.5,0.9
28,2026-06-08T11:15:21+00:00,2026-06-25,group,Japan,Sweden,three_way,0.511,0.26,0.22899999999999998,1.8,1.1
28,2026-06-08T11:15:21+00:00,2026-06-25,group,Netherlands,Tunisia,three_way,0.769,0.17300000000000001,0.057999999999999996,2.5,0.5
28,2026-06-08T11:15:21+00:00,2026-06-25,group,Ivory Coast,Curaçao,three_way,0.675,0.21899999999999997,0.106,2.1,0.7
28,2026-06-08T11:15:21+00:00,2026-06-26,group,France,Norway,three_way,0.49200000000000005,0.267,0.24100000000000002,1.7,1.1
28,2026-06-08T11:15:21+00:00,2026-06-26,group,Belgium,New Zealand,three_way,0.82,0.139,0.040999999999999995,2.9,0.5
28,2026-06-08T11:15:21+00:00,2026-06-26,group,Saudi Arabia,Cape Verde,three_way,0.336,0.33299999999999996,0.331,1.0,1.0
28,2026-06-08T11:15:21+00:00,2026-06-26,group,Senegal,Iraq,three_way,0.675,0.237,0.08800000000000001,1.9,0.5
28,2026-06-08T11:15:21+00:00,2026-06-26,group,Egypt,Iran,three_way,0.38,0.309,0.312,1.3,1.1
28,2026-06-08T11:15:21+00:00,2026-06-26,group,Spain,Uruguay,three_way,0.624,0.243,0.133,1.9,0.8
28,2026-06-08T11:15:21+00:00,2026-06-27,group,Portugal,Colombia,three_way,0.355,0.308,0.337,1.2,1.2
28,2026-06-08T11:15:21+00:00,2026-06-27,group,England,Panama,three_way,0.785,0.166,0.05,2.5,0.5
28,2026-06-08T11:15:21+00:00,2026-06-27,group,Argentina,Jordan,three_way,0.8859999999999999,0.099,0.016,3.3,0.3
28,2026-06-08T11:15:21+00:00,2026-06-27,group,Croatia,Ghana,three_way,0.698,0.21,0.091,2.2,0.6
28,2026-06-08T11:15:21+00:00,2026-06-27,group,DR Congo,Uzbekistan,three_way,0.402,0.297,0.301,1.4,1.1
28,2026-06-08T11:15:21+00:00,2026-06-27,group,Austria,Algeria,three_way,0.45799999999999996,0.268,0.273,1.7,1.2
29,2026-06-09T14:46:01+00:00,2026-06-11,group,Czech Republic,South Korea,three_way,0.377,0.297,0.326,1.3,1.2
29,2026-06-09T14:46:01+00:00,2026-06-11,group,Mexico,South Africa,three_way,0.773,0.184,0.043,2.3,0.3
29,2026-06-09T14:46:01+00:00,2026-06-12,group,United States,Paraguay,three_way,0.426,0.307,0.268,1.3,1.0
29,2026-06-09T14:46:01+00:00,2026-06-12,group,Canada,Bosnia and Herzegovina,three_way,0.66,0.23,0.11,2.0,0.7
29,2026-06-09T14:46:01+00:00,2026-06-13,group,Scotland,Haiti,three_way,0.6579999999999999,0.21899999999999997,0.12300000000000001,2.2,0.8
29,2026-06-09T14:46:01+00:00,2026-06-13,group,Switzerland,Qatar,three_way,0.867,0.10800000000000001,0.025,3.2,0.4
29,2026-06-09T14:46:01+00:00,2026-06-13,group,Brazil,Morocco,three_way,0.608,0.263,0.129,1.7,0.6
29,2026-06-09T14:46:01+00:00,2026-06-14,group,Sweden,Tunisia,three_way,0.5579999999999999,0.263,0.179,1.8,0.9
29,2026-06-09T14:46:01+00:00,2026-06-14,group,Netherlands,Japan,three_way,0.493,0.264,0.243,1.7,1.2
29,2026-06-09T14:46:01+00:00,2026-06-14,group,Turkey,Australia,three_way,0.65,0.22399999999999998,0.126,2.1,0.8
29,2026-06-09T14:46:01+00:00,2026-06-14,group,Germany,Curaçao,three_way,0.9109999999999999,0.075,0.013999999999999999,3.9,0.3
29,2026-06-09T14:46:01+00:00,2026-06-14,group,Ecuador,Ivory Coast,three_way,0.59,0.265,0.146,1.7,0.7
29,2026-06-09T14:46:01+00:00,2026-06-15,group,Belgium,Egypt,three_way,0.6409999999999999,0.228,0.13,2.1,0.8
29,2026-06-09T14:46:01+00:00,2026-06-15,group,Spain,Cape Verde,three_way,0.8959999999999999,0.091,0.013000000000000001,3.4,0.2
29,2026-06-09T14:46:01+00:00,2026-06-15,group,Iran,New Zealand,three_way,0.547,0.273,0.18,1.7,0.8
29,2026-06-09T14:46:01+00:00,2026-06-15,group,Uruguay,Saudi Arabia,three_way,0.752,0.191,0.055999999999999994,2.2,0.4
29,2026-06-09T14:46:01+00:00,2026-06-16,group,Norway,Iraq,three_way,0.813,0.146,0.040999999999999995,2.8,0.5
29,2026-06-09T14:46:01+00:00,2026-06-16,group,France,Senegal,three_way,0.59,0.267,0.14300000000000002,1.7,0.7
29,2026-06-09T14:46:01+00:00,2026-06-16,group,Argentina,Algeria,three_way,0.797,0.156,0.046,2.6,0.5
29,2026-06-09T14:46:01+00:00,2026-06-17,group,England,Croatia,three_way,0.634,0.23800000000000002,0.128,2.0,0.7
29,2026-06-09T14:46:01+00:00,2026-06-17,group,Portugal,DR Congo,three_way,0.7440000000000001,0.187,0.069,2.4,0.6
29,2026-06-09T14:46:01+00:00,2026-06-17,group,Colombia,Uzbekistan,three_way,0.762,0.182,0.055999999999999994,2.3,0.5
29,2026-06-09T14:46:01+00:00,2026-06-17,group,Panama,Ghana,three_way,0.49700000000000005,0.28300000000000003,0.22,1.6,1.0
29,2026-06-09T14:46:01+00:00,2026-06-17,group,Austria,Jordan,three_way,0.6729999999999999,0.213,0.114,2.2,0.8
29,2026-06-09T14:46:01+00:00,2026-06-18,group,Switzerland,Bosnia and Herzegovina,three_way,0.682,0.20800000000000002,0.11,2.3,0.8
29,2026-06-09T14:46:01+00:00,2026-06-18,group,Canada,Qatar,three_way,0.847,0.126,0.027000000000000003,2.9,0.4
29,2026-06-09T14:46:01+00:00,2026-06-18,group,Mexico,South Korea,three_way,0.687,0.23199999999999998,0.081,1.9,0.5
29,2026-06-09T14:46:01+00:00,2026-06-18,group,Czech Republic,South Africa,three_way,0.53,0.27699999999999997,0.193,1.6,0.9
29,2026-06-09T14:46:01+00:00,2026-06-19,group,Morocco,Scotland,three_way,0.368,0.327,0.305,1.1,1.0
29,2026-06-09T14:46:01+00:00,2026-06-19,group,United States,Australia,three_way,0.578,0.265,0.158,1.7,0.8
29,2026-06-09T14:46:01+00:00,2026-06-19,group,Turkey,Paraguay,three_way,0.479,0.27699999999999997,0.244,1.6,1.1
29,2026-06-09T14:46:01+00:00,2026-06-19,group,Brazil,Haiti,three_way,0.867,0.10800000000000001,0.025,3.2,0.4
29,2026-06-09T14:46:01+00:00,2026-06-20,group,Germany,Ivory Coast,three_way,0.7559999999999999,0.168,0.077,2.7,0.7
29,2026-06-09T14:46:01+00:00,2026-06-20,group,Ecuador,Curaçao,three_way,0.8240000000000001,0.14300000000000002,0.033,2.7,0.4
29,2026-06-09T14:46:01+00:00,2026-06-20,group,Netherlands,Sweden,three_way,0.6409999999999999,0.22,0.139,2.2,0.9
29,2026-06-09T14:46:01+00:00,2026-06-21,group,Egypt,New Zealand,three_way,0.59,0.257,0.153,1.8,0.8
29,2026-06-09T14:46:01+00:00,2026-06-21,group,Belgium,Iran,three_way,0.67,0.218,0.11199999999999999,2.1,0.7
29,2026-06-09T14:46:01+00:00,2026-06-21,group,Uruguay,Cape Verde,three_way,0.748,0.195,0.057,2.2,0.4
29,2026-06-09T14:46:01+00:00,2026-06-21,group,Spain,Saudi Arabia,three_way,0.898,0.09,0.013000000000000001,3.4,0.2
29,2026-06-09T14:46:01+00:00,2026-06-21,group,Japan,Tunisia,three_way,0.6779999999999999,0.222,0.1,2.1,0.6
29,2026-06-09T14:46:01+00:00,2026-06-22,group,Norway,Senegal,three_way,0.496,0.282,0.222,1.6,1.0
29,2026-06-09T14:46:01+00:00,2026-06-22,group,Argentina,Austria,three_way,0.754,0.17800000000000002,0.069,2.5,0.6
29,2026-06-09T14:46:01+00:00,2026-06-22,group,France,Iraq,three_way,0.853,0.12300000000000001,0.024,2.9,0.3
29,2026-06-09T14:46:01+00:00,2026-06-22,group,Algeria,Jordan,three_way,0.581,0.253,0.166,1.9,0.9
29,2026-06-09T14:46:01+00:00,2026-06-23,group,Croatia,Panama,three_way,0.57,0.257,0.17300000000000001,1.8,0.9
29,2026-06-09T14:46:01+00:00,2026-06-23,group,Portugal,Uzbekistan,three_way,0.7809999999999999,0.165,0.054000000000000006,2.6,0.5
29,2026-06-09T14:46:01+00:00,2026-06-23,group,England,Ghana,three_way,0.8540000000000001,0.122,0.024,2.9,0.3
29,2026-06-09T14:46:01+00:00,2026-06-23,group,Colombia,DR Congo,three_way,0.722,0.20600000000000002,0.07200000000000001,2.1,0.5
29,2026-06-09T14:46:01+00:00,2026-06-24,group,Canada,Switzerland,three_way,0.35700000000000004,0.305,0.33799999999999997,1.2,1.2
29,2026-06-09T14:46:01+00:00,2026-06-24,group,Bosnia and Herzegovina,Qatar,three_way,0.679,0.20800000000000002,0.114,2.3,0.8
29,2026-06-09T14:46:01+00:00,2026-06-24,group,Brazil,Scotland,three_way,0.674,0.21899999999999997,0.107,2.1,0.7
29,2026-06-09T14:46:01+00:00,2026-06-24,group,Morocco,Haiti,three_way,0.6559999999999999,0.235,0.109,2.0,0.6
29,2026-06-09T14:46:01+00:00,2026-06-24,group,Mexico,Czech Republic,three_way,0.691,0.222,0.087,2.0,0.6
29,2026-06-09T14:46:01+00:00,2026-06-24,group,South Korea,South Africa,three_way,0.48200000000000004,0.303,0.21600000000000003,1.4,0.9
29,2026-06-09T14:46:01+00:00,2026-06-25,group,Japan,Sweden,three_way,0.511,0.26,0.22899999999999998,1.8,1.1
29,2026-06-09T14:46:01+00:00,2026-06-25,group,Paraguay,Australia,three_way,0.499,0.294,0.207,1.5,0.9
29,2026-06-09T14:46:01+00:00,2026-06-25,group,United States,Turkey,three_way,0.322,0.282,0.396,1.3,1.5
29,2026-06-09T14:46:01+00:00,2026-06-25,group,Germany,Ecuador,three_way,0.5,0.261,0.239,1.8,1.2
29,2026-06-09T14:46:01+00:00,2026-06-25,group,Ivory Coast,Curaçao,three_way,0.675,0.21899999999999997,0.106,2.1,0.7
29,2026-06-09T14:46:01+00:00,2026-06-25,group,Netherlands,Tunisia,three_way,0.769,0.17300000000000001,0.057999999999999996,2.5,0.5
29,2026-06-09T14:46:01+00:00,2026-06-26,group,Egypt,Iran,three_way,0.38,0.309,0.312,1.3,1.1
29,2026-06-09T14:46:01+00:00,2026-06-26,group,Spain,Uruguay,three_way,0.624,0.243,0.133,1.9,0.8
29,2026-06-09T14:46:01+00:00,2026-06-26,group,Saudi Arabia,Cape Verde,three_way,0.336,0.33299999999999996,0.331,1.0,1.0
29,2026-06-09T14:46:01+00:00,2026-06-26,group,Belgium,New Zealand,three_way,0.82,0.139,0.040999999999999995,2.9,0.5
29,2026-06-09T14:46:01+00:00,2026-06-26,group,Senegal,Iraq,three_way,0.675,0.237,0.08800000000000001,1.9,0.5
29,2026-06-09T14:46:01+00:00,2026-06-26,group,France,Norway,three_way,0.49200000000000005,0.267,0.24100000000000002,1.7,1.1
29,2026-06-09T14:46:01+00:00,2026-06-27,group,Portugal,Colombia,three_way,0.355,0.308,0.337,1.2,1.2
29,2026-06-09T14:46:01+00:00,2026-06-27,group,DR Congo,Uzbekistan,three_way,0.402,0.297,0.301,1.4,1.1
29,2026-06-09T14:46:01+00:00,2026-06-27,group,Argentina,Jordan,three_way,0.8859999999999999,0.099,0.016,3.3,0.3
29,2026-06-09T14:46:01+00:00,2026-06-27,group,Austria,Algeria,three_way,0.45799999999999996,0.268,0.273,1.7,1.2
29,2026-06-09T14:46:01+00:00,2026-06-27,group,England,Panama,three_way,0.785,0.166,0.05,2.5,0.5
29,2026-06-09T14:46:01+00:00,2026-06-27,group,Croatia,Ghana,three_way,0.698,0.21,0.091,2.2,0.6
30,2026-06-09T14:50:42+00:00,2026-06-11,group,Mexico,South Africa,three_way,0.774,0.183,0.043,2.3,0.4
30,2026-06-09T14:50:42+00:00,2026-06-11,group,Czech Republic,South Korea,three_way,0.377,0.29600000000000004,0.327,1.3,1.2
30,2026-06-09T14:50:42+00:00,2026-06-12,group,United States,Paraguay,three_way,0.426,0.306,0.268,1.3,1.0
30,2026-06-09T14:50:42+00:00,2026-06-12,group,Canada,Bosnia and Herzegovina,three_way,0.6609999999999999,0.22899999999999998,0.11,2.0,0.7
30,2026-06-09T14:50:42+00:00,2026-06-13,group,Scotland,Haiti,three_way,0.659,0.218,0.12300000000000001,2.2,0.8
30,2026-06-09T14:50:42+00:00,2026-06-13,group,Brazil,Morocco,three_way,0.61,0.262,0.128,1.7,0.6
30,2026-06-09T14:50:42+00:00,2026-06-13,group,Switzerland,Qatar,three_way,0.868,0.10800000000000001,0.025,3.3,0.4
30,2026-06-09T14:50:42+00:00,2026-06-14,group,Netherlands,Japan,three_way,0.493,0.264,0.243,1.7,1.2
30,2026-06-09T14:50:42+00:00,2026-06-14,group,Ecuador,Ivory Coast,three_way,0.591,0.264,0.146,1.7,0.7
30,2026-06-09T14:50:42+00:00,2026-06-14,group,Sweden,Tunisia,three_way,0.5589999999999999,0.262,0.179,1.8,0.9
30,2026-06-09T14:50:42+00:00,2026-06-14,group,Turkey,Australia,three_way,0.6509999999999999,0.223,0.126,2.1,0.8
30,2026-06-09T14:50:42+00:00,2026-06-14,group,Germany,Curaçao,three_way,0.9109999999999999,0.075,0.013999999999999999,3.9,0.3
30,2026-06-09T14:50:42+00:00,2026-06-15,group,Iran,New Zealand,three_way,0.5479999999999999,0.272,0.18,1.7,0.8
30,2026-06-09T14:50:42+00:00,2026-06-15,group,Spain,Cape Verde,three_way,0.897,0.09,0.013000000000000001,3.4,0.2
30,2026-06-09T14:50:42+00:00,2026-06-15,group,Belgium,Egypt,three_way,0.642,0.228,0.13,2.1,0.8
30,2026-06-09T14:50:42+00:00,2026-06-15,group,Uruguay,Saudi Arabia,three_way,0.753,0.19,0.055999999999999994,2.3,0.4
30,2026-06-09T14:50:42+00:00,2026-06-16,group,Argentina,Algeria,three_way,0.7979999999999999,0.156,0.046,2.6,0.5
30,2026-06-09T14:50:42+00:00,2026-06-16,group,Norway,Iraq,three_way,0.8140000000000001,0.145,0.040999999999999995,2.8,0.5
30,2026-06-09T14:50:42+00:00,2026-06-16,group,France,Senegal,three_way,0.593,0.265,0.142,1.7,0.7
30,2026-06-09T14:50:42+00:00,2026-06-17,group,Austria,Jordan,three_way,0.674,0.213,0.114,2.2,0.8
30,2026-06-09T14:50:42+00:00,2026-06-17,group,Colombia,Uzbekistan,three_way,0.763,0.18100000000000002,0.055,2.4,0.5
30,2026-06-09T14:50:42+00:00,2026-06-17,group,Portugal,DR Congo,three_way,0.745,0.18600000000000003,0.069,2.4,0.6
30,2026-06-09T14:50:42+00:00,2026-06-17,group,England,Croatia,three_way,0.635,0.237,0.128,2.0,0.7
30,2026-06-09T14:50:42+00:00,2026-06-17,group,Panama,Ghana,three_way,0.49700000000000005,0.282,0.22,1.6,1.0
30,2026-06-09T14:50:42+00:00,2026-06-18,group,Czech Republic,South Africa,three_way,0.531,0.27699999999999997,0.193,1.6,0.9
30,2026-06-09T14:50:42+00:00,2026-06-18,group,Switzerland,Bosnia and Herzegovina,three_way,0.6829999999999999,0.207,0.11,2.3,0.8
30,2026-06-09T14:50:42+00:00,2026-06-18,group,Canada,Qatar,three_way,0.848,0.125,0.027000000000000003,2.9,0.4
30,2026-06-09T14:50:42+00:00,2026-06-18,group,Mexico,South Korea,three_way,0.6890000000000001,0.231,0.081,1.9,0.5
30,2026-06-09T14:50:42+00:00,2026-06-19,group,United States,Australia,three_way,0.579,0.264,0.157,1.7,0.8
30,2026-06-09T14:50:42+00:00,2026-06-19,group,Morocco,Scotland,three_way,0.368,0.326,0.305,1.1,1.0
30,2026-06-09T14:50:42+00:00,2026-06-19,group,Turkey,Paraguay,three_way,0.48,0.276,0.244,1.6,1.1
30,2026-06-09T14:50:42+00:00,2026-06-19,group,Brazil,Haiti,three_way,0.867,0.10800000000000001,0.025,3.3,0.4
30,2026-06-09T14:50:42+00:00,2026-06-20,group,Germany,Ivory Coast,three_way,0.7559999999999999,0.16699999999999998,0.076,2.7,0.7
30,2026-06-09T14:50:42+00:00,2026-06-20,group,Ecuador,Curaçao,three_way,0.825,0.142,0.033,2.7,0.4
30,2026-06-09T14:50:42+00:00,2026-06-20,group,Netherlands,Sweden,three_way,0.642,0.21899999999999997,0.139,2.2,0.9
30,2026-06-09T14:50:42+00:00,2026-06-21,group,Japan,Tunisia,three_way,0.68,0.221,0.1,2.1,0.6
30,2026-06-09T14:50:42+00:00,2026-06-21,group,Uruguay,Cape Verde,three_way,0.7490000000000001,0.19399999999999998,0.055999999999999994,2.2,0.4
30,2026-06-09T14:50:42+00:00,2026-06-21,group,Spain,Saudi Arabia,three_way,0.899,0.08800000000000001,0.012,3.4,0.2
30,2026-06-09T14:50:42+00:00,2026-06-21,group,Belgium,Iran,three_way,0.6709999999999999,0.218,0.11199999999999999,2.1,0.7
30,2026-06-09T14:50:42+00:00,2026-06-21,group,Egypt,New Zealand,three_way,0.591,0.256,0.153,1.8,0.8
30,2026-06-09T14:50:42+00:00,2026-06-22,group,France,Iraq,three_way,0.855,0.121,0.024,3.0,0.3
30,2026-06-09T14:50:42+00:00,2026-06-22,group,Norway,Senegal,three_way,0.49700000000000005,0.281,0.222,1.6,1.0
30,2026-06-09T14:50:42+00:00,2026-06-22,group,Algeria,Jordan,three_way,0.5820000000000001,0.252,0.166,1.9,0.9
30,2026-06-09T14:50:42+00:00,2026-06-22,group,Argentina,Austria,three_way,0.755,0.177,0.069,2.5,0.6
30,2026-06-09T14:50:42+00:00,2026-06-23,group,Colombia,DR Congo,three_way,0.723,0.205,0.07200000000000001,2.2,0.5
30,2026-06-09T14:50:42+00:00,2026-06-23,group,Portugal,Uzbekistan,three_way,0.782,0.16399999999999998,0.053,2.6,0.5
30,2026-06-09T14:50:42+00:00,2026-06-23,group,Croatia,Panama,three_way,0.5710000000000001,0.256,0.17300000000000001,1.8,0.9
30,2026-06-09T14:50:42+00:00,2026-06-23,group,England,Ghana,three_way,0.855,0.121,0.024,3.0,0.3
30,2026-06-09T14:50:42+00:00,2026-06-24,group,Mexico,Czech Republic,three_way,0.6920000000000001,0.221,0.087,2.0,0.6
30,2026-06-09T14:50:42+00:00,2026-06-24,group,Canada,Switzerland,three_way,0.358,0.304,0.33799999999999997,1.2,1.2
30,2026-06-09T14:50:42+00:00,2026-06-24,group,Morocco,Haiti,three_way,0.657,0.23399999999999999,0.109,2.0,0.6
30,2026-06-09T14:50:42+00:00,2026-06-24,group,South Korea,South Africa,three_way,0.48200000000000004,0.302,0.21600000000000003,1.4,0.9
30,2026-06-09T14:50:42+00:00,2026-06-24,group,Brazil,Scotland,three_way,0.675,0.218,0.107,2.1,0.7
30,2026-06-09T14:50:42+00:00,2026-06-24,group,Bosnia and Herzegovina,Qatar,three_way,0.68,0.207,0.114,2.3,0.8
30,2026-06-09T14:50:42+00:00,2026-06-25,group,Netherlands,Tunisia,three_way,0.77,0.172,0.057999999999999996,2.5,0.5
30,2026-06-09T14:50:42+00:00,2026-06-25,group,Paraguay,Australia,three_way,0.5,0.293,0.207,1.5,0.9
30,2026-06-09T14:50:42+00:00,2026-06-25,group,Ivory Coast,Curaçao,three_way,0.6759999999999999,0.218,0.106,2.1,0.7
30,2026-06-09T14:50:42+00:00,2026-06-25,group,Japan,Sweden,three_way,0.512,0.259,0.22899999999999998,1.8,1.1
30,2026-06-09T14:50:42+00:00,2026-06-25,group,United States,Turkey,three_way,0.322,0.281,0.397,1.3,1.5
30,2026-06-09T14:50:42+00:00,2026-06-25,group,Germany,Ecuador,three_way,0.5,0.26,0.24,1.8,1.2
30,2026-06-09T14:50:42+00:00,2026-06-26,group,Belgium,New Zealand,three_way,0.821,0.138,0.040999999999999995,2.9,0.5
30,2026-06-09T14:50:42+00:00,2026-06-26,group,Senegal,Iraq,three_way,0.6759999999999999,0.23600000000000002,0.08800000000000001,1.9,0.5
30,2026-06-09T14:50:42+00:00,2026-06-26,group,Spain,Uruguay,three_way,0.628,0.24,0.131,1.9,0.7
30,2026-06-09T14:50:42+00:00,2026-06-26,group,Egypt,Iran,three_way,0.38,0.308,0.312,1.3,1.1
30,2026-06-09T14:50:42+00:00,2026-06-26,group,France,Norway,three_way,0.496,0.265,0.239,1.7,1.1
30,2026-06-09T14:50:42+00:00,2026-06-26,group,Saudi Arabia,Cape Verde,three_way,0.336,0.332,0.332,1.0,1.0
30,2026-06-09T14:50:42+00:00,2026-06-27,group,Portugal,Colombia,three_way,0.355,0.307,0.33799999999999997,1.2,1.2
30,2026-06-09T14:50:42+00:00,2026-06-27,group,Argentina,Jordan,three_way,0.8859999999999999,0.098,0.016,3.3,0.3
30,2026-06-09T14:50:42+00:00,2026-06-27,group,Croatia,Ghana,three_way,0.6990000000000001,0.209,0.091,2.2,0.6
30,2026-06-09T14:50:42+00:00,2026-06-27,group,Austria,Algeria,three_way,0.45899999999999996,0.268,0.273,1.7,1.2
30,2026-06-09T14:50:42+00:00,2026-06-27,group,England,Panama,three_way,0.785,0.165,0.05,2.5,0.5
30,2026-06-09T14:50:42+00:00,2026-06-27,group,DR Congo,Uzbekistan,three_way,0.40299999999999997,0.29600000000000004,0.301,1.4,1.1
31,2026-06-10T13:47:19+00:00,2026-06-11,group,Czech Republic,South Korea,three_way,0.377,0.29600000000000004,0.326,1.3,1.2
31,2026-06-10T13:47:19+00:00,2026-06-11,group,Mexico,South Africa,three_way,0.773,0.184,0.043,2.3,0.3
31,2026-06-10T13:47:19+00:00,2026-06-12,group,United States,Paraguay,three_way,0.42700000000000005,0.305,0.268,1.3,1.0
31,2026-06-10T13:47:19+00:00,2026-06-12,group,Canada,Bosnia and Herzegovina,three_way,0.6609999999999999,0.22899999999999998,0.11,2.0,0.7
31,2026-06-10T13:47:19+00:00,2026-06-13,group,Scotland,Haiti,three_way,0.659,0.218,0.12300000000000001,2.2,0.8
31,2026-06-10T13:47:19+00:00,2026-06-13,group,Switzerland,Qatar,three_way,0.868,0.107,0.025,3.3,0.4
31,2026-06-10T13:47:19+00:00,2026-06-13,group,Brazil,Morocco,three_way,0.61,0.261,0.128,1.7,0.7
31,2026-06-10T13:47:19+00:00,2026-06-14,group,Germany,Curaçao,three_way,0.9109999999999999,0.075,0.013999999999999999,3.9,0.3
31,2026-06-10T13:47:19+00:00,2026-06-14,group,Sweden,Tunisia,three_way,0.5579999999999999,0.263,0.18,1.8,0.9
31,2026-06-10T13:47:19+00:00,2026-06-14,group,Ecuador,Ivory Coast,three_way,0.59,0.264,0.146,1.7,0.7
31,2026-06-10T13:47:19+00:00,2026-06-14,group,Turkey,Australia,three_way,0.649,0.225,0.126,2.1,0.8
31,2026-06-10T13:47:19+00:00,2026-06-14,group,Netherlands,Japan,three_way,0.493,0.264,0.243,1.7,1.2
31,2026-06-10T13:47:19+00:00,2026-06-15,group,Belgium,Egypt,three_way,0.6409999999999999,0.22899999999999998,0.13,2.1,0.8
31,2026-06-10T13:47:19+00:00,2026-06-15,group,Uruguay,Saudi Arabia,three_way,0.748,0.193,0.057999999999999996,2.2,0.4
31,2026-06-10T13:47:19+00:00,2026-06-15,group,Iran,New Zealand,three_way,0.547,0.273,0.18,1.7,0.8
31,2026-06-10T13:47:19+00:00,2026-06-15,group,Spain,Cape Verde,three_way,0.898,0.08900000000000001,0.012,3.4,0.2
31,2026-06-10T13:47:19+00:00,2026-06-16,group,Norway,Iraq,three_way,0.8170000000000001,0.14300000000000002,0.04,2.8,0.5
31,2026-06-10T13:47:19+00:00,2026-06-16,group,Argentina,Algeria,three_way,0.799,0.155,0.046,2.6,0.5
31,2026-06-10T13:47:19+00:00,2026-06-16,group,France,Senegal,three_way,0.599,0.263,0.138,1.7,0.7
31,2026-06-10T13:47:19+00:00,2026-06-17,group,Austria,Jordan,three_way,0.675,0.212,0.114,2.2,0.8
31,2026-06-10T13:47:19+00:00,2026-06-17,group,Panama,Ghana,three_way,0.49700000000000005,0.28300000000000003,0.22,1.6,1.0
31,2026-06-10T13:47:19+00:00,2026-06-17,group,Portugal,DR Congo,three_way,0.7490000000000001,0.184,0.067,2.4,0.5
31,2026-06-10T13:47:19+00:00,2026-06-17,group,England,Croatia,three_way,0.634,0.23800000000000002,0.128,2.0,0.7
31,2026-06-10T13:47:19+00:00,2026-06-17,group,Colombia,Uzbekistan,three_way,0.7609999999999999,0.183,0.055999999999999994,2.3,0.5
31,2026-06-10T13:47:19+00:00,2026-06-18,group,Switzerland,Bosnia and Herzegovina,three_way,0.6829999999999999,0.207,0.11,2.3,0.8
31,2026-06-10T13:47:19+00:00,2026-06-18,group,Mexico,South Korea,three_way,0.688,0.231,0.081,1.9,0.5
31,2026-06-10T13:47:19+00:00,2026-06-18,group,Czech Republic,South Africa,three_way,0.529,0.278,0.193,1.6,0.9
31,2026-06-10T13:47:19+00:00,2026-06-18,group,Canada,Qatar,three_way,0.847,0.126,0.027000000000000003,2.9,0.4
31,2026-06-10T13:47:19+00:00,2026-06-19,group,Turkey,Paraguay,three_way,0.48,0.27699999999999997,0.244,1.6,1.1
31,2026-06-10T13:47:19+00:00,2026-06-19,group,Brazil,Haiti,three_way,0.867,0.10800000000000001,0.025,3.3,0.4
31,2026-06-10T13:47:19+00:00,2026-06-19,group,United States,Australia,three_way,0.578,0.264,0.157,1.7,0.8
31,2026-06-10T13:47:19+00:00,2026-06-19,group,Morocco,Scotland,three_way,0.369,0.326,0.306,1.1,1.0
31,2026-06-10T13:47:19+00:00,2026-06-20,group,Ecuador,Curaçao,three_way,0.8240000000000001,0.142,0.033,2.7,0.4
31,2026-06-10T13:47:19+00:00,2026-06-20,group,Netherlands,Sweden,three_way,0.6409999999999999,0.22,0.139,2.2,0.9
31,2026-06-10T13:47:19+00:00,2026-06-20,group,Germany,Ivory Coast,three_way,0.7559999999999999,0.16699999999999998,0.076,2.7,0.7
31,2026-06-10T13:47:19+00:00,2026-06-21,group,Japan,Tunisia,three_way,0.679,0.221,0.1,2.1,0.6
31,2026-06-10T13:47:19+00:00,2026-06-21,group,Uruguay,Cape Verde,three_way,0.75,0.193,0.055999999999999994,2.2,0.4
31,2026-06-10T13:47:19+00:00,2026-06-21,group,Egypt,New Zealand,three_way,0.589,0.258,0.153,1.8,0.8
31,2026-06-10T13:47:19+00:00,2026-06-21,group,Belgium,Iran,three_way,0.67,0.21899999999999997,0.11199999999999999,2.1,0.7
31,2026-06-10T13:47:19+00:00,2026-06-21,group,Spain,Saudi Arabia,three_way,0.897,0.09,0.013000000000000001,3.4,0.3
31,2026-06-10T13:47:19+00:00,2026-06-22,group,Norway,Senegal,three_way,0.503,0.27899999999999997,0.217,1.6,1.0
31,2026-06-10T13:47:19+00:00,2026-06-22,group,Algeria,Jordan,three_way,0.5820000000000001,0.251,0.166,1.9,0.9
31,2026-06-10T13:47:19+00:00,2026-06-22,group,France,Iraq,three_way,0.858,0.11900000000000001,0.023,3.0,0.3
31,2026-06-10T13:47:19+00:00,2026-06-22,group,Argentina,Austria,three_way,0.7559999999999999,0.17600000000000002,0.068,2.5,0.6
31,2026-06-10T13:47:19+00:00,2026-06-23,group,Portugal,Uzbekistan,three_way,0.779,0.16699999999999998,0.054000000000000006,2.5,0.5
31,2026-06-10T13:47:19+00:00,2026-06-23,group,England,Ghana,three_way,0.8540000000000001,0.122,0.024,2.9,0.3
31,2026-06-10T13:47:19+00:00,2026-06-23,group,Colombia,DR Congo,three_way,0.727,0.203,0.07,2.2,0.5
31,2026-06-10T13:47:19+00:00,2026-06-23,group,Croatia,Panama,three_way,0.57,0.257,0.17300000000000001,1.8,0.9
31,2026-06-10T13:47:19+00:00,2026-06-24,group,Mexico,Czech Republic,three_way,0.6920000000000001,0.221,0.087,2.0,0.6
31,2026-06-10T13:47:19+00:00,2026-06-24,group,Morocco,Haiti,three_way,0.657,0.23399999999999999,0.109,2.0,0.6
31,2026-06-10T13:47:19+00:00,2026-06-24,group,Brazil,Scotland,three_way,0.675,0.218,0.107,2.1,0.7
31,2026-06-10T13:47:19+00:00,2026-06-24,group,Bosnia and Herzegovina,Qatar,three_way,0.679,0.207,0.114,2.3,0.8
31,2026-06-10T13:47:19+00:00,2026-06-24,group,South Korea,South Africa,three_way,0.48100000000000004,0.303,0.21600000000000003,1.4,0.9
31,2026-06-10T13:47:19+00:00,2026-06-24,group,Canada,Switzerland,three_way,0.358,0.304,0.33799999999999997,1.2,1.2
31,2026-06-10T13:47:19+00:00,2026-06-25,group,Germany,Ecuador,three_way,0.5,0.261,0.24,1.8,1.2
31,2026-06-10T13:47:19+00:00,2026-06-25,group,United States,Turkey,three_way,0.322,0.281,0.397,1.3,1.5
31,2026-06-10T13:47:19+00:00,2026-06-25,group,Japan,Sweden,three_way,0.511,0.26,0.22899999999999998,1.8,1.1
31,2026-06-10T13:47:19+00:00,2026-06-25,group,Ivory Coast,Curaçao,three_way,0.6759999999999999,0.218,0.106,2.1,0.7
31,2026-06-10T13:47:19+00:00,2026-06-25,group,Paraguay,Australia,three_way,0.499,0.294,0.207,1.5,0.9
31,2026-06-10T13:47:19+00:00,2026-06-25,group,Netherlands,Tunisia,three_way,0.77,0.172,0.057999999999999996,2.5,0.5
31,2026-06-10T13:47:19+00:00,2026-06-26,group,Spain,Uruguay,three_way,0.628,0.24100000000000002,0.131,1.9,0.7
31,2026-06-10T13:47:19+00:00,2026-06-26,group,France,Norway,three_way,0.496,0.265,0.239,1.7,1.1
31,2026-06-10T13:47:19+00:00,2026-06-26,group,Egypt,Iran,three_way,0.38,0.309,0.312,1.3,1.1
31,2026-06-10T13:47:19+00:00,2026-06-26,group,Belgium,New Zealand,three_way,0.82,0.139,0.040999999999999995,2.9,0.5
31,2026-06-10T13:47:19+00:00,2026-06-26,group,Saudi Arabia,Cape Verde,three_way,0.34299999999999997,0.331,0.326,1.1,1.0
31,2026-06-10T13:47:19+00:00,2026-06-26,group,Senegal,Iraq,three_way,0.6759999999999999,0.237,0.087,1.9,0.5
31,2026-06-10T13:47:19+00:00,2026-06-27,group,DR Congo,Uzbekistan,three_way,0.39299999999999996,0.3,0.307,1.3,1.1
31,2026-06-10T13:47:19+00:00,2026-06-27,group,Argentina,Jordan,three_way,0.887,0.09699999999999999,0.015,3.3,0.3
31,2026-06-10T13:47:19+00:00,2026-06-27,group,Portugal,Colombia,three_way,0.355,0.308,0.337,1.2,1.2
31,2026-06-10T13:47:19+00:00,2026-06-27,group,Austria,Algeria,three_way,0.45899999999999996,0.268,0.273,1.7,1.2
31,2026-06-10T13:47:19+00:00,2026-06-27,group,England,Panama,three_way,0.7829999999999999,0.16699999999999998,0.05,2.5,0.5
31,2026-06-10T13:47:19+00:00,2026-06-27,group,Croatia,Ghana,three_way,0.6990000000000001,0.209,0.091,2.2,0.6
32,2026-06-12T15:01:05+00:00,2026-06-12,group,Canada,Bosnia and Herzegovina,three_way,0.662,0.22899999999999998,0.11,2.0,0.7
32,2026-06-12T15:01:05+00:00,2026-06-12,group,United States,Paraguay,three_way,0.42700000000000005,0.305,0.268,1.3,1.0
32,2026-06-12T15:01:05+00:00,2026-06-13,group,Scotland,Haiti,three_way,0.659,0.218,0.122,2.2,0.8
32,2026-06-12T15:01:05+00:00,2026-06-13,group,Brazil,Morocco,three_way,0.611,0.26,0.128,1.8,0.7
32,2026-06-12T15:01:05+00:00,2026-06-13,group,Switzerland,Qatar,three_way,0.868,0.107,0.024,3.3,0.4
32,2026-06-12T15:01:05+00:00,2026-06-14,group,Turkey,Australia,three_way,0.65,0.22399999999999998,0.126,2.1,0.8
32,2026-06-12T15:01:05+00:00,2026-06-14,group,Germany,Curaçao,three_way,0.9109999999999999,0.075,0.013999999999999999,3.9,0.3
32,2026-06-12T15:01:05+00:00,2026-06-14,group,Netherlands,Japan,three_way,0.494,0.263,0.243,1.7,1.2
32,2026-06-12T15:01:05+00:00,2026-06-14,group,Ecuador,Ivory Coast,three_way,0.591,0.264,0.146,1.7,0.7
32,2026-06-12T15:01:05+00:00,2026-06-14,group,Sweden,Tunisia,three_way,0.5579999999999999,0.263,0.179,1.8,0.9
32,2026-06-12T15:01:05+00:00,2026-06-15,group,Belgium,Egypt,three_way,0.6409999999999999,0.22899999999999998,0.13,2.1,0.8
32,2026-06-12T15:01:05+00:00,2026-06-15,group,Spain,Cape Verde,three_way,0.898,0.08900000000000001,0.012,3.4,0.2
32,2026-06-12T15:01:05+00:00,2026-06-15,group,Uruguay,Saudi Arabia,three_way,0.7490000000000001,0.193,0.057999999999999996,2.2,0.4
32,2026-06-12T15:01:05+00:00,2026-06-15,group,Iran,New Zealand,three_way,0.547,0.273,0.18,1.7,0.8
32,2026-06-12T15:01:05+00:00,2026-06-16,group,France,Senegal,three_way,0.6,0.262,0.138,1.7,0.7
32,2026-06-12T15:01:05+00:00,2026-06-16,group,Norway,Iraq,three_way,0.818,0.14300000000000002,0.04,2.8,0.5
32,2026-06-12T15:01:05+00:00,2026-06-16,group,Argentina,Algeria,three_way,0.7929999999999999,0.159,0.048,2.6,0.5
32,2026-06-12T15:01:05+00:00,2026-06-17,group,Panama,Ghana,three_way,0.49700000000000005,0.282,0.22,1.6,1.0
32,2026-06-12T15:01:05+00:00,2026-06-17,group,England,Croatia,three_way,0.639,0.23600000000000002,0.125,2.0,0.7
32,2026-06-12T15:01:05+00:00,2026-06-17,group,Portugal,DR Congo,three_way,0.75,0.184,0.066,2.4,0.5
32,2026-06-12T15:01:05+00:00,2026-06-17,group,Colombia,Uzbekistan,three_way,0.7609999999999999,0.183,0.055999999999999994,2.3,0.5
32,2026-06-12T15:01:05+00:00,2026-06-17,group,Austria,Jordan,three_way,0.675,0.212,0.113,2.2,0.8
32,2026-06-12T15:01:05+00:00,2026-06-18,group,Mexico,South Korea,three_way,0.6759999999999999,0.237,0.087,1.9,0.5
32,2026-06-12T15:01:05+00:00,2026-06-18,group,Canada,Qatar,three_way,0.848,0.125,0.027000000000000003,2.9,0.4
32,2026-06-12T15:01:05+00:00,2026-06-18,group,Czech Republic,South Africa,three_way,0.512,0.282,0.20600000000000002,1.6,0.9
32,2026-06-12T15:01:05+00:00,2026-06-18,group,Switzerland,Bosnia and Herzegovina,three_way,0.684,0.207,0.11,2.3,0.8
32,2026-06-12T15:01:05+00:00,2026-06-19,group,Brazil,Haiti,three_way,0.868,0.10800000000000001,0.025,3.3,0.4
32,2026-06-12T15:01:05+00:00,2026-06-19,group,Turkey,Paraguay,three_way,0.48,0.27699999999999997,0.244,1.6,1.1
32,2026-06-12T15:01:05+00:00,2026-06-19,group,United States,Australia,three_way,0.579,0.264,0.157,1.7,0.8
32,2026-06-12T15:01:05+00:00,2026-06-19,group,Morocco,Scotland,three_way,0.369,0.325,0.306,1.1,1.0
32,2026-06-12T15:01:05+00:00,2026-06-20,group,Ecuador,Curaçao,three_way,0.825,0.142,0.033,2.7,0.4
32,2026-06-12T15:01:05+00:00,2026-06-20,group,Germany,Ivory Coast,three_way,0.7559999999999999,0.16699999999999998,0.076,2.7,0.7
32,2026-06-12T15:01:05+00:00,2026-06-20,group,Netherlands,Sweden,three_way,0.6409999999999999,0.21899999999999997,0.139,2.2,0.9
32,2026-06-12T15:01:05+00:00,2026-06-21,group,Egypt,New Zealand,three_way,0.59,0.258,0.153,1.8,0.8
32,2026-06-12T15:01:05+00:00,2026-06-21,group,Belgium,Iran,three_way,0.67,0.218,0.11199999999999999,2.1,0.7
32,2026-06-12T15:01:05+00:00,2026-06-21,group,Uruguay,Cape Verde,three_way,0.7509999999999999,0.193,0.055999999999999994,2.2,0.4
32,2026-06-12T15:01:05+00:00,2026-06-21,group,Spain,Saudi Arabia,three_way,0.898,0.09,0.013000000000000001,3.4,0.3
32,2026-06-12T15:01:05+00:00,2026-06-21,group,Japan,Tunisia,three_way,0.679,0.221,0.1,2.1,0.6
32,2026-06-12T15:01:05+00:00,2026-06-22,group,Argentina,Austria,three_way,0.7559999999999999,0.17600000000000002,0.068,2.5,0.6
32,2026-06-12T15:01:05+00:00,2026-06-22,group,Norway,Senegal,three_way,0.504,0.27899999999999997,0.217,1.6,1.0
32,2026-06-12T15:01:05+00:00,2026-06-22,group,France,Iraq,three_way,0.8590000000000001,0.11900000000000001,0.023,3.0,0.3
32,2026-06-12T15:01:05+00:00,2026-06-22,group,Algeria,Jordan,three_way,0.594,0.247,0.159,1.9,0.9
32,2026-06-12T15:01:05+00:00,2026-06-23,group,England,Ghana,three_way,0.856,0.121,0.023,3.0,0.3
32,2026-06-12T15:01:05+00:00,2026-06-23,group,Croatia,Panama,three_way,0.5710000000000001,0.256,0.17300000000000001,1.8,0.9
32,2026-06-12T15:01:05+00:00,2026-06-23,group,Portugal,Uzbekistan,three_way,0.78,0.166,0.053,2.5,0.5
32,2026-06-12T15:01:05+00:00,2026-06-23,group,Colombia,DR Congo,three_way,0.728,0.203,0.07,2.2,0.5
32,2026-06-12T15:01:05+00:00,2026-06-24,group,South Korea,South Africa,three_way,0.515,0.294,0.19,1.5,0.8
32,2026-06-12T15:01:05+00:00,2026-06-24,group,Brazil,Scotland,three_way,0.6759999999999999,0.217,0.107,2.1,0.7
32,2026-06-12T15:01:05+00:00,2026-06-24,group,Canada,Switzerland,three_way,0.358,0.303,0.33799999999999997,1.2,1.2
32,2026-06-12T15:01:05+00:00,2026-06-24,group,Morocco,Haiti,three_way,0.6579999999999999,0.233,0.109,2.0,0.7
32,2026-06-12T15:01:05+00:00,2026-06-24,group,Mexico,Czech Republic,three_way,0.7190000000000001,0.207,0.07400000000000001,2.1,0.5
32,2026-06-12T15:01:05+00:00,2026-06-24,group,Bosnia and Herzegovina,Qatar,three_way,0.68,0.207,0.114,2.3,0.8
32,2026-06-12T15:01:05+00:00,2026-06-25,group,Paraguay,Australia,three_way,0.499,0.294,0.207,1.5,0.9
32,2026-06-12T15:01:05+00:00,2026-06-25,group,Ivory Coast,Curaçao,three_way,0.6759999999999999,0.218,0.106,2.1,0.7
32,2026-06-12T15:01:05+00:00,2026-06-25,group,Netherlands,Tunisia,three_way,0.77,0.172,0.057999999999999996,2.5,0.5
32,2026-06-12T15:01:05+00:00,2026-06-25,group,United States,Turkey,three_way,0.32299999999999995,0.281,0.397,1.3,1.5
32,2026-06-12T15:01:05+00:00,2026-06-25,group,Germany,Ecuador,three_way,0.5,0.261,0.239,1.8,1.2
32,2026-06-12T15:01:05+00:00,2026-06-25,group,Japan,Sweden,three_way,0.511,0.26,0.22899999999999998,1.8,1.1
32,2026-06-12T15:01:05+00:00,2026-06-26,group,France,Norway,three_way,0.49700000000000005,0.265,0.239,1.7,1.1
32,2026-06-12T15:01:05+00:00,2026-06-26,group,Saudi Arabia,Cape Verde,three_way,0.34299999999999997,0.331,0.326,1.1,1.0
32,2026-06-12T15:01:05+00:00,2026-06-26,group,Egypt,Iran,three_way,0.38,0.308,0.312,1.3,1.1
32,2026-06-12T15:01:05+00:00,2026-06-26,group,Spain,Uruguay,three_way,0.629,0.24,0.131,1.9,0.8
32,2026-06-12T15:01:05+00:00,2026-06-26,group,Belgium,New Zealand,three_way,0.82,0.139,0.040999999999999995,2.9,0.5
32,2026-06-12T15:01:05+00:00,2026-06-26,group,Senegal,Iraq,three_way,0.677,0.23600000000000002,0.087,1.9,0.5
32,2026-06-12T15:01:05+00:00,2026-06-27,group,England,Panama,three_way,0.787,0.16399999999999998,0.049,2.5,0.5
32,2026-06-12T15:01:05+00:00,2026-06-27,group,Croatia,Ghana,three_way,0.7,0.209,0.091,2.2,0.6
32,2026-06-12T15:01:05+00:00,2026-06-27,group,Argentina,Jordan,three_way,0.888,0.09699999999999999,0.015,3.3,0.3
32,2026-06-12T15:01:05+00:00,2026-06-27,group,Portugal,Colombia,three_way,0.35700000000000004,0.307,0.336,1.2,1.2
32,2026-06-12T15:01:05+00:00,2026-06-27,group,Austria,Algeria,three_way,0.447,0.26899999999999996,0.284,1.6,1.3
32,2026-06-12T15:01:05+00:00,2026-06-27,group,DR Congo,Uzbekistan,three_way,0.39399999999999996,0.299,0.307,1.3,1.1
33,2026-06-13T15:22:02+00:00,2026-06-13,group,Brazil,Morocco,three_way,0.612,0.26,0.128,1.8,0.7
33,2026-06-13T15:22:02+00:00,2026-06-13,group,Scotland,Haiti,three_way,0.66,0.218,0.122,2.2,0.8
33,2026-06-13T15:22:02+00:00,2026-06-13,group,Switzerland,Qatar,three_way,0.8690000000000001,0.107,0.024,3.3,0.4
33,2026-06-13T15:22:02+00:00,2026-06-14,group,Germany,Curaçao,three_way,0.9109999999999999,0.075,0.013999999999999999,3.9,0.3
33,2026-06-13T15:22:02+00:00,2026-06-14,group,Netherlands,Japan,three_way,0.494,0.263,0.243,1.8,1.2
33,2026-06-13T15:22:02+00:00,2026-06-14,group,Sweden,Tunisia,three_way,0.5579999999999999,0.263,0.179,1.8,0.9
33,2026-06-13T15:22:02+00:00,2026-06-14,group,Turkey,Australia,three_way,0.65,0.22399999999999998,0.126,2.1,0.8
33,2026-06-13T15:22:02+00:00,2026-06-14,group,Ecuador,Ivory Coast,three_way,0.591,0.263,0.146,1.7,0.7
33,2026-06-13T15:22:02+00:00,2026-06-15,group,Spain,Cape Verde,three_way,0.898,0.08900000000000001,0.012,3.4,0.2
33,2026-06-13T15:22:02+00:00,2026-06-15,group,Iran,New Zealand,three_way,0.547,0.273,0.18,1.7,0.8
33,2026-06-13T15:22:02+00:00,2026-06-15,group,Belgium,Egypt,three_way,0.6409999999999999,0.228,0.13,2.1,0.8
33,2026-06-13T15:22:02+00:00,2026-06-15,group,Uruguay,Saudi Arabia,three_way,0.7490000000000001,0.193,0.057999999999999996,2.2,0.4
33,2026-06-13T15:22:02+00:00,2026-06-16,group,Norway,Iraq,three_way,0.818,0.142,0.04,2.8,0.5
33,2026-06-13T15:22:02+00:00,2026-06-16,group,France,Senegal,three_way,0.601,0.262,0.138,1.8,0.7
33,2026-06-13T15:22:02+00:00,2026-06-16,group,Argentina,Algeria,three_way,0.7929999999999999,0.159,0.048,2.6,0.5
33,2026-06-13T15:22:02+00:00,2026-06-17,group,Austria,Jordan,three_way,0.675,0.21100000000000002,0.113,2.2,0.8
33,2026-06-13T15:22:02+00:00,2026-06-17,group,Portugal,DR Congo,three_way,0.75,0.184,0.066,2.4,0.5
33,2026-06-13T15:22:02+00:00,2026-06-17,group,Colombia,Uzbekistan,three_way,0.762,0.183,0.055999999999999994,2.3,0.5
33,2026-06-13T15:22:02+00:00,2026-06-17,group,Panama,Ghana,three_way,0.49700000000000005,0.282,0.22,1.6,1.0
33,2026-06-13T15:22:02+00:00,2026-06-17,group,England,Croatia,three_way,0.639,0.23600000000000002,0.125,2.0,0.7
33,2026-06-13T15:22:02+00:00,2026-06-18,group,Czech Republic,South Africa,three_way,0.512,0.282,0.20600000000000002,1.6,0.9
33,2026-06-13T15:22:02+00:00,2026-06-18,group,Mexico,South Korea,three_way,0.6759999999999999,0.237,0.087,1.9,0.5
33,2026-06-13T15:22:02+00:00,2026-06-18,group,Canada,Qatar,three_way,0.838,0.132,0.03,2.9,0.4
33,2026-06-13T15:22:02+00:00,2026-06-18,group,Switzerland,Bosnia and Herzegovina,three_way,0.665,0.214,0.121,2.2,0.8
33,2026-06-13T15:22:02+00:00,2026-06-19,group,United States,Australia,three_way,0.62,0.248,0.133,1.9,0.7
33,2026-06-13T15:22:02+00:00,2026-06-19,group,Morocco,Scotland,three_way,0.369,0.325,0.306,1.1,1.0
33,2026-06-13T15:22:02+00:00,2026-06-19,group,Brazil,Haiti,three_way,0.868,0.107,0.025,3.3,0.4
33,2026-06-13T15:22:02+00:00,2026-06-19,group,Turkey,Paraguay,three_way,0.523,0.266,0.21100000000000002,1.7,1.0
33,2026-06-13T15:22:02+00:00,2026-06-20,group,Ecuador,Curaçao,three_way,0.825,0.142,0.033,2.7,0.4
33,2026-06-13T15:22:02+00:00,2026-06-20,group,Germany,Ivory Coast,three_way,0.757,0.16699999999999998,0.076,2.7,0.7
33,2026-06-13T15:22:02+00:00,2026-06-20,group,Netherlands,Sweden,three_way,0.642,0.21899999999999997,0.139,2.2,0.9
33,2026-06-13T15:22:02+00:00,2026-06-21,group,Uruguay,Cape Verde,three_way,0.7509999999999999,0.193,0.055999999999999994,2.2,0.4
33,2026-06-13T15:22:02+00:00,2026-06-21,group,Japan,Tunisia,three_way,0.679,0.221,0.1,2.1,0.6
33,2026-06-13T15:22:02+00:00,2026-06-21,group,Belgium,Iran,three_way,0.67,0.218,0.11199999999999999,2.1,0.7
33,2026-06-13T15:22:02+00:00,2026-06-21,group,Spain,Saudi Arabia,three_way,0.898,0.08900000000000001,0.013000000000000001,3.4,0.3
33,2026-06-13T15:22:02+00:00,2026-06-21,group,Egypt,New Zealand,three_way,0.59,0.257,0.153,1.8,0.8
33,2026-06-13T15:22:02+00:00,2026-06-22,group,Algeria,Jordan,three_way,0.594,0.247,0.159,1.9,0.9
33,2026-06-13T15:22:02+00:00,2026-06-22,group,Argentina,Austria,three_way,0.7559999999999999,0.17600000000000002,0.068,2.5,0.6
33,2026-06-13T15:22:02+00:00,2026-06-22,group,France,Iraq,three_way,0.8590000000000001,0.11800000000000001,0.023,3.0,0.3
33,2026-06-13T15:22:02+00:00,2026-06-22,group,Norway,Senegal,three_way,0.504,0.27899999999999997,0.217,1.6,1.0
33,2026-06-13T15:22:02+00:00,2026-06-23,group,Portugal,Uzbekistan,three_way,0.7809999999999999,0.166,0.053,2.5,0.5
33,2026-06-13T15:22:02+00:00,2026-06-23,group,Croatia,Panama,three_way,0.5710000000000001,0.256,0.17300000000000001,1.8,0.9
33,2026-06-13T15:22:02+00:00,2026-06-23,group,Colombia,DR Congo,three_way,0.728,0.20199999999999999,0.07,2.2,0.5
33,2026-06-13T15:22:02+00:00,2026-06-23,group,England,Ghana,three_way,0.856,0.121,0.023,3.0,0.3
33,2026-06-13T15:22:02+00:00,2026-06-24,group,Canada,Switzerland,three_way,0.335,0.304,0.361,1.2,1.2
33,2026-06-13T15:22:02+00:00,2026-06-24,group,Mexico,Czech Republic,three_way,0.72,0.207,0.073,2.1,0.5
33,2026-06-13T15:22:02+00:00,2026-06-24,group,Bosnia and Herzegovina,Qatar,three_way,0.6970000000000001,0.19899999999999998,0.10300000000000001,2.4,0.8
33,2026-06-13T15:22:02+00:00,2026-06-24,group,Brazil,Scotland,three_way,0.6759999999999999,0.217,0.107,2.1,0.7
33,2026-06-13T15:22:02+00:00,2026-06-24,group,South Korea,South Africa,three_way,0.515,0.294,0.19,1.5,0.8
33,2026-06-13T15:22:02+00:00,2026-06-24,group,Morocco,Haiti,three_way,0.6579999999999999,0.233,0.109,2.0,0.7
33,2026-06-13T15:22:02+00:00,2026-06-25,group,Paraguay,Australia,three_way,0.462,0.3,0.23800000000000002,1.4,0.9
33,2026-06-13T15:22:02+00:00,2026-06-25,group,Ivory Coast,Curaçao,three_way,0.677,0.218,0.106,2.1,0.7
33,2026-06-13T15:22:02+00:00,2026-06-25,group,Germany,Ecuador,three_way,0.5,0.26,0.239,1.8,1.2
33,2026-06-13T15:22:02+00:00,2026-06-25,group,Netherlands,Tunisia,three_way,0.7709999999999999,0.172,0.057999999999999996,2.5,0.5
33,2026-06-13T15:22:02+00:00,2026-06-25,group,Japan,Sweden,three_way,0.511,0.26,0.22899999999999998,1.8,1.1
33,2026-06-13T15:22:02+00:00,2026-06-25,group,United States,Turkey,three_way,0.36700000000000005,0.28,0.353,1.4,1.4
33,2026-06-13T15:22:02+00:00,2026-06-26,group,Egypt,Iran,three_way,0.38,0.308,0.312,1.3,1.1
33,2026-06-13T15:22:02+00:00,2026-06-26,group,Senegal,Iraq,three_way,0.677,0.23600000000000002,0.087,1.9,0.5
33,2026-06-13T15:22:02+00:00,2026-06-26,group,France,Norway,three_way,0.49700000000000005,0.264,0.239,1.7,1.1
33,2026-06-13T15:22:02+00:00,2026-06-26,group,Saudi Arabia,Cape Verde,three_way,0.34299999999999997,0.33,0.327,1.1,1.0
33,2026-06-13T15:22:02+00:00,2026-06-26,group,Spain,Uruguay,three_way,0.629,0.24,0.131,1.9,0.8
33,2026-06-13T15:22:02+00:00,2026-06-26,group,Belgium,New Zealand,three_way,0.82,0.139,0.040999999999999995,2.9,0.5
33,2026-06-13T15:22:02+00:00,2026-06-27,group,DR Congo,Uzbekistan,three_way,0.39399999999999996,0.299,0.307,1.3,1.1
33,2026-06-13T15:22:02+00:00,2026-06-27,group,Argentina,Jordan,three_way,0.888,0.09699999999999999,0.015,3.3,0.3
33,2026-06-13T15:22:02+00:00,2026-06-27,group,England,Panama,three_way,0.787,0.16399999999999998,0.049,2.5,0.5
33,2026-06-13T15:22:02+00:00,2026-06-27,group,Portugal,Colombia,three_way,0.35700000000000004,0.307,0.336,1.2,1.2
33,2026-06-13T15:22:02+00:00,2026-06-27,group,Croatia,Ghana,three_way,0.7,0.209,0.091,2.2,0.6
33,2026-06-13T15:22:02+00:00,2026-06-27,group,Austria,Algeria,three_way,0.447,0.26899999999999996,0.284,1.7,1.3
34,2026-06-14T14:28:02+00:00,2026-06-14,group,Sweden,Tunisia,three_way,0.557,0.263,0.179,1.8,0.9
34,2026-06-14T14:28:02+00:00,2026-06-14,group,Turkey,Australia,three_way,0.537,0.261,0.20199999999999999,1.8,1.0
34,2026-06-14T14:28:02+00:00,2026-06-14,group,Germany,Curaçao,three_way,0.9109999999999999,0.075,0.013999999999999999,3.9,0.3
34,2026-06-14T14:28:02+00:00,2026-06-14,group,Netherlands,Japan,three_way,0.493,0.264,0.243,1.7,1.2
34,2026-06-14T14:28:02+00:00,2026-06-14,group,Ecuador,Ivory Coast,three_way,0.59,0.264,0.146,1.7,0.7
34,2026-06-14T14:28:02+00:00,2026-06-15,group,Iran,New Zealand,three_way,0.547,0.273,0.18,1.7,0.8
34,2026-06-14T14:28:02+00:00,2026-06-15,group,Uruguay,Saudi Arabia,three_way,0.7490000000000001,0.193,0.057999999999999996,2.2,0.4
34,2026-06-14T14:28:02+00:00,2026-06-15,group,Spain,Cape Verde,three_way,0.898,0.08900000000000001,0.012,3.4,0.2
34,2026-06-14T14:28:02+00:00,2026-06-15,group,Belgium,Egypt,three_way,0.6409999999999999,0.22899999999999998,0.13,2.1,0.8
34,2026-06-14T14:28:02+00:00,2026-06-16,group,France,Senegal,three_way,0.6,0.262,0.138,1.7,0.7
34,2026-06-14T14:28:02+00:00,2026-06-16,group,Norway,Iraq,three_way,0.8170000000000001,0.14300000000000002,0.04,2.8,0.5
34,2026-06-14T14:28:02+00:00,2026-06-16,group,Argentina,Algeria,three_way,0.7929999999999999,0.159,0.048,2.6,0.5
34,2026-06-14T14:28:02+00:00,2026-06-17,group,Colombia,Uzbekistan,three_way,0.7609999999999999,0.183,0.055999999999999994,2.3,0.5
34,2026-06-14T14:28:02+00:00,2026-06-17,group,Panama,Ghana,three_way,0.49700000000000005,0.28300000000000003,0.22,1.6,1.0
34,2026-06-14T14:28:02+00:00,2026-06-17,group,Portugal,DR Congo,three_way,0.75,0.184,0.066,2.4,0.5
34,2026-06-14T14:28:02+00:00,2026-06-17,group,Austria,Jordan,three_way,0.675,0.212,0.114,2.2,0.8
34,2026-06-14T14:28:02+00:00,2026-06-17,group,England,Croatia,three_way,0.638,0.237,0.125,2.0,0.7
34,2026-06-14T14:28:02+00:00,2026-06-18,group,Mexico,South Korea,three_way,0.6759999999999999,0.23800000000000002,0.087,1.9,0.5
34,2026-06-14T14:28:02+00:00,2026-06-18,group,Czech Republic,South Africa,three_way,0.512,0.28300000000000003,0.20600000000000002,1.6,0.9
34,2026-06-14T14:28:02+00:00,2026-06-18,group,Switzerland,Bosnia and Herzegovina,three_way,0.629,0.228,0.142,2.1,0.9
34,2026-06-14T14:28:02+00:00,2026-06-18,group,Canada,Qatar,three_way,0.818,0.145,0.036000000000000004,2.7,0.4
34,2026-06-14T14:28:02+00:00,2026-06-19,group,United States,Australia,three_way,0.5660000000000001,0.268,0.166,1.7,0.8
34,2026-06-14T14:28:02+00:00,2026-06-19,group,Turkey,Paraguay,three_way,0.462,0.27899999999999997,0.259,1.6,1.1
34,2026-06-14T14:28:02+00:00,2026-06-19,group,Morocco,Scotland,three_way,0.381,0.326,0.293,1.2,1.0
34,2026-06-14T14:28:02+00:00,2026-06-19,group,Brazil,Haiti,three_way,0.861,0.11199999999999999,0.027000000000000003,3.2,0.4
34,2026-06-14T14:28:02+00:00,2026-06-20,group,Germany,Ivory Coast,three_way,0.7559999999999999,0.168,0.076,2.7,0.7
34,2026-06-14T14:28:02+00:00,2026-06-20,group,Netherlands,Sweden,three_way,0.6409999999999999,0.22,0.139,2.2,0.9
34,2026-06-14T14:28:02+00:00,2026-06-20,group,Ecuador,Curaçao,three_way,0.825,0.142,0.033,2.7,0.4
34,2026-06-14T14:28:02+00:00,2026-06-21,group,Spain,Saudi Arabia,three_way,0.897,0.09,0.013000000000000001,3.4,0.3
34,2026-06-14T14:28:02+00:00,2026-06-21,group,Egypt,New Zealand,three_way,0.589,0.258,0.153,1.8,0.8
34,2026-06-14T14:28:02+00:00,2026-06-21,group,Japan,Tunisia,three_way,0.679,0.221,0.1,2.1,0.6
34,2026-06-14T14:28:02+00:00,2026-06-21,group,Belgium,Iran,three_way,0.67,0.218,0.11199999999999999,2.1,0.7
34,2026-06-14T14:28:02+00:00,2026-06-21,group,Uruguay,Cape Verde,three_way,0.75,0.193,0.055999999999999994,2.2,0.4
34,2026-06-14T14:28:02+00:00,2026-06-22,group,Argentina,Austria,three_way,0.7559999999999999,0.17600000000000002,0.068,2.5,0.6
34,2026-06-14T14:28:02+00:00,2026-06-22,group,Norway,Senegal,three_way,0.504,0.27899999999999997,0.217,1.6,1.0
34,2026-06-14T14:28:02+00:00,2026-06-22,group,Algeria,Jordan,three_way,0.593,0.248,0.159,1.9,0.9
34,2026-06-14T14:28:02+00:00,2026-06-22,group,France,Iraq,three_way,0.858,0.11900000000000001,0.023,3.0,0.3
34,2026-06-14T14:28:02+00:00,2026-06-23,group,Colombia,DR Congo,three_way,0.727,0.203,0.07,2.2,0.5
34,2026-06-14T14:28:02+00:00,2026-06-23,group,Portugal,Uzbekistan,three_way,0.78,0.16699999999999998,0.053,2.5,0.5
34,2026-06-14T14:28:02+00:00,2026-06-23,group,Croatia,Panama,three_way,0.57,0.256,0.17300000000000001,1.8,0.9
34,2026-06-14T14:28:02+00:00,2026-06-23,group,England,Ghana,three_way,0.856,0.121,0.023,3.0,0.3
34,2026-06-14T14:28:02+00:00,2026-06-24,group,South Korea,South Africa,three_way,0.515,0.295,0.19,1.5,0.8
34,2026-06-14T14:28:02+00:00,2026-06-24,group,Mexico,Czech Republic,three_way,0.7190000000000001,0.207,0.07400000000000001,2.1,0.5
34,2026-06-14T14:28:02+00:00,2026-06-24,group,Canada,Switzerland,three_way,0.371,0.304,0.325,1.3,1.2
34,2026-06-14T14:28:02+00:00,2026-06-24,group,Bosnia and Herzegovina,Qatar,three_way,0.664,0.214,0.12300000000000001,2.2,0.8
34,2026-06-14T14:28:02+00:00,2026-06-24,group,Brazil,Scotland,three_way,0.6559999999999999,0.226,0.11800000000000001,2.1,0.7
34,2026-06-14T14:28:02+00:00,2026-06-24,group,Morocco,Haiti,three_way,0.674,0.22699999999999998,0.099,2.0,0.6
34,2026-06-14T14:28:02+00:00,2026-06-25,group,Ivory Coast,Curaçao,three_way,0.6759999999999999,0.218,0.106,2.1,0.7
34,2026-06-14T14:28:02+00:00,2026-06-25,group,United States,Turkey,three_way,0.428,0.278,0.294,1.6,1.2
34,2026-06-14T14:28:02+00:00,2026-06-25,group,Japan,Sweden,three_way,0.511,0.26,0.22899999999999998,1.8,1.1
34,2026-06-14T14:28:02+00:00,2026-06-25,group,Netherlands,Tunisia,three_way,0.77,0.172,0.057999999999999996,2.5,0.5
34,2026-06-14T14:28:02+00:00,2026-06-25,group,Paraguay,Australia,three_way,0.405,0.31,0.285,1.3,1.0
34,2026-06-14T14:28:02+00:00,2026-06-25,group,Germany,Ecuador,three_way,0.5,0.261,0.239,1.8,1.2
34,2026-06-14T14:28:02+00:00,2026-06-26,group,Egypt,Iran,three_way,0.379,0.309,0.312,1.3,1.1
34,2026-06-14T14:28:02+00:00,2026-06-26,group,Saudi Arabia,Cape Verde,three_way,0.34299999999999997,0.331,0.326,1.1,1.0
34,2026-06-14T14:28:02+00:00,2026-06-26,group,Spain,Uruguay,three_way,0.628,0.24100000000000002,0.131,1.9,0.7
34,2026-06-14T14:28:02+00:00,2026-06-26,group,Senegal,Iraq,three_way,0.677,0.23600000000000002,0.087,1.9,0.5
34,2026-06-14T14:28:02+00:00,2026-06-26,group,France,Norway,three_way,0.496,0.265,0.239,1.7,1.1
34,2026-06-14T14:28:02+00:00,2026-06-26,group,Belgium,New Zealand,three_way,0.82,0.139,0.040999999999999995,2.9,0.5
34,2026-06-14T14:28:02+00:00,2026-06-27,group,Argentina,Jordan,three_way,0.887,0.09699999999999999,0.015,3.3,0.3
34,2026-06-14T14:28:02+00:00,2026-06-27,group,England,Panama,three_way,0.787,0.165,0.049,2.5,0.5
34,2026-06-14T14:28:02+00:00,2026-06-27,group,Portugal,Colombia,three_way,0.35700000000000004,0.308,0.335,1.2,1.2
34,2026-06-14T14:28:02+00:00,2026-06-27,group,Austria,Algeria,three_way,0.447,0.27,0.284,1.6,1.3
34,2026-06-14T14:28:02+00:00,2026-06-27,group,Croatia,Ghana,three_way,0.7,0.209,0.091,2.2,0.6
34,2026-06-14T14:28:02+00:00,2026-06-27,group,DR Congo,Uzbekistan,three_way,0.39299999999999996,0.3,0.307,1.3,1.1
35,2026-06-15T13:54:52+00:00,2026-06-15,group,Spain,Cape Verde,three_way,0.898,0.08900000000000001,0.012,3.4,0.2
35,2026-06-15T13:54:52+00:00,2026-06-15,group,Uruguay,Saudi Arabia,three_way,0.7490000000000001,0.193,0.057999999999999996,2.2,0.4
35,2026-06-15T13:54:52+00:00,2026-06-15,group,Iran,New Zealand,three_way,0.547,0.273,0.18,1.7,0.8
35,2026-06-15T13:54:52+00:00,2026-06-15,group,Belgium,Egypt,three_way,0.6409999999999999,0.22899999999999998,0.13,2.1,0.8
35,2026-06-15T13:54:52+00:00,2026-06-16,group,Norway,Iraq,three_way,0.818,0.14300000000000002,0.04,2.8,0.5
35,2026-06-15T13:54:52+00:00,2026-06-16,group,Argentina,Algeria,three_way,0.7929999999999999,0.159,0.048,2.6,0.5
35,2026-06-15T13:54:52+00:00,2026-06-16,group,France,Senegal,three_way,0.6,0.262,0.138,1.7,0.7
35,2026-06-15T13:54:52+00:00,2026-06-17,group,Austria,Jordan,three_way,0.675,0.212,0.113,2.2,0.8
35,2026-06-15T13:54:52+00:00,2026-06-17,group,Panama,Ghana,three_way,0.49700000000000005,0.282,0.22,1.6,1.0
35,2026-06-15T13:54:52+00:00,2026-06-17,group,Colombia,Uzbekistan,three_way,0.7609999999999999,0.183,0.055999999999999994,2.3,0.5
35,2026-06-15T13:54:52+00:00,2026-06-17,group,Portugal,DR Congo,three_way,0.75,0.184,0.066,2.4,0.5
35,2026-06-15T13:54:52+00:00,2026-06-17,group,England,Croatia,three_way,0.639,0.23600000000000002,0.125,2.0,0.7
35,2026-06-15T13:54:52+00:00,2026-06-18,group,Switzerland,Bosnia and Herzegovina,three_way,0.63,0.228,0.142,2.1,0.9
35,2026-06-15T13:54:52+00:00,2026-06-18,group,Mexico,South Korea,three_way,0.6759999999999999,0.237,0.087,1.9,0.5
35,2026-06-15T13:54:52+00:00,2026-06-18,group,Czech Republic,South Africa,three_way,0.512,0.282,0.20600000000000002,1.6,0.9
35,2026-06-15T13:54:52+00:00,2026-06-18,group,Canada,Qatar,three_way,0.8190000000000001,0.145,0.036000000000000004,2.7,0.4
35,2026-06-15T13:54:52+00:00,2026-06-19,group,Morocco,Scotland,three_way,0.381,0.326,0.294,1.2,1.0
35,2026-06-15T13:54:52+00:00,2026-06-19,group,Turkey,Paraguay,three_way,0.462,0.27899999999999997,0.259,1.6,1.1
35,2026-06-15T13:54:52+00:00,2026-06-19,group,Brazil,Haiti,three_way,0.861,0.11199999999999999,0.027000000000000003,3.2,0.4
35,2026-06-15T13:54:52+00:00,2026-06-19,group,United States,Australia,three_way,0.5660000000000001,0.267,0.166,1.7,0.8
35,2026-06-15T13:54:52+00:00,2026-06-20,group,Netherlands,Sweden,three_way,0.597,0.233,0.17,2.1,1.0
35,2026-06-15T13:54:52+00:00,2026-06-20,group,Ecuador,Curaçao,three_way,0.815,0.14800000000000002,0.037000000000000005,2.7,0.4
35,2026-06-15T13:54:52+00:00,2026-06-20,group,Germany,Ivory Coast,three_way,0.741,0.174,0.085,2.6,0.8
35,2026-06-15T13:54:52+00:00,2026-06-21,group,Belgium,Iran,three_way,0.67,0.218,0.11199999999999999,2.1,0.7
35,2026-06-15T13:54:52+00:00,2026-06-21,group,Egypt,New Zealand,three_way,0.59,0.257,0.153,1.8,0.8
35,2026-06-15T13:54:52+00:00,2026-06-21,group,Japan,Tunisia,three_way,0.718,0.20199999999999999,0.081,2.2,0.6
35,2026-06-15T13:54:52+00:00,2026-06-21,group,Uruguay,Cape Verde,three_way,0.7509999999999999,0.193,0.055999999999999994,2.2,0.4
35,2026-06-15T13:54:52+00:00,2026-06-21,group,Spain,Saudi Arabia,three_way,0.898,0.08900000000000001,0.013000000000000001,3.4,0.3
35,2026-06-15T13:54:52+00:00,2026-06-22,group,Norway,Senegal,three_way,0.504,0.27899999999999997,0.217,1.6,1.0
35,2026-06-15T13:54:52+00:00,2026-06-22,group,Argentina,Austria,three_way,0.7559999999999999,0.17600000000000002,0.068,2.5,0.6
35,2026-06-15T13:54:52+00:00,2026-06-22,group,France,Iraq,three_way,0.8590000000000001,0.11900000000000001,0.023,3.0,0.3
35,2026-06-15T13:54:52+00:00,2026-06-22,group,Algeria,Jordan,three_way,0.594,0.247,0.159,1.9,0.9
35,2026-06-15T13:54:52+00:00,2026-06-23,group,Portugal,Uzbekistan,three_way,0.78,0.166,0.053,2.5,0.5
35,2026-06-15T13:54:52+00:00,2026-06-23,group,Colombia,DR Congo,three_way,0.728,0.203,0.07,2.2,0.5
35,2026-06-15T13:54:52+00:00,2026-06-23,group,Croatia,Panama,three_way,0.5710000000000001,0.256,0.17300000000000001,1.8,0.9
35,2026-06-15T13:54:52+00:00,2026-06-23,group,England,Ghana,three_way,0.856,0.121,0.023,3.0,0.3
35,2026-06-15T13:54:52+00:00,2026-06-24,group,Bosnia and Herzegovina,Qatar,three_way,0.664,0.213,0.12300000000000001,2.2,0.8
35,2026-06-15T13:54:52+00:00,2026-06-24,group,Brazil,Scotland,three_way,0.6559999999999999,0.226,0.11800000000000001,2.1,0.7
35,2026-06-15T13:54:52+00:00,2026-06-24,group,Canada,Switzerland,three_way,0.371,0.304,0.325,1.3,1.2
35,2026-06-15T13:54:52+00:00,2026-06-24,group,Mexico,Czech Republic,three_way,0.72,0.207,0.073,2.1,0.5
35,2026-06-15T13:54:52+00:00,2026-06-24,group,Morocco,Haiti,three_way,0.674,0.22699999999999998,0.099,2.0,0.6
35,2026-06-15T13:54:52+00:00,2026-06-24,group,South Korea,South Africa,three_way,0.515,0.294,0.19,1.5,0.8
35,2026-06-15T13:54:52+00:00,2026-06-25,group,Ivory Coast,Curaçao,three_way,0.7240000000000001,0.195,0.08,2.3,0.6
35,2026-06-15T13:54:52+00:00,2026-06-25,group,Paraguay,Australia,three_way,0.405,0.309,0.285,1.3,1.0
35,2026-06-15T13:54:52+00:00,2026-06-25,group,Netherlands,Tunisia,three_way,0.79,0.16,0.05,2.6,0.5
35,2026-06-15T13:54:52+00:00,2026-06-25,group,Germany,Ecuador,three_way,0.5660000000000001,0.245,0.18899999999999997,2.0,1.0
35,2026-06-15T13:54:52+00:00,2026-06-25,group,United States,Turkey,three_way,0.428,0.27699999999999997,0.295,1.6,1.2
35,2026-06-15T13:54:52+00:00,2026-06-25,group,Japan,Sweden,three_way,0.48100000000000004,0.265,0.255,1.7,1.2
35,2026-06-15T13:54:52+00:00,2026-06-26,group,Saudi Arabia,Cape Verde,three_way,0.34299999999999997,0.331,0.327,1.1,1.0
35,2026-06-15T13:54:52+00:00,2026-06-26,group,Senegal,Iraq,three_way,0.677,0.23600000000000002,0.087,1.9,0.5
35,2026-06-15T13:54:52+00:00,2026-06-26,group,Egypt,Iran,three_way,0.38,0.308,0.312,1.3,1.1
35,2026-06-15T13:54:52+00:00,2026-06-26,group,France,Norway,three_way,0.49700000000000005,0.265,0.239,1.7,1.1
35,2026-06-15T13:54:52+00:00,2026-06-26,group,Belgium,New Zealand,three_way,0.82,0.139,0.040999999999999995,2.9,0.5
35,2026-06-15T13:54:52+00:00,2026-06-26,group,Spain,Uruguay,three_way,0.629,0.24,0.131,1.9,0.8
35,2026-06-15T13:54:52+00:00,2026-06-27,group,DR Congo,Uzbekistan,three_way,0.39399999999999996,0.299,0.307,1.3,1.1
35,2026-06-15T13:54:52+00:00,2026-06-27,group,Argentina,Jordan,three_way,0.888,0.09699999999999999,0.015,3.3,0.3
35,2026-06-15T13:54:52+00:00,2026-06-27,group,Croatia,Ghana,three_way,0.7,0.209,0.091,2.2,0.6
35,2026-06-15T13:54:52+00:00,2026-06-27,group,Austria,Algeria,three_way,0.447,0.26899999999999996,0.284,1.6,1.3
35,2026-06-15T13:54:52+00:00,2026-06-27,group,England,Panama,three_way,0.787,0.16399999999999998,0.049,2.5,0.5
35,2026-06-15T13:54:52+00:00,2026-06-27,group,Portugal,Colombia,three_way,0.35700000000000004,0.307,0.336,1.2,1.2
36,2026-06-16T14:30:15+00:00,2026-06-16,group,France,Senegal,three_way,0.6,0.262,0.138,1.7,0.7
36,2026-06-16T14:30:15+00:00,2026-06-16,group,Argentina,Algeria,three_way,0.7929999999999999,0.159,0.048,2.6,0.5
36,2026-06-16T14:30:15+00:00,2026-06-16,group,Norway,Iraq,three_way,0.8170000000000001,0.14300000000000002,0.04,2.8,0.5
36,2026-06-16T14:30:15+00:00,2026-06-17,group,Panama,Ghana,three_way,0.49700000000000005,0.28300000000000003,0.22,1.6,1.0
36,2026-06-16T14:30:15+00:00,2026-06-17,group,Portugal,DR Congo,three_way,0.75,0.184,0.066,2.4,0.5
36,2026-06-16T14:30:15+00:00,2026-06-17,group,Colombia,Uzbekistan,three_way,0.7609999999999999,0.183,0.055999999999999994,2.3,0.5
36,2026-06-16T14:30:15+00:00,2026-06-17,group,England,Croatia,three_way,0.638,0.237,0.125,2.0,0.7
36,2026-06-16T14:30:15+00:00,2026-06-17,group,Austria,Jordan,three_way,0.675,0.212,0.114,2.2,0.8
36,2026-06-16T14:30:15+00:00,2026-06-18,group,Mexico,South Korea,three_way,0.6759999999999999,0.23800000000000002,0.087,1.9,0.5
36,2026-06-16T14:30:15+00:00,2026-06-18,group,Canada,Qatar,three_way,0.8190000000000001,0.145,0.036000000000000004,2.7,0.4
36,2026-06-16T14:30:15+00:00,2026-06-18,group,Switzerland,Bosnia and Herzegovina,three_way,0.63,0.228,0.142,2.1,0.9
36,2026-06-16T14:30:15+00:00,2026-06-18,group,Czech Republic,South Africa,three_way,0.512,0.282,0.20600000000000002,1.6,0.9
36,2026-06-16T14:30:15+00:00,2026-06-19,group,Turkey,Paraguay,three_way,0.462,0.27899999999999997,0.259,1.6,1.1
36,2026-06-16T14:30:15+00:00,2026-06-19,group,United States,Australia,three_way,0.5660000000000001,0.268,0.166,1.7,0.8
36,2026-06-16T14:30:15+00:00,2026-06-19,group,Morocco,Scotland,three_way,0.381,0.326,0.293,1.2,1.0
36,2026-06-16T14:30:15+00:00,2026-06-19,group,Brazil,Haiti,three_way,0.861,0.11199999999999999,0.027000000000000003,3.2,0.4
36,2026-06-16T14:30:15+00:00,2026-06-20,group,Germany,Ivory Coast,three_way,0.741,0.175,0.085,2.6,0.8
36,2026-06-16T14:30:15+00:00,2026-06-20,group,Netherlands,Sweden,three_way,0.596,0.233,0.17,2.1,1.0
36,2026-06-16T14:30:15+00:00,2026-06-20,group,Ecuador,Curaçao,three_way,0.815,0.149,0.037000000000000005,2.7,0.4
36,2026-06-16T14:30:15+00:00,2026-06-21,group,Belgium,Iran,three_way,0.665,0.22,0.115,2.1,0.7
36,2026-06-16T14:30:15+00:00,2026-06-21,group,Egypt,New Zealand,three_way,0.596,0.255,0.149,1.8,0.8
36,2026-06-16T14:30:15+00:00,2026-06-21,group,Uruguay,Cape Verde,three_way,0.7020000000000001,0.222,0.076,2.0,0.5
36,2026-06-16T14:30:15+00:00,2026-06-21,group,Spain,Saudi Arabia,three_way,0.875,0.107,0.018000000000000002,3.2,0.3
36,2026-06-16T14:30:15+00:00,2026-06-21,group,Japan,Tunisia,three_way,0.7170000000000001,0.20199999999999999,0.081,2.2,0.6
36,2026-06-16T14:30:15+00:00,2026-06-22,group,France,Iraq,three_way,0.858,0.11900000000000001,0.023,3.0,0.3
36,2026-06-16T14:30:15+00:00,2026-06-22,group,Argentina,Austria,three_way,0.7559999999999999,0.17600000000000002,0.068,2.5,0.6
36,2026-06-16T14:30:15+00:00,2026-06-22,group,Algeria,Jordan,three_way,0.593,0.247,0.159,1.9,0.9
36,2026-06-16T14:30:15+00:00,2026-06-22,group,Norway,Senegal,three_way,0.504,0.27899999999999997,0.217,1.6,1.0
36,2026-06-16T14:30:15+00:00,2026-06-23,group,Croatia,Panama,three_way,0.5710000000000001,0.256,0.17300000000000001,1.8,0.9
36,2026-06-16T14:30:15+00:00,2026-06-23,group,England,Ghana,three_way,0.856,0.121,0.023,3.0,0.3
36,2026-06-16T14:30:15+00:00,2026-06-23,group,Colombia,DR Congo,three_way,0.727,0.203,0.07,2.2,0.5
36,2026-06-16T14:30:15+00:00,2026-06-23,group,Portugal,Uzbekistan,three_way,0.78,0.166,0.053,2.5,0.5
36,2026-06-16T14:30:15+00:00,2026-06-24,group,Morocco,Haiti,three_way,0.674,0.22699999999999998,0.099,2.0,0.6
36,2026-06-16T14:30:15+00:00,2026-06-24,group,Canada,Switzerland,three_way,0.371,0.304,0.325,1.3,1.2
36,2026-06-16T14:30:15+00:00,2026-06-24,group,Brazil,Scotland,three_way,0.6559999999999999,0.226,0.11800000000000001,2.1,0.7
36,2026-06-16T14:30:15+00:00,2026-06-24,group,Bosnia and Herzegovina,Qatar,three_way,0.664,0.214,0.12300000000000001,2.2,0.8
36,2026-06-16T14:30:15+00:00,2026-06-24,group,Mexico,Czech Republic,three_way,0.7190000000000001,0.207,0.07400000000000001,2.1,0.5
36,2026-06-16T14:30:15+00:00,2026-06-24,group,South Korea,South Africa,three_way,0.515,0.295,0.19,1.5,0.8
36,2026-06-16T14:30:15+00:00,2026-06-25,group,Ivory Coast,Curaçao,three_way,0.7240000000000001,0.196,0.08,2.3,0.6
36,2026-06-16T14:30:15+00:00,2026-06-25,group,Netherlands,Tunisia,three_way,0.79,0.16,0.05,2.6,0.5
36,2026-06-16T14:30:15+00:00,2026-06-25,group,United States,Turkey,three_way,0.428,0.27699999999999997,0.295,1.6,1.2
36,2026-06-16T14:30:15+00:00,2026-06-25,group,Japan,Sweden,three_way,0.48100000000000004,0.265,0.255,1.7,1.2
36,2026-06-16T14:30:15+00:00,2026-06-25,group,Paraguay,Australia,three_way,0.405,0.309,0.285,1.3,1.0
36,2026-06-16T14:30:15+00:00,2026-06-25,group,Germany,Ecuador,three_way,0.565,0.245,0.18899999999999997,2.0,1.0
36,2026-06-16T14:30:15+00:00,2026-06-26,group,Belgium,New Zealand,three_way,0.802,0.15,0.048,2.8,0.5
36,2026-06-16T14:30:15+00:00,2026-06-26,group,France,Norway,three_way,0.496,0.265,0.239,1.7,1.1
36,2026-06-16T14:30:15+00:00,2026-06-26,group,Saudi Arabia,Cape Verde,three_way,0.33,0.33299999999999996,0.337,1.0,1.0
36,2026-06-16T14:30:15+00:00,2026-06-26,group,Spain,Uruguay,three_way,0.614,0.247,0.139,1.9,0.8
36,2026-06-16T14:30:15+00:00,2026-06-26,group,Senegal,Iraq,three_way,0.677,0.23600000000000002,0.087,1.9,0.5
36,2026-06-16T14:30:15+00:00,2026-06-26,group,Egypt,Iran,three_way,0.41200000000000003,0.306,0.282,1.3,1.0
36,2026-06-16T14:30:15+00:00,2026-06-27,group,Croatia,Ghana,three_way,0.7,0.209,0.091,2.2,0.6
36,2026-06-16T14:30:15+00:00,2026-06-27,group,Austria,Algeria,three_way,0.447,0.26899999999999996,0.284,1.6,1.3
36,2026-06-16T14:30:15+00:00,2026-06-27,group,England,Panama,three_way,0.787,0.165,0.049,2.5,0.5
36,2026-06-16T14:30:15+00:00,2026-06-27,group,Argentina,Jordan,three_way,0.887,0.09699999999999999,0.015,3.3,0.3
36,2026-06-16T14:30:15+00:00,2026-06-27,group,DR Congo,Uzbekistan,three_way,0.39299999999999996,0.3,0.307,1.3,1.1
36,2026-06-16T14:30:15+00:00,2026-06-27,group,Portugal,Colombia,three_way,0.35700000000000004,0.307,0.335,1.2,1.2
37,2026-06-17T14:11:00+00:00,2026-06-17,group,England,Croatia,three_way,0.639,0.23600000000000002,0.125,2.0,0.7
37,2026-06-17T14:11:00+00:00,2026-06-17,group,Panama,Ghana,three_way,0.49700000000000005,0.282,0.22,1.6,1.0
37,2026-06-17T14:11:00+00:00,2026-06-17,group,Portugal,DR Congo,three_way,0.75,0.184,0.066,2.4,0.5
37,2026-06-17T14:11:00+00:00,2026-06-17,group,Colombia,Uzbekistan,three_way,0.762,0.183,0.055999999999999994,2.3,0.5
37,2026-06-17T14:11:00+00:00,2026-06-18,group,Mexico,South Korea,three_way,0.6759999999999999,0.237,0.087,1.9,0.5
37,2026-06-17T14:11:00+00:00,2026-06-18,group,Czech Republic,South Africa,three_way,0.512,0.282,0.20600000000000002,1.6,0.9
37,2026-06-17T14:11:00+00:00,2026-06-18,group,Canada,Qatar,three_way,0.8190000000000001,0.145,0.036000000000000004,2.7,0.4
37,2026-06-17T14:11:00+00:00,2026-06-18,group,Switzerland,Bosnia and Herzegovina,three_way,0.63,0.228,0.142,2.1,0.9
37,2026-06-17T14:11:00+00:00,2026-06-19,group,United States,Australia,three_way,0.5660000000000001,0.267,0.166,1.7,0.8
37,2026-06-17T14:11:00+00:00,2026-06-19,group,Morocco,Scotland,three_way,0.381,0.325,0.294,1.2,1.0
37,2026-06-17T14:11:00+00:00,2026-06-19,group,Brazil,Haiti,three_way,0.862,0.11199999999999999,0.027000000000000003,3.2,0.4
37,2026-06-17T14:11:00+00:00,2026-06-19,group,Turkey,Paraguay,three_way,0.462,0.278,0.259,1.6,1.1
37,2026-06-17T14:11:00+00:00,2026-06-20,group,Ecuador,Curaçao,three_way,0.815,0.14800000000000002,0.037000000000000005,2.7,0.4
37,2026-06-17T14:11:00+00:00,2026-06-20,group,Netherlands,Sweden,three_way,0.597,0.233,0.17,2.1,1.0
37,2026-06-17T14:11:00+00:00,2026-06-20,group,Germany,Ivory Coast,three_way,0.741,0.174,0.085,2.6,0.8
37,2026-06-17T14:11:00+00:00,2026-06-21,group,Egypt,New Zealand,three_way,0.596,0.255,0.149,1.8,0.8
37,2026-06-17T14:11:00+00:00,2026-06-21,group,Belgium,Iran,three_way,0.665,0.22,0.115,2.1,0.7
37,2026-06-17T14:11:00+00:00,2026-06-21,group,Japan,Tunisia,three_way,0.718,0.20199999999999999,0.081,2.2,0.6
37,2026-06-17T14:11:00+00:00,2026-06-21,group,Uruguay,Cape Verde,three_way,0.703,0.221,0.076,2.0,0.5
37,2026-06-17T14:11:00+00:00,2026-06-21,group,Spain,Saudi Arabia,three_way,0.875,0.106,0.018000000000000002,3.2,0.3
37,2026-06-17T14:11:00+00:00,2026-06-22,group,Argentina,Austria,three_way,0.7559999999999999,0.17600000000000002,0.068,2.5,0.6
37,2026-06-17T14:11:00+00:00,2026-06-22,group,Norway,Senegal,three_way,0.54,0.268,0.192,1.7,0.9
37,2026-06-17T14:11:00+00:00,2026-06-22,group,Algeria,Jordan,three_way,0.595,0.247,0.159,1.9,0.9
37,2026-06-17T14:11:00+00:00,2026-06-22,group,France,Iraq,three_way,0.873,0.10800000000000001,0.019,3.1,0.3
37,2026-06-17T14:11:00+00:00,2026-06-23,group,England,Ghana,three_way,0.856,0.121,0.023,3.0,0.3
37,2026-06-17T14:11:00+00:00,2026-06-23,group,Portugal,Uzbekistan,three_way,0.7809999999999999,0.166,0.053,2.5,0.5
37,2026-06-17T14:11:00+00:00,2026-06-23,group,Colombia,DR Congo,three_way,0.728,0.20199999999999999,0.07,2.2,0.5
37,2026-06-17T14:11:00+00:00,2026-06-23,group,Croatia,Panama,three_way,0.5710000000000001,0.256,0.17300000000000001,1.8,0.9
37,2026-06-17T14:11:00+00:00,2026-06-24,group,Mexico,Czech Republic,three_way,0.72,0.207,0.073,2.1,0.5
37,2026-06-17T14:11:00+00:00,2026-06-24,group,Canada,Switzerland,three_way,0.371,0.304,0.325,1.3,1.2
37,2026-06-17T14:11:00+00:00,2026-06-24,group,Morocco,Haiti,three_way,0.674,0.226,0.099,2.0,0.6
37,2026-06-17T14:11:00+00:00,2026-06-24,group,Brazil,Scotland,three_way,0.6559999999999999,0.226,0.11800000000000001,2.1,0.7
37,2026-06-17T14:11:00+00:00,2026-06-24,group,Bosnia and Herzegovina,Qatar,three_way,0.664,0.213,0.122,2.2,0.8
37,2026-06-17T14:11:00+00:00,2026-06-24,group,South Korea,South Africa,three_way,0.515,0.294,0.19,1.5,0.8
37,2026-06-17T14:11:00+00:00,2026-06-25,group,Ivory Coast,Curaçao,three_way,0.7240000000000001,0.195,0.08,2.3,0.6
37,2026-06-17T14:11:00+00:00,2026-06-25,group,Netherlands,Tunisia,three_way,0.79,0.16,0.05,2.6,0.5
37,2026-06-17T14:11:00+00:00,2026-06-25,group,Paraguay,Australia,three_way,0.406,0.309,0.285,1.3,1.0
37,2026-06-17T14:11:00+00:00,2026-06-25,group,United States,Turkey,three_way,0.428,0.27699999999999997,0.295,1.6,1.2
37,2026-06-17T14:11:00+00:00,2026-06-25,group,Japan,Sweden,three_way,0.48100000000000004,0.264,0.255,1.7,1.2
37,2026-06-17T14:11:00+00:00,2026-06-25,group,Germany,Ecuador,three_way,0.5660000000000001,0.245,0.18899999999999997,2.0,1.0
37,2026-06-17T14:11:00+00:00,2026-06-26,group,France,Norway,three_way,0.506,0.261,0.233,1.8,1.1
37,2026-06-17T14:11:00+00:00,2026-06-26,group,Spain,Uruguay,three_way,0.614,0.247,0.139,1.9,0.8
37,2026-06-17T14:11:00+00:00,2026-06-26,group,Belgium,New Zealand,three_way,0.8029999999999999,0.149,0.048,2.8,0.5
37,2026-06-17T14:11:00+00:00,2026-06-26,group,Egypt,Iran,three_way,0.413,0.305,0.282,1.3,1.0
37,2026-06-17T14:11:00+00:00,2026-06-26,group,Saudi Arabia,Cape Verde,three_way,0.33,0.33299999999999996,0.337,1.0,1.0
37,2026-06-17T14:11:00+00:00,2026-06-26,group,Senegal,Iraq,three_way,0.674,0.23600000000000002,0.09,1.9,0.5
37,2026-06-17T14:11:00+00:00,2026-06-27,group,Portugal,Colombia,three_way,0.35700000000000004,0.307,0.336,1.2,1.2
37,2026-06-17T14:11:00+00:00,2026-06-27,group,Croatia,Ghana,three_way,0.7,0.209,0.091,2.2,0.6
37,2026-06-17T14:11:00+00:00,2026-06-27,group,DR Congo,Uzbekistan,three_way,0.39399999999999996,0.299,0.307,1.3,1.1
37,2026-06-17T14:11:00+00:00,2026-06-27,group,Austria,Algeria,three_way,0.48200000000000004,0.264,0.254,1.7,1.2
37,2026-06-17T14:11:00+00:00,2026-06-27,group,England,Panama,three_way,0.787,0.16399999999999998,0.049,2.5,0.5
37,2026-06-17T14:11:00+00:00,2026-06-27,group,Argentina,Jordan,three_way,0.898,0.08900000000000001,0.013000000000000001,3.4,0.3
38,2026-06-18T04:13:35+00:00,2026-06-18,group,Mexico,South Korea,three_way,0.6759999999999999,0.237,0.087,1.9,0.5
38,2026-06-18T04:13:35+00:00,2026-06-18,group,Switzerland,Bosnia and Herzegovina,three_way,0.63,0.228,0.142,2.1,0.9
38,2026-06-18T04:13:35+00:00,2026-06-18,group,Czech Republic,South Africa,three_way,0.512,0.282,0.20600000000000002,1.6,0.9
38,2026-06-18T04:13:35+00:00,2026-06-18,group,Canada,Qatar,three_way,0.8190000000000001,0.14400000000000002,0.036000000000000004,2.7,0.4
38,2026-06-18T04:13:35+00:00,2026-06-19,group,Brazil,Haiti,three_way,0.862,0.11199999999999999,0.027000000000000003,3.2,0.4
38,2026-06-18T04:13:35+00:00,2026-06-19,group,United States,Australia,three_way,0.5670000000000001,0.267,0.166,1.7,0.8
38,2026-06-18T04:13:35+00:00,2026-06-19,group,Turkey,Paraguay,three_way,0.462,0.278,0.259,1.6,1.1
38,2026-06-18T04:13:35+00:00,2026-06-19,group,Morocco,Scotland,three_way,0.381,0.325,0.294,1.2,1.0
38,2026-06-18T04:13:35+00:00,2026-06-20,group,Ecuador,Curaçao,three_way,0.815,0.14800000000000002,0.037000000000000005,2.7,0.4
38,2026-06-18T04:13:35+00:00,2026-06-20,group,Germany,Ivory Coast,three_way,0.741,0.174,0.085,2.6,0.8
38,2026-06-18T04:13:35+00:00,2026-06-20,group,Netherlands,Sweden,three_way,0.597,0.233,0.17,2.1,1.0
38,2026-06-18T04:13:35+00:00,2026-06-21,group,Egypt,New Zealand,three_way,0.596,0.255,0.149,1.8,0.8
38,2026-06-18T04:13:35+00:00,2026-06-21,group,Belgium,Iran,three_way,0.665,0.22,0.115,2.1,0.7
38,2026-06-18T04:13:35+00:00,2026-06-21,group,Japan,Tunisia,three_way,0.718,0.20199999999999999,0.081,2.2,0.6
38,2026-06-18T04:13:35+00:00,2026-06-21,group,Uruguay,Cape Verde,three_way,0.703,0.221,0.076,2.0,0.5
38,2026-06-18T04:13:35+00:00,2026-06-21,group,Spain,Saudi Arabia,three_way,0.875,0.106,0.018000000000000002,3.2,0.3
38,2026-06-18T04:13:35+00:00,2026-06-22,group,Argentina,Austria,three_way,0.7559999999999999,0.17600000000000002,0.068,2.5,0.6
38,2026-06-18T04:13:35+00:00,2026-06-22,group,France,Iraq,three_way,0.873,0.10800000000000001,0.019,3.1,0.3
38,2026-06-18T04:13:35+00:00,2026-06-22,group,Norway,Senegal,three_way,0.54,0.268,0.192,1.7,0.9
38,2026-06-18T04:13:35+00:00,2026-06-22,group,Algeria,Jordan,three_way,0.595,0.24600000000000002,0.159,1.9,0.9
38,2026-06-18T04:13:35+00:00,2026-06-23,group,Portugal,Uzbekistan,three_way,0.77,0.172,0.057999999999999996,2.5,0.5
38,2026-06-18T04:13:35+00:00,2026-06-23,group,England,Ghana,three_way,0.85,0.125,0.025,2.9,0.3
38,2026-06-18T04:13:35+00:00,2026-06-23,group,Colombia,DR Congo,three_way,0.716,0.209,0.075,2.1,0.5
38,2026-06-18T04:13:35+00:00,2026-06-23,group,Croatia,Panama,three_way,0.588,0.25,0.162,1.9,0.9
38,2026-06-18T04:13:35+00:00,2026-06-24,group,Brazil,Scotland,three_way,0.657,0.226,0.11800000000000001,2.1,0.7
38,2026-06-18T04:13:35+00:00,2026-06-24,group,Bosnia and Herzegovina,Qatar,three_way,0.664,0.213,0.122,2.2,0.8
38,2026-06-18T04:13:35+00:00,2026-06-24,group,Mexico,Czech Republic,three_way,0.72,0.207,0.073,2.1,0.5
38,2026-06-18T04:13:35+00:00,2026-06-24,group,South Korea,South Africa,three_way,0.515,0.294,0.19,1.5,0.8
38,2026-06-18T04:13:35+00:00,2026-06-24,group,Morocco,Haiti,three_way,0.674,0.226,0.099,2.0,0.6
38,2026-06-18T04:13:35+00:00,2026-06-24,group,Canada,Switzerland,three_way,0.371,0.304,0.325,1.3,1.2
38,2026-06-18T04:13:35+00:00,2026-06-25,group,Germany,Ecuador,three_way,0.5660000000000001,0.245,0.18899999999999997,2.0,1.0
38,2026-06-18T04:13:35+00:00,2026-06-25,group,Netherlands,Tunisia,three_way,0.7909999999999999,0.16,0.05,2.6,0.5
38,2026-06-18T04:13:35+00:00,2026-06-25,group,Ivory Coast,Curaçao,three_way,0.7240000000000001,0.195,0.08,2.3,0.6
38,2026-06-18T04:13:35+00:00,2026-06-25,group,Paraguay,Australia,three_way,0.406,0.309,0.285,1.3,1.0
38,2026-06-18T04:13:35+00:00,2026-06-25,group,United States,Turkey,three_way,0.428,0.27699999999999997,0.295,1.6,1.2
38,2026-06-18T04:13:35+00:00,2026-06-25,group,Japan,Sweden,three_way,0.48100000000000004,0.264,0.255,1.7,1.2
38,2026-06-18T04:13:35+00:00,2026-06-26,group,Spain,Uruguay,three_way,0.614,0.247,0.139,1.9,0.8
38,2026-06-18T04:13:35+00:00,2026-06-26,group,Egypt,Iran,three_way,0.413,0.305,0.282,1.3,1.0
38,2026-06-18T04:13:35+00:00,2026-06-26,group,Saudi Arabia,Cape Verde,three_way,0.331,0.33299999999999996,0.337,1.0,1.0
38,2026-06-18T04:13:35+00:00,2026-06-26,group,Senegal,Iraq,three_way,0.674,0.23600000000000002,0.09,1.9,0.5
38,2026-06-18T04:13:35+00:00,2026-06-26,group,Belgium,New Zealand,three_way,0.8029999999999999,0.149,0.048,2.8,0.5
38,2026-06-18T04:13:35+00:00,2026-06-26,group,France,Norway,three_way,0.506,0.261,0.233,1.8,1.1
38,2026-06-18T04:13:35+00:00,2026-06-27,group,Portugal,Colombia,three_way,0.322,0.306,0.371,1.1,1.3
38,2026-06-18T04:13:35+00:00,2026-06-27,group,Croatia,Ghana,three_way,0.6579999999999999,0.22699999999999998,0.115,2.1,0.7
38,2026-06-18T04:13:35+00:00,2026-06-27,group,England,Panama,three_way,0.8170000000000001,0.146,0.038,2.7,0.4
38,2026-06-18T04:13:35+00:00,2026-06-27,group,DR Congo,Uzbekistan,three_way,0.431,0.295,0.27399999999999997,1.4,1.1
38,2026-06-18T04:13:35+00:00,2026-06-27,group,Argentina,Jordan,three_way,0.898,0.08900000000000001,0.013000000000000001,3.4,0.3
38,2026-06-18T04:13:35+00:00,2026-06-27,group,Austria,Algeria,three_way,0.48200000000000004,0.264,0.254,1.7,1.2
39,2026-06-19T13:38:17+00:00,2026-06-19,group,Morocco,Scotland,three_way,0.381,0.325,0.294,1.2,1.0
39,2026-06-19T13:38:17+00:00,2026-06-19,group,Turkey,Paraguay,three_way,0.462,0.278,0.259,1.6,1.1
39,2026-06-19T13:38:17+00:00,2026-06-19,group,United States,Australia,three_way,0.5670000000000001,0.267,0.166,1.7,0.8
39,2026-06-19T13:38:17+00:00,2026-06-19,group,Brazil,Haiti,three_way,0.862,0.111,0.027000000000000003,3.2,0.4
39,2026-06-19T13:38:17+00:00,2026-06-20,group,Germany,Ivory Coast,three_way,0.741,0.174,0.085,2.6,0.8
39,2026-06-19T13:38:17+00:00,2026-06-20,group,Netherlands,Sweden,three_way,0.597,0.233,0.17,2.1,1.0
39,2026-06-19T13:38:17+00:00,2026-06-20,group,Ecuador,Curaçao,three_way,0.815,0.14800000000000002,0.037000000000000005,2.7,0.4
39,2026-06-19T13:38:17+00:00,2026-06-21,group,Egypt,New Zealand,three_way,0.597,0.255,0.149,1.8,0.8
39,2026-06-19T13:38:17+00:00,2026-06-21,group,Uruguay,Cape Verde,three_way,0.703,0.221,0.076,2.0,0.5
39,2026-06-19T13:38:17+00:00,2026-06-21,group,Japan,Tunisia,three_way,0.718,0.201,0.081,2.2,0.6
39,2026-06-19T13:38:17+00:00,2026-06-21,group,Belgium,Iran,three_way,0.6659999999999999,0.22,0.115,2.1,0.7
39,2026-06-19T13:38:17+00:00,2026-06-21,group,Spain,Saudi Arabia,three_way,0.8759999999999999,0.106,0.018000000000000002,3.2,0.3
39,2026-06-19T13:38:17+00:00,2026-06-22,group,Argentina,Austria,three_way,0.7559999999999999,0.17600000000000002,0.068,2.5,0.6
39,2026-06-19T13:38:17+00:00,2026-06-22,group,Algeria,Jordan,three_way,0.595,0.24600000000000002,0.159,1.9,0.9
39,2026-06-19T13:38:17+00:00,2026-06-22,group,Norway,Senegal,three_way,0.54,0.268,0.192,1.7,0.9
39,2026-06-19T13:38:17+00:00,2026-06-22,group,France,Iraq,three_way,0.8740000000000001,0.107,0.019,3.1,0.3
39,2026-06-19T13:38:17+00:00,2026-06-23,group,Colombia,DR Congo,three_way,0.716,0.209,0.075,2.1,0.5
39,2026-06-19T13:38:17+00:00,2026-06-23,group,England,Ghana,three_way,0.85,0.125,0.025,2.9,0.3
39,2026-06-19T13:38:17+00:00,2026-06-23,group,Croatia,Panama,three_way,0.588,0.25,0.162,1.9,0.9
39,2026-06-19T13:38:17+00:00,2026-06-23,group,Portugal,Uzbekistan,three_way,0.77,0.172,0.057999999999999996,2.5,0.5
39,2026-06-19T13:38:17+00:00,2026-06-24,group,South Korea,South Africa,three_way,0.491,0.301,0.20800000000000002,1.4,0.8
39,2026-06-19T13:38:17+00:00,2026-06-24,group,Brazil,Scotland,three_way,0.657,0.226,0.11800000000000001,2.1,0.7
39,2026-06-19T13:38:17+00:00,2026-06-24,group,Canada,Switzerland,three_way,0.375,0.301,0.324,1.3,1.2
39,2026-06-19T13:38:17+00:00,2026-06-24,group,Morocco,Haiti,three_way,0.675,0.226,0.099,2.0,0.6
39,2026-06-19T13:38:17+00:00,2026-06-24,group,Bosnia and Herzegovina,Qatar,three_way,0.6709999999999999,0.21,0.12,2.3,0.8
39,2026-06-19T13:38:17+00:00,2026-06-24,group,Mexico,Czech Republic,three_way,0.735,0.19899999999999998,0.066,2.2,0.5
39,2026-06-19T13:38:17+00:00,2026-06-25,group,Ivory Coast,Curaçao,three_way,0.725,0.195,0.08,2.3,0.6
39,2026-06-19T13:38:17+00:00,2026-06-25,group,United States,Turkey,three_way,0.428,0.27699999999999997,0.295,1.6,1.3
39,2026-06-19T13:38:17+00:00,2026-06-25,group,Japan,Sweden,three_way,0.48100000000000004,0.264,0.255,1.7,1.2
39,2026-06-19T13:38:17+00:00,2026-06-25,group,Paraguay,Australia,three_way,0.406,0.309,0.285,1.3,1.0
39,2026-06-19T13:38:17+00:00,2026-06-25,group,Germany,Ecuador,three_way,0.5660000000000001,0.244,0.19,2.0,1.0
39,2026-06-19T13:38:17+00:00,2026-06-25,group,Netherlands,Tunisia,three_way,0.7909999999999999,0.159,0.05,2.6,0.5
39,2026-06-19T13:38:17+00:00,2026-06-26,group,Spain,Uruguay,three_way,0.615,0.247,0.139,1.9,0.8
39,2026-06-19T13:38:17+00:00,2026-06-26,group,Saudi Arabia,Cape Verde,three_way,0.331,0.332,0.337,1.0,1.0
39,2026-06-19T13:38:17+00:00,2026-06-26,group,France,Norway,three_way,0.506,0.261,0.233,1.8,1.1
39,2026-06-19T13:38:17+00:00,2026-06-26,group,Belgium,New Zealand,three_way,0.8029999999999999,0.149,0.048,2.8,0.5
39,2026-06-19T13:38:17+00:00,2026-06-26,group,Senegal,Iraq,three_way,0.675,0.23600000000000002,0.09,1.9,0.5
39,2026-06-19T13:38:17+00:00,2026-06-26,group,Egypt,Iran,three_way,0.413,0.305,0.28300000000000003,1.3,1.1
39,2026-06-19T13:38:17+00:00,2026-06-27,group,Croatia,Ghana,three_way,0.6579999999999999,0.22699999999999998,0.115,2.1,0.7
39,2026-06-19T13:38:17+00:00,2026-06-27,group,DR Congo,Uzbekistan,three_way,0.431,0.295,0.27399999999999997,1.4,1.1
39,2026-06-19T13:38:17+00:00,2026-06-27,group,Argentina,Jordan,three_way,0.898,0.08900000000000001,0.013000000000000001,3.4,0.3
39,2026-06-19T13:38:17+00:00,2026-06-27,group,England,Panama,three_way,0.8170000000000001,0.146,0.037000000000000005,2.7,0.4
39,2026-06-19T13:38:17+00:00,2026-06-27,group,Portugal,Colombia,three_way,0.32299999999999995,0.306,0.371,1.1,1.3
39,2026-06-19T13:38:17+00:00,2026-06-27,group,Austria,Algeria,three_way,0.48200000000000004,0.264,0.254,1.7,1.2
40,2026-06-20T14:43:20+00:00,2026-06-20,group,Ecuador,Curaçao,three_way,0.815,0.14800000000000002,0.037000000000000005,2.7,0.4
40,2026-06-20T14:43:20+00:00,2026-06-20,group,Netherlands,Sweden,three_way,0.597,0.233,0.17,2.1,1.0
40,2026-06-20T14:43:20+00:00,2026-06-20,group,Germany,Ivory Coast,three_way,0.741,0.174,0.085,2.6,0.8
40,2026-06-20T14:43:20+00:00,2026-06-21,group,Spain,Saudi Arabia,three_way,0.875,0.107,0.018000000000000002,3.2,0.3
40,2026-06-20T14:43:20+00:00,2026-06-21,group,Uruguay,Cape Verde,three_way,0.703,0.221,0.076,2.0,0.5
40,2026-06-20T14:43:20+00:00,2026-06-21,group,Belgium,Iran,three_way,0.665,0.22,0.115,2.1,0.7
40,2026-06-20T14:43:20+00:00,2026-06-21,group,Egypt,New Zealand,three_way,0.596,0.255,0.149,1.8,0.8
40,2026-06-20T14:43:20+00:00,2026-06-21,group,Japan,Tunisia,three_way,0.7170000000000001,0.20199999999999999,0.081,2.2,0.6
40,2026-06-20T14:43:20+00:00,2026-06-22,group,Argentina,Austria,three_way,0.755,0.177,0.068,2.5,0.6
40,2026-06-20T14:43:20+00:00,2026-06-22,group,Norway,Senegal,three_way,0.539,0.26899999999999996,0.192,1.7,0.9
40,2026-06-20T14:43:20+00:00,2026-06-22,group,Algeria,Jordan,three_way,0.594,0.247,0.159,1.9,0.9
40,2026-06-20T14:43:20+00:00,2026-06-22,group,France,Iraq,three_way,0.873,0.10800000000000001,0.019,3.1,0.3
40,2026-06-20T14:43:20+00:00,2026-06-23,group,Colombia,DR Congo,three_way,0.716,0.209,0.075,2.1,0.5
40,2026-06-20T14:43:20+00:00,2026-06-23,group,Croatia,Panama,three_way,0.588,0.25,0.162,1.9,0.9
40,2026-06-20T14:43:20+00:00,2026-06-23,group,England,Ghana,three_way,0.85,0.125,0.025,2.9,0.3
40,2026-06-20T14:43:20+00:00,2026-06-23,group,Portugal,Uzbekistan,three_way,0.77,0.172,0.057999999999999996,2.5,0.5
40,2026-06-20T14:43:20+00:00,2026-06-24,group,Morocco,Haiti,three_way,0.6970000000000001,0.21600000000000003,0.087,2.1,0.6
40,2026-06-20T14:43:20+00:00,2026-06-24,group,South Korea,South Africa,three_way,0.491,0.302,0.207,1.4,0.8
40,2026-06-20T14:43:20+00:00,2026-06-24,group,Brazil,Scotland,three_way,0.682,0.21600000000000003,0.10300000000000001,2.1,0.7
40,2026-06-20T14:43:20+00:00,2026-06-24,group,Bosnia and Herzegovina,Qatar,three_way,0.67,0.21,0.12,2.3,0.8
40,2026-06-20T14:43:20+00:00,2026-06-24,group,Canada,Switzerland,three_way,0.375,0.302,0.324,1.3,1.2
40,2026-06-20T14:43:20+00:00,2026-06-24,group,Mexico,Czech Republic,three_way,0.735,0.19899999999999998,0.066,2.2,0.5
40,2026-06-20T14:43:20+00:00,2026-06-25,group,Germany,Ecuador,three_way,0.5660000000000001,0.245,0.19,2.0,1.0
40,2026-06-20T14:43:20+00:00,2026-06-25,group,Ivory Coast,Curaçao,three_way,0.7240000000000001,0.196,0.08,2.3,0.6
40,2026-06-20T14:43:20+00:00,2026-06-25,group,United States,Turkey,three_way,0.488,0.26899999999999996,0.242,1.7,1.1
40,2026-06-20T14:43:20+00:00,2026-06-25,group,Netherlands,Tunisia,three_way,0.79,0.16,0.05,2.6,0.5
40,2026-06-20T14:43:20+00:00,2026-06-25,group,Japan,Sweden,three_way,0.48100000000000004,0.265,0.255,1.7,1.2
40,2026-06-20T14:43:20+00:00,2026-06-25,group,Paraguay,Australia,three_way,0.45899999999999996,0.302,0.239,1.4,0.9
40,2026-06-20T14:43:20+00:00,2026-06-26,group,Belgium,New Zealand,three_way,0.802,0.149,0.048,2.8,0.5
40,2026-06-20T14:43:20+00:00,2026-06-26,group,Egypt,Iran,three_way,0.41200000000000003,0.305,0.282,1.3,1.0
40,2026-06-20T14:43:20+00:00,2026-06-26,group,Spain,Uruguay,three_way,0.614,0.247,0.139,1.9,0.8
40,2026-06-20T14:43:20+00:00,2026-06-26,group,Saudi Arabia,Cape Verde,three_way,0.33,0.33299999999999996,0.337,1.0,1.0
40,2026-06-20T14:43:20+00:00,2026-06-26,group,Senegal,Iraq,three_way,0.674,0.237,0.09,1.9,0.5
40,2026-06-20T14:43:20+00:00,2026-06-26,group,France,Norway,three_way,0.506,0.261,0.233,1.8,1.1
40,2026-06-20T14:43:20+00:00,2026-06-27,group,Austria,Algeria,three_way,0.48100000000000004,0.264,0.254,1.7,1.2
40,2026-06-20T14:43:20+00:00,2026-06-27,group,Argentina,Jordan,three_way,0.897,0.09,0.013000000000000001,3.4,0.3
40,2026-06-20T14:43:20+00:00,2026-06-27,group,DR Congo,Uzbekistan,three_way,0.431,0.295,0.27399999999999997,1.4,1.1
40,2026-06-20T14:43:20+00:00,2026-06-27,group,England,Panama,three_way,0.816,0.146,0.038,2.7,0.4
40,2026-06-20T14:43:20+00:00,2026-06-27,group,Portugal,Colombia,three_way,0.322,0.307,0.371,1.1,1.2
40,2026-06-20T14:43:20+00:00,2026-06-27,group,Croatia,Ghana,three_way,0.6579999999999999,0.22699999999999998,0.115,2.0,0.7
41,2026-06-21T10:35:11+00:00,2026-06-21,group,Belgium,Iran,three_way,0.665,0.22,0.115,2.1,0.7
41,2026-06-21T10:35:11+00:00,2026-06-21,group,Egypt,New Zealand,three_way,0.596,0.255,0.149,1.8,0.8
41,2026-06-21T10:35:11+00:00,2026-06-21,group,Spain,Saudi Arabia,three_way,0.875,0.106,0.018000000000000002,3.2,0.3
41,2026-06-21T10:35:11+00:00,2026-06-21,group,Uruguay,Cape Verde,three_way,0.703,0.221,0.076,2.0,0.5
41,2026-06-21T10:35:11+00:00,2026-06-22,group,Norway,Senegal,three_way,0.54,0.26899999999999996,0.192,1.7,0.9
41,2026-06-21T10:35:11+00:00,2026-06-22,group,France,Iraq,three_way,0.873,0.10800000000000001,0.019,3.1,0.3
41,2026-06-21T10:35:11+00:00,2026-06-22,group,Argentina,Austria,three_way,0.7559999999999999,0.177,0.068,2.5,0.6
41,2026-06-21T10:35:11+00:00,2026-06-22,group,Algeria,Jordan,three_way,0.595,0.247,0.159,1.9,0.9
41,2026-06-21T10:35:11+00:00,2026-06-23,group,Portugal,Uzbekistan,three_way,0.77,0.172,0.057999999999999996,2.5,0.5
41,2026-06-21T10:35:11+00:00,2026-06-23,group,Colombia,DR Congo,three_way,0.716,0.209,0.075,2.1,0.5
41,2026-06-21T10:35:11+00:00,2026-06-23,group,Croatia,Panama,three_way,0.588,0.25,0.162,1.9,0.9
41,2026-06-21T10:35:11+00:00,2026-06-23,group,England,Ghana,three_way,0.85,0.125,0.025,2.9,0.3
41,2026-06-21T10:35:11+00:00,2026-06-24,group,Bosnia and Herzegovina,Qatar,three_way,0.67,0.21,0.12,2.3,0.8
41,2026-06-21T10:35:11+00:00,2026-06-24,group,South Korea,South Africa,three_way,0.491,0.302,0.207,1.4,0.8
41,2026-06-21T10:35:11+00:00,2026-06-24,group,Brazil,Scotland,three_way,0.682,0.215,0.10300000000000001,2.1,0.7
41,2026-06-21T10:35:11+00:00,2026-06-24,group,Morocco,Haiti,three_way,0.6970000000000001,0.21600000000000003,0.087,2.1,0.6
41,2026-06-21T10:35:11+00:00,2026-06-24,group,Mexico,Czech Republic,three_way,0.735,0.19899999999999998,0.066,2.2,0.5
41,2026-06-21T10:35:11+00:00,2026-06-24,group,Canada,Switzerland,three_way,0.375,0.302,0.324,1.3,1.2
41,2026-06-21T10:35:11+00:00,2026-06-25,group,Netherlands,Tunisia,three_way,0.826,0.138,0.036000000000000004,2.8,0.4
41,2026-06-21T10:35:11+00:00,2026-06-25,group,Paraguay,Australia,three_way,0.45899999999999996,0.302,0.239,1.4,0.9
41,2026-06-21T10:35:11+00:00,2026-06-25,group,Ivory Coast,Curaçao,three_way,0.6990000000000001,0.20800000000000002,0.09300000000000001,2.2,0.7
41,2026-06-21T10:35:11+00:00,2026-06-25,group,United States,Turkey,three_way,0.488,0.26899999999999996,0.242,1.7,1.1
41,2026-06-21T10:35:11+00:00,2026-06-25,group,Japan,Sweden,three_way,0.551,0.248,0.2,1.9,1.1
41,2026-06-21T10:35:11+00:00,2026-06-25,group,Germany,Ecuador,three_way,0.595,0.237,0.16699999999999998,2.0,1.0
41,2026-06-21T10:35:11+00:00,2026-06-26,group,Belgium,New Zealand,three_way,0.802,0.149,0.048,2.8,0.5
41,2026-06-21T10:35:11+00:00,2026-06-26,group,Senegal,Iraq,three_way,0.674,0.23600000000000002,0.09,1.9,0.5
41,2026-06-21T10:35:11+00:00,2026-06-26,group,France,Norway,three_way,0.506,0.261,0.233,1.8,1.1
41,2026-06-21T10:35:11+00:00,2026-06-26,group,Egypt,Iran,three_way,0.41200000000000003,0.305,0.282,1.3,1.0
41,2026-06-21T10:35:11+00:00,2026-06-26,group,Saudi Arabia,Cape Verde,three_way,0.33,0.33299999999999996,0.337,1.0,1.0
41,2026-06-21T10:35:11+00:00,2026-06-26,group,Spain,Uruguay,three_way,0.614,0.247,0.139,1.9,0.8
41,2026-06-21T10:35:11+00:00,2026-06-27,group,Croatia,Ghana,three_way,0.6579999999999999,0.22699999999999998,0.115,2.1,0.7
41,2026-06-21T10:35:11+00:00,2026-06-27,group,Austria,Algeria,three_way,0.48100000000000004,0.264,0.254,1.7,1.2
41,2026-06-21T10:35:11+00:00,2026-06-27,group,England,Panama,three_way,0.816,0.146,0.038,2.7,0.4
41,2026-06-21T10:35:11+00:00,2026-06-27,group,Portugal,Colombia,three_way,0.322,0.307,0.371,1.1,1.2
41,2026-06-21T10:35:11+00:00,2026-06-27,group,Argentina,Jordan,three_way,0.897,0.08900000000000001,0.013000000000000001,3.4,0.3
41,2026-06-21T10:35:11+00:00,2026-06-27,group,DR Congo,Uzbekistan,three_way,0.431,0.295,0.27399999999999997,1.4,1.1
42,2026-06-22T13:38:06+00:00,2026-06-22,group,Norway,Senegal,three_way,0.54,0.268,0.192,1.7,0.9
42,2026-06-22T13:38:06+00:00,2026-06-22,group,Algeria,Jordan,three_way,0.595,0.24600000000000002,0.159,1.9,0.9
42,2026-06-22T13:38:06+00:00,2026-06-22,group,Argentina,Austria,three_way,0.7559999999999999,0.17600000000000002,0.068,2.5,0.6
42,2026-06-22T13:38:06+00:00,2026-06-22,group,France,Iraq,three_way,0.8740000000000001,0.10800000000000001,0.019,3.1,0.3
42,2026-06-22T13:38:06+00:00,2026-06-23,group,Portugal,Uzbekistan,three_way,0.77,0.172,0.057999999999999996,2.5,0.5
42,2026-06-22T13:38:06+00:00,2026-06-23,group,Croatia,Panama,three_way,0.588,0.25,0.162,1.9,0.9
42,2026-06-22T13:38:06+00:00,2026-06-23,group,England,Ghana,three_way,0.85,0.125,0.025,2.9,0.3
42,2026-06-22T13:38:06+00:00,2026-06-23,group,Colombia,DR Congo,three_way,0.716,0.209,0.075,2.1,0.5
42,2026-06-22T13:38:06+00:00,2026-06-24,group,South Korea,South Africa,three_way,0.491,0.301,0.20800000000000002,1.4,0.8
42,2026-06-22T13:38:06+00:00,2026-06-24,group,Bosnia and Herzegovina,Qatar,three_way,0.6709999999999999,0.21,0.12,2.3,0.8
42,2026-06-22T13:38:06+00:00,2026-06-24,group,Canada,Switzerland,three_way,0.375,0.301,0.324,1.3,1.2
42,2026-06-22T13:38:06+00:00,2026-06-24,group,Morocco,Haiti,three_way,0.698,0.215,0.087,2.1,0.6
42,2026-06-22T13:38:06+00:00,2026-06-24,group,Brazil,Scotland,three_way,0.682,0.215,0.10300000000000001,2.2,0.7
42,2026-06-22T13:38:06+00:00,2026-06-24,group,Mexico,Czech Republic,three_way,0.735,0.19899999999999998,0.066,2.2,0.5
42,2026-06-22T13:38:06+00:00,2026-06-25,group,United States,Turkey,three_way,0.488,0.26899999999999996,0.243,1.7,1.1
42,2026-06-22T13:38:06+00:00,2026-06-25,group,Netherlands,Tunisia,three_way,0.826,0.13699999999999998,0.036000000000000004,2.8,0.4
42,2026-06-22T13:38:06+00:00,2026-06-25,group,Germany,Ecuador,three_way,0.596,0.237,0.16699999999999998,2.0,1.0
42,2026-06-22T13:38:06+00:00,2026-06-25,group,Japan,Sweden,three_way,0.552,0.248,0.2,1.9,1.1
42,2026-06-22T13:38:06+00:00,2026-06-25,group,Paraguay,Australia,three_way,0.45899999999999996,0.302,0.239,1.4,0.9
42,2026-06-22T13:38:06+00:00,2026-06-25,group,Ivory Coast,Curaçao,three_way,0.6990000000000001,0.20800000000000002,0.09300000000000001,2.2,0.7
42,2026-06-22T13:38:06+00:00,2026-06-26,group,Cape Verde,Saudi Arabia,three_way,0.37200000000000005,0.33,0.298,1.1,1.0
42,2026-06-22T13:38:06+00:00,2026-06-26,group,Belgium,New Zealand,three_way,0.802,0.15,0.048,2.8,0.5
42,2026-06-22T13:38:06+00:00,2026-06-26,group,Senegal,Iraq,three_way,0.674,0.23600000000000002,0.09,1.9,0.5
42,2026-06-22T13:38:06+00:00,2026-06-26,group,Spain,Uruguay,three_way,0.649,0.23199999999999998,0.11800000000000001,2.0,0.7
42,2026-06-22T13:38:06+00:00,2026-06-26,group,France,Norway,three_way,0.506,0.261,0.233,1.8,1.1
42,2026-06-22T13:38:06+00:00,2026-06-26,group,Egypt,Iran,three_way,0.41200000000000003,0.306,0.28300000000000003,1.3,1.0
42,2026-06-22T13:38:06+00:00,2026-06-27,group,Argentina,Jordan,three_way,0.898,0.08900000000000001,0.013000000000000001,3.4,0.3
42,2026-06-22T13:38:06+00:00,2026-06-27,group,Austria,Algeria,three_way,0.48200000000000004,0.264,0.254,1.7,1.2
42,2026-06-22T13:38:06+00:00,2026-06-27,group,Portugal,Colombia,three_way,0.32299999999999995,0.306,0.371,1.1,1.3
42,2026-06-22T13:38:06+00:00,2026-06-27,group,DR Congo,Uzbekistan,three_way,0.431,0.295,0.27399999999999997,1.4,1.1
42,2026-06-22T13:38:06+00:00,2026-06-27,group,Croatia,Ghana,three_way,0.6579999999999999,0.22699999999999998,0.115,2.1,0.7
42,2026-06-22T13:38:06+00:00,2026-06-27,group,England,Panama,three_way,0.8170000000000001,0.146,0.038,2.7,0.4
43,2026-06-23T02:21:20+00:00,2026-06-22,group,Norway,Senegal,three_way,0.54,0.268,0.192,1.7,0.89999998
43,2026-06-23T02:21:20+00:00,2026-06-22,group,Argentina,Austria,three_way,0.7559999999999999,0.17600000000000002,0.068,2.5,0.60000002
43,2026-06-23T02:21:20+00:00,2026-06-22,group,France,Iraq,three_way,0.873,0.10800000000000001,0.019,3.0999999,0.30000001
43,2026-06-23T02:21:20+00:00,2026-06-22,group,Algeria,Jordan,three_way,0.595,0.247,0.159,1.9,0.89999998
43,2026-06-23T02:21:20+00:00,2026-06-23,group,England,Ghana,three_way,0.85,0.125,0.025,2.9000001,0.30000001
43,2026-06-23T02:21:20+00:00,2026-06-23,group,Colombia,DR Congo,three_way,0.716,0.209,0.075,2.0999999,0.5
43,2026-06-23T02:21:20+00:00,2026-06-23,group,Portugal,Uzbekistan,three_way,0.77,0.172,0.057999999999999996,2.5,0.5
43,2026-06-23T02:21:20+00:00,2026-06-23,group,Croatia,Panama,three_way,0.588,0.25,0.162,1.9,0.89999998
43,2026-06-23T02:21:20+00:00,2026-06-24,group,South Korea,South Africa,three_way,0.491,0.301,0.207,1.4,0.80000001
43,2026-06-23T02:21:20+00:00,2026-06-24,group,Brazil,Scotland,three_way,0.682,0.215,0.10300000000000001,2.2,0.69999999
43,2026-06-23T02:21:20+00:00,2026-06-24,group,Bosnia and Herzegovina,Qatar,three_way,0.6709999999999999,0.21,0.12,2.3,0.80000001
43,2026-06-23T02:21:20+00:00,2026-06-24,group,Mexico,Czech Republic,three_way,0.735,0.19899999999999998,0.066,2.2,0.5
43,2026-06-23T02:21:20+00:00,2026-06-24,group,Morocco,Haiti,three_way,0.698,0.215,0.087,2.0999999,0.60000002
43,2026-06-23T02:21:20+00:00,2026-06-24,group,Canada,Switzerland,three_way,0.375,0.301,0.324,1.3,1.2
43,2026-06-23T02:21:20+00:00,2026-06-25,group,United States,Turkey,three_way,0.488,0.26899999999999996,0.243,1.7,1.1
43,2026-06-23T02:21:20+00:00,2026-06-25,group,Japan,Sweden,three_way,0.552,0.248,0.2,1.9,1.1
43,2026-06-23T02:21:20+00:00,2026-06-25,group,Germany,Ecuador,three_way,0.596,0.237,0.16699999999999998,2.0,1.0
43,2026-06-23T02:21:20+00:00,2026-06-25,group,Paraguay,Australia,three_way,0.45899999999999996,0.302,0.239,1.4,0.89999998
43,2026-06-23T02:21:20+00:00,2026-06-25,group,Ivory Coast,Curaçao,three_way,0.6990000000000001,0.20800000000000002,0.09300000000000001,2.2,0.69999999
43,2026-06-23T02:21:20+00:00,2026-06-25,group,Netherlands,Tunisia,three_way,0.8270000000000001,0.13699999999999998,0.036000000000000004,2.8,0.40000001
43,2026-06-23T02:21:20+00:00,2026-06-26,group,Belgium,New Zealand,three_way,0.802,0.15,0.048,2.8,0.5
43,2026-06-23T02:21:20+00:00,2026-06-26,group,France,Norway,three_way,0.506,0.261,0.233,1.8,1.1
43,2026-06-23T02:21:20+00:00,2026-06-26,group,Cape Verde,Saudi Arabia,three_way,0.37200000000000005,0.33,0.298,1.1,1.0
43,2026-06-23T02:21:20+00:00,2026-06-26,group,Senegal,Iraq,three_way,0.674,0.23600000000000002,0.09,1.9,0.5
43,2026-06-23T02:21:20+00:00,2026-06-26,group,Spain,Uruguay,three_way,0.649,0.233,0.11800000000000001,2.0,0.69999999
43,2026-06-23T02:21:20+00:00,2026-06-26,group,Egypt,Iran,three_way,0.41200000000000003,0.306,0.282,1.3,1.0
43,2026-06-23T02:21:20+00:00,2026-06-27,group,Croatia,Ghana,three_way,0.6579999999999999,0.22699999999999998,0.115,2.0999999,0.69999999
43,2026-06-23T02:21:20+00:00,2026-06-27,group,Portugal,Colombia,three_way,0.32299999999999995,0.306,0.371,1.1,1.3
43,2026-06-23T02:21:20+00:00,2026-06-27,group,DR Congo,Uzbekistan,three_way,0.431,0.295,0.27399999999999997,1.4,1.1
43,2026-06-23T02:21:20+00:00,2026-06-27,group,Austria,Algeria,three_way,0.48200000000000004,0.264,0.254,1.7,1.2
43,2026-06-23T02:21:20+00:00,2026-06-27,group,Argentina,Jordan,three_way,0.898,0.08900000000000001,0.013000000000000001,3.4000001,0.30000001
43,2026-06-23T02:21:20+00:00,2026-06-27,group,England,Panama,three_way,0.8170000000000001,0.146,0.038,2.7,0.40000001
44,2026-06-23T14:53:03+00:00,2026-06-23,group,Portugal,Uzbekistan,three_way,0.77,0.172,0.057999999999999996,2.5,0.5
44,2026-06-23T14:53:03+00:00,2026-06-23,group,Colombia,DR Congo,three_way,0.716,0.20800000000000002,0.075,2.1,0.5
44,2026-06-23T14:53:03+00:00,2026-06-23,group,Croatia,Panama,three_way,0.588,0.25,0.162,1.9,0.9
44,2026-06-23T14:53:03+00:00,2026-06-23,group,England,Ghana,three_way,0.85,0.124,0.025,2.9,0.3
44,2026-06-23T14:53:03+00:00,2026-06-24,group,South Korea,South Africa,three_way,0.491,0.301,0.20800000000000002,1.4,0.8
44,2026-06-23T14:53:03+00:00,2026-06-24,group,Morocco,Haiti,three_way,0.698,0.215,0.087,2.1,0.6
44,2026-06-23T14:53:03+00:00,2026-06-24,group,Canada,Switzerland,three_way,0.375,0.301,0.324,1.3,1.2
44,2026-06-23T14:53:03+00:00,2026-06-24,group,Bosnia and Herzegovina,Qatar,three_way,0.6709999999999999,0.21,0.12,2.3,0.8
44,2026-06-23T14:53:03+00:00,2026-06-24,group,Brazil,Scotland,three_way,0.682,0.215,0.10300000000000001,2.2,0.7
44,2026-06-23T14:53:03+00:00,2026-06-24,group,Mexico,Czech Republic,three_way,0.735,0.19899999999999998,0.066,2.2,0.5
44,2026-06-23T14:53:03+00:00,2026-06-25,group,United States,Turkey,three_way,0.489,0.26899999999999996,0.243,1.7,1.1
44,2026-06-23T14:53:03+00:00,2026-06-25,group,Japan,Sweden,three_way,0.552,0.248,0.2,1.9,1.1
44,2026-06-23T14:53:03+00:00,2026-06-25,group,Germany,Ecuador,three_way,0.596,0.237,0.16699999999999998,2.0,1.0
44,2026-06-23T14:53:03+00:00,2026-06-25,group,Paraguay,Australia,three_way,0.45899999999999996,0.302,0.239,1.4,0.9
44,2026-06-23T14:53:03+00:00,2026-06-25,group,Ivory Coast,Curaçao,three_way,0.6990000000000001,0.20800000000000002,0.09300000000000001,2.2,0.7
44,2026-06-23T14:53:03+00:00,2026-06-25,group,Netherlands,Tunisia,three_way,0.8270000000000001,0.13699999999999998,0.036000000000000004,2.8,0.4
44,2026-06-23T14:53:03+00:00,2026-06-26,group,Spain,Uruguay,three_way,0.65,0.23199999999999998,0.11800000000000001,2.0,0.7
44,2026-06-23T14:53:03+00:00,2026-06-26,group,Egypt,Iran,three_way,0.41200000000000003,0.305,0.28300000000000003,1.3,1.0
44,2026-06-23T14:53:03+00:00,2026-06-26,group,Belgium,New Zealand,three_way,0.802,0.15,0.048,2.8,0.5
44,2026-06-23T14:53:03+00:00,2026-06-26,group,Senegal,Iraq,three_way,0.6729999999999999,0.23600000000000002,0.091,1.9,0.5
44,2026-06-23T14:53:03+00:00,2026-06-26,group,Cape Verde,Saudi Arabia,three_way,0.37200000000000005,0.33,0.298,1.1,1.0
44,2026-06-23T14:53:03+00:00,2026-06-26,group,France,Norway,three_way,0.503,0.261,0.23600000000000002,1.8,1.1
44,2026-06-23T14:53:03+00:00,2026-06-27,group,England,Panama,three_way,0.8170000000000001,0.146,0.037000000000000005,2.7,0.4
44,2026-06-23T14:53:03+00:00,2026-06-27,group,Portugal,Colombia,three_way,0.32299999999999995,0.306,0.371,1.1,1.3
44,2026-06-23T14:53:03+00:00,2026-06-27,group,Argentina,Jordan,three_way,0.903,0.085,0.012,3.5,0.2
44,2026-06-23T14:53:03+00:00,2026-06-27,group,Croatia,Ghana,three_way,0.659,0.22699999999999998,0.115,2.1,0.7
44,2026-06-23T14:53:03+00:00,2026-06-27,group,Austria,Algeria,three_way,0.461,0.268,0.272,1.7,1.2
44,2026-06-23T14:53:03+00:00,2026-06-27,group,DR Congo,Uzbekistan,three_way,0.431,0.295,0.27399999999999997,1.4,1.1
45,2026-06-24T14:19:45+00:00,2026-06-24,group,Bosnia and Herzegovina,Qatar,three_way,0.67,0.21,0.12,2.3,0.8
45,2026-06-24T14:19:45+00:00,2026-06-24,group,Canada,Switzerland,three_way,0.375,0.301,0.324,1.3,1.2
45,2026-06-24T14:19:45+00:00,2026-06-24,group,South Korea,South Africa,three_way,0.491,0.302,0.207,1.4,0.8
45,2026-06-24T14:19:45+00:00,2026-06-24,group,Morocco,Haiti,three_way,0.698,0.21600000000000003,0.087,2.1,0.6
45,2026-06-24T14:19:45+00:00,2026-06-24,group,Brazil,Scotland,three_way,0.682,0.215,0.10300000000000001,2.2,0.7
45,2026-06-24T14:19:45+00:00,2026-06-24,group,Mexico,Czech Republic,three_way,0.735,0.19899999999999998,0.066,2.2,0.5
45,2026-06-24T14:19:45+00:00,2026-06-25,group,Japan,Sweden,three_way,0.551,0.248,0.2,1.9,1.1
45,2026-06-24T14:19:45+00:00,2026-06-25,group,United States,Turkey,three_way,0.488,0.26899999999999996,0.243,1.7,1.1
45,2026-06-24T14:19:45+00:00,2026-06-25,group,Paraguay,Australia,three_way,0.45899999999999996,0.302,0.239,1.4,0.9
45,2026-06-24T14:19:45+00:00,2026-06-25,group,Netherlands,Tunisia,three_way,0.826,0.13699999999999998,0.036000000000000004,2.8,0.4
45,2026-06-24T14:19:45+00:00,2026-06-25,group,Ivory Coast,Curaçao,three_way,0.6990000000000001,0.20800000000000002,0.09300000000000001,2.2,0.7
45,2026-06-24T14:19:45+00:00,2026-06-25,group,Germany,Ecuador,three_way,0.596,0.237,0.16699999999999998,2.0,1.0
45,2026-06-24T14:19:45+00:00,2026-06-26,group,France,Norway,three_way,0.503,0.261,0.23600000000000002,1.8,1.1
45,2026-06-24T14:19:45+00:00,2026-06-26,group,Egypt,Iran,three_way,0.41200000000000003,0.306,0.282,1.3,1.0
45,2026-06-24T14:19:45+00:00,2026-06-26,group,Spain,Uruguay,three_way,0.649,0.233,0.11800000000000001,2.0,0.7
45,2026-06-24T14:19:45+00:00,2026-06-26,group,Cape Verde,Saudi Arabia,three_way,0.37200000000000005,0.33,0.298,1.1,1.0
45,2026-06-24T14:19:45+00:00,2026-06-26,group,Belgium,New Zealand,three_way,0.802,0.15,0.048,2.8,0.5
45,2026-06-24T14:19:45+00:00,2026-06-26,group,Senegal,Iraq,three_way,0.6729999999999999,0.23600000000000002,0.091,1.9,0.5
45,2026-06-24T14:19:45+00:00,2026-06-27,group,Austria,Algeria,three_way,0.461,0.268,0.272,1.7,1.2
45,2026-06-24T14:19:45+00:00,2026-06-27,group,Croatia,Ghana,three_way,0.633,0.23800000000000002,0.129,2.0,0.7
45,2026-06-24T14:19:45+00:00,2026-06-27,group,Argentina,Jordan,three_way,0.902,0.086,0.012,3.5,0.2
45,2026-06-24T14:19:45+00:00,2026-06-27,group,DR Congo,Uzbekistan,three_way,0.46,0.29100000000000004,0.25,1.5,1.0
45,2026-06-24T14:19:45+00:00,2026-06-27,group,Portugal,Colombia,three_way,0.349,0.307,0.344,1.2,1.2
45,2026-06-24T14:19:45+00:00,2026-06-27,group,England,Panama,three_way,0.8,0.157,0.043,2.6,0.4
46,2026-06-25T04:58:44+00:00,2026-06-25,group,Ivory Coast,Curaçao,three_way,0.6990000000000001,0.20800000000000002,0.09300000000000001,2.2,0.69999999
46,2026-06-25T04:58:44+00:00,2026-06-25,group,Paraguay,Australia,three_way,0.45899999999999996,0.302,0.239,1.4,0.89999998
46,2026-06-25T04:58:44+00:00,2026-06-25,group,United States,Turkey,three_way,0.488,0.26899999999999996,0.243,1.7,1.1
46,2026-06-25T04:58:44+00:00,2026-06-25,group,Netherlands,Tunisia,three_way,0.826,0.13699999999999998,0.036000000000000004,2.8,0.40000001
46,2026-06-25T04:58:44+00:00,2026-06-25,group,Germany,Ecuador,three_way,0.595,0.237,0.16699999999999998,2.0,1.0
46,2026-06-25T04:58:44+00:00,2026-06-25,group,Japan,Sweden,three_way,0.552,0.248,0.2,1.9,1.1
46,2026-06-25T04:58:44+00:00,2026-06-26,group,Egypt,Iran,three_way,0.41200000000000003,0.306,0.282,1.3,1.0
46,2026-06-25T04:58:44+00:00,2026-06-26,group,Spain,Uruguay,three_way,0.649,0.233,0.11800000000000001,2.0,0.69999999
46,2026-06-25T04:58:44+00:00,2026-06-26,group,Belgium,New Zealand,three_way,0.802,0.15,0.048,2.8,0.5
46,2026-06-25T04:58:44+00:00,2026-06-26,group,Senegal,Iraq,three_way,0.6729999999999999,0.23600000000000002,0.091,1.9,0.5
46,2026-06-25T04:58:44+00:00,2026-06-26,group,France,Norway,three_way,0.502,0.261,0.23600000000000002,1.8,1.1
46,2026-06-25T04:58:44+00:00,2026-06-26,group,Cape Verde,Saudi Arabia,three_way,0.37200000000000005,0.33,0.298,1.1,1.0
46,2026-06-25T04:58:44+00:00,2026-06-27,group,England,Panama,three_way,0.8,0.157,0.043,2.5999999,0.40000001
46,2026-06-25T04:58:44+00:00,2026-06-27,group,Argentina,Jordan,three_way,0.902,0.086,0.012,3.5,0.2
46,2026-06-25T04:58:44+00:00,2026-06-27,group,DR Congo,Uzbekistan,three_way,0.45899999999999996,0.29100000000000004,0.25,1.5,1.0
46,2026-06-25T04:58:44+00:00,2026-06-27,group,Croatia,Ghana,three_way,0.632,0.239,0.129,2.0,0.69999999
46,2026-06-25T04:58:44+00:00,2026-06-27,group,Austria,Algeria,three_way,0.461,0.268,0.272,1.7,1.2
46,2026-06-25T04:58:44+00:00,2026-06-27,group,Portugal,Colombia,three_way,0.349,0.307,0.344,1.2,1.2
47,2026-06-26T05:02:11+00:00,2026-06-26,group,France,Norway,three_way,0.503,0.261,0.23600000000000002,1.8,1.2
47,2026-06-26T05:02:11+00:00,2026-06-26,group,Egypt,Iran,three_way,0.41200000000000003,0.305,0.28300000000000003,1.3,1.1
47,2026-06-26T05:02:11+00:00,2026-06-26,group,Cape Verde,Saudi Arabia,three_way,0.373,0.32899999999999996,0.298,1.1,1.0
47,2026-06-26T05:02:11+00:00,2026-06-26,group,Senegal,Iraq,three_way,0.674,0.23600000000000002,0.091,1.9,0.5
47,2026-06-26T05:02:11+00:00,2026-06-26,group,Belgium,New Zealand,three_way,0.802,0.149,0.048,2.8,0.5
47,2026-06-26T05:02:11+00:00,2026-06-26,group,Spain,Uruguay,three_way,0.65,0.23199999999999998,0.11800000000000001,2.0,0.7
47,2026-06-26T05:02:11+00:00,2026-06-27,group,England,Panama,three_way,0.8009999999999999,0.156,0.043,2.6,0.4
47,2026-06-26T05:02:11+00:00,2026-06-27,group,Argentina,Jordan,three_way,0.903,0.085,0.012,3.5,0.2
47,2026-06-26T05:02:11+00:00,2026-06-27,group,DR Congo,Uzbekistan,three_way,0.46,0.29,0.25,1.5,1.0
47,2026-06-26T05:02:11+00:00,2026-06-27,group,Portugal,Colombia,three_way,0.35,0.306,0.344,1.2,1.2
47,2026-06-26T05:02:11+00:00,2026-06-27,group,Croatia,Ghana,three_way,0.633,0.23800000000000002,0.129,2.0,0.7
47,2026-06-26T05:02:11+00:00,2026-06-27,group,Austria,Algeria,three_way,0.461,0.267,0.272,1.7,1.2
48,2026-06-27T14:13:43+00:00,2026-06-27,group,Austria,Algeria,three_way,0.461,0.267,0.272,1.7,1.2
48,2026-06-27T14:13:43+00:00,2026-06-27,group,Croatia,Ghana,three_way,0.634,0.23800000000000002,0.129,2.0,0.7
48,2026-06-27T14:13:43+00:00,2026-06-27,group,Argentina,Jordan,three_way,0.903,0.085,0.012,3.5,0.2
48,2026-06-27T14:13:43+00:00,2026-06-27,group,DR Congo,Uzbekistan,three_way,0.46,0.29,0.25,1.5,1.0
48,2026-06-27T14:13:43+00:00,2026-06-27,group,England,Panama,three_way,0.8009999999999999,0.156,0.043,2.6,0.4
48,2026-06-27T14:13:43+00:00,2026-06-27,group,Portugal,Colombia,three_way,0.35,0.306,0.344,1.2,1.2
49,2026-06-28T06:33:09+00:00,2026-06-28,R32,Canada,South Africa,advance,0.725,,0.275,1.7,0.7
49,2026-06-28T06:33:09+00:00,2026-06-29,R32,Netherlands,Morocco,advance,0.653,,0.34700000000000003,1.6,0.9
49,2026-06-28T06:33:09+00:00,2026-06-29,R32,Germany,Paraguay,advance,0.746,,0.254,2.2,1.0
49,2026-06-28T06:33:09+00:00,2026-06-29,R32,Brazil,Japan,advance,0.723,,0.27699999999999997,1.9,0.9
49,2026-06-28T06:33:09+00:00,2026-06-30,R32,Norway,Ivory Coast,advance,0.75,,0.25,2.1,0.9
49,2026-06-28T06:33:09+00:00,2026-06-30,R32,Mexico,Ecuador,advance,0.6859999999999999,,0.314,1.4,0.7
49,2026-06-28T06:33:09+00:00,2026-06-30,R32,France,Sweden,advance,0.8740000000000001,,0.126,2.7,0.6
49,2026-06-28T06:33:09+00:00,2026-07-01,R32,United States,Bosnia and Herzegovina,advance,0.809,,0.191,2.3,0.7
49,2026-06-28T06:33:09+00:00,2026-07-01,R32,England,DR Congo,advance,0.872,,0.128,2.4,0.5
49,2026-06-28T06:33:09+00:00,2026-07-01,R32,Belgium,Senegal,advance,0.547,,0.45299999999999996,1.4,1.2
49,2026-06-28T06:33:09+00:00,2026-07-02,R32,Spain,Austria,advance,0.85,,0.15,2.6,0.7
49,2026-06-28T06:33:09+00:00,2026-07-02,R32,Switzerland,Algeria,advance,0.7020000000000001,,0.298,1.9,1.0
49,2026-06-28T06:33:09+00:00,2026-07-02,R32,Portugal,Croatia,advance,0.6829999999999999,,0.317,1.8,1.0
49,2026-06-28T06:33:09+00:00,2026-07-03,R32,Colombia,Ghana,advance,0.861,,0.139,2.3,0.5
49,2026-06-28T06:33:09+00:00,2026-07-03,R32,Australia,Egypt,advance,0.516,,0.484,1.2,1.2
49,2026-06-28T06:33:09+00:00,2026-07-03,R32,Argentina,Cape Verde,advance,0.943,,0.057,3.1,0.2
50,2026-06-29T07:01:30+00:00,2026-06-29,R32,Netherlands,Morocco,three_way,0.502,0.28600000000000003,0.212,1.6,0.9
50,2026-06-29T07:01:30+00:00,2026-06-29,R32,Germany,Paraguay,three_way,0.626,0.22399999999999998,0.15,2.2,1.0
50,2026-06-29T07:01:30+00:00,2026-06-29,R32,Brazil,Japan,three_way,0.5920000000000001,0.244,0.16399999999999998,1.9,0.9
50,2026-06-29T07:01:30+00:00,2026-06-30,R32,Norway,Ivory Coast,three_way,0.626,0.22899999999999998,0.145,2.1,0.9
50,2026-06-29T07:01:30+00:00,2026-06-30,R32,France,Sweden,three_way,0.7829999999999999,0.159,0.057999999999999996,2.7,0.6
50,2026-06-29T07:01:30+00:00,2026-06-30,R32,Mexico,Ecuador,three_way,0.52,0.31,0.17,1.4,0.7
50,2026-06-29T07:01:30+00:00,2026-07-01,R32,England,DR Congo,three_way,0.772,0.175,0.054000000000000006,2.4,0.5
50,2026-06-29T07:01:30+00:00,2026-07-01,R32,Belgium,Senegal,three_way,0.39799999999999996,0.294,0.309,1.4,1.2
50,2026-06-29T07:01:30+00:00,2026-07-01,R32,United States,Bosnia and Herzegovina,three_way,0.695,0.20600000000000002,0.1,2.3,0.7
50,2026-06-29T07:01:30+00:00,2026-07-02,R32,Spain,Austria,three_way,0.752,0.174,0.07400000000000001,2.6,0.7
50,2026-06-29T07:01:30+00:00,2026-07-02,R32,Portugal,Croatia,three_way,0.544,0.261,0.19399999999999998,1.8,1.0
50,2026-06-29T07:01:30+00:00,2026-07-02,R32,Switzerland,Algeria,three_way,0.5710000000000001,0.247,0.182,1.9,1.0
50,2026-06-29T07:01:30+00:00,2026-07-03,R32,Argentina,Cape Verde,three_way,0.878,0.107,0.016,3.1,0.2
50,2026-06-29T07:01:30+00:00,2026-07-03,R32,Colombia,Ghana,three_way,0.7509999999999999,0.191,0.057999999999999996,2.3,0.5
50,2026-06-29T07:01:30+00:00,2026-07-03,R32,Australia,Egypt,three_way,0.361,0.308,0.33,1.2,1.2
51,2026-06-30T05:54:38+00:00,2026-06-30,R32,Norway,Ivory Coast,three_way,0.626,0.22899999999999998,0.145,2.1,0.9
51,2026-06-30T05:54:38+00:00,2026-06-30,R32,France,Sweden,three_way,0.7829999999999999,0.159,0.057999999999999996,2.7,0.6
51,2026-06-30T05:54:38+00:00,2026-06-30,R32,Mexico,Ecuador,three_way,0.52,0.31,0.17,1.4,0.7
51,2026-06-30T05:54:38+00:00,2026-07-01,R32,England,DR Congo,three_way,0.772,0.175,0.054000000000000006,2.4,0.5
51,2026-06-30T05:54:38+00:00,2026-07-01,R32,Belgium,Senegal,three_way,0.39799999999999996,0.294,0.309,1.4,1.2
51,2026-06-30T05:54:38+00:00,2026-07-01,R32,United States,Bosnia and Herzegovina,three_way,0.695,0.20600000000000002,0.1,2.3,0.7
51,2026-06-30T05:54:38+00:00,2026-07-02,R32,Switzerland,Algeria,three_way,0.5710000000000001,0.247,0.182,1.9,1.0
51,2026-06-30T05:54:38+00:00,2026-07-02,R32,Portugal,Croatia,three_way,0.544,0.261,0.19399999999999998,1.8,1.0
51,2026-06-30T05:54:38+00:00,2026-07-02,R32,Spain,Austria,three_way,0.752,0.174,0.07400000000000001,2.6,0.7
51,2026-06-30T05:54:38+00:00,2026-07-03,R32,Colombia,Ghana,three_way,0.7509999999999999,0.191,0.057999999999999996,2.3,0.5
51,2026-06-30T05:54:38+00:00,2026-07-03,R32,Australia,Egypt,three_way,0.361,0.308,0.331,1.2,1.2
51,2026-06-30T05:54:38+00:00,2026-07-03,R32,Argentina,Cape Verde,three_way,0.878,0.107,0.016,3.1,0.2
52,2026-07-03T05:18:25+00:00,2026-07-03,R32,Colombia,Ghana,three_way,0.7509999999999999,0.191,0.057999999999999996,2.3,0.5
52,2026-07-03T05:18:25+00:00,2026-07-03,R32,Argentina,Cape Verde,three_way,0.878,0.107,0.016,3.1,0.2
52,2026-07-03T05:18:25+00:00,2026-07-03,R32,Australia,Egypt,three_way,0.361,0.308,0.331,1.2,1.2
53,2026-07-04T16:38:09+00:00,2026-07-04,R16,France,Paraguay,three_way,0.7,0.212,0.08800000000000001,2.1,0.6
53,2026-07-04T16:38:09+00:00,2026-07-04,R16,Morocco,Canada,three_way,0.41200000000000003,0.321,0.267,1.2,0.9
53,2026-07-04T16:38:09+00:00,2026-07-05,R16,Brazil,Norway,three_way,0.5,0.259,0.24100000000000002,1.8,1.2
53,2026-07-04T16:38:09+00:00,2026-07-05,R16,Mexico,England,three_way,0.35100000000000003,0.32899999999999996,0.32,1.1,1.0
53,2026-07-04T16:38:09+00:00,2026-07-06,R16,United States,Belgium,three_way,0.384,0.28,0.336,1.5,1.3
53,2026-07-04T16:38:09+00:00,2026-07-06,R16,Spain,Portugal,three_way,0.521,0.267,0.213,1.7,1.0
53,2026-07-04T16:38:09+00:00,2026-07-07,R16,Colombia,Switzerland,three_way,0.434,0.29600000000000004,0.27,1.4,1.1
53,2026-07-04T16:38:09+00:00,2026-07-07,R16,Argentina,Egypt,three_way,0.7979999999999999,0.159,0.043,2.6,0.4
54,2026-07-06T15:44:29+00:00,2026-07-06,R16,Spain,Portugal,three_way,0.521,0.267,0.213,1.7,1.0
54,2026-07-06T15:44:29+00:00,2026-07-06,R16,United States,Belgium,three_way,0.38299999999999995,0.28,0.336,1.5,1.3
54,2026-07-06T15:44:29+00:00,2026-07-07,R16,Argentina,Egypt,three_way,0.7979999999999999,0.159,0.043,2.6,0.4
54,2026-07-06T15:44:29+00:00,2026-07-07,R16,Colombia,Switzerland,three_way,0.435,0.29600000000000004,0.27,1.4,1.1
55,2026-07-07T17:17:45+00:00,2026-07-07,R16,Colombia,Switzerland,three_way,0.435,0.29600000000000004,0.27,1.4,1.1
55,2026-07-07T17:17:45+00:00,2026-07-07,R16,Argentina,Egypt,three_way,0.7979999999999999,0.159,0.043,2.6,0.4
55,2026-07-07T17:17:45+00:00,2026-07-09,QF,France,Morocco,three_way,0.6,0.265,0.135,1.7,0.7
55,2026-07-07T17:17:45+00:00,2026-07-10,QF,Spain,Belgium,three_way,0.622,0.228,0.15,2.1,0.9
55,2026-07-07T17:17:45+00:00,2026-07-11,QF,England,Norway,three_way,0.502,0.265,0.233,1.7,1.1
56,2026-07-08T03:57:12+00:00,2026-07-09,QF,France,Morocco,three_way,0.6,0.266,0.135,1.7,0.69999999
56,2026-07-08T03:57:12+00:00,2026-07-10,QF,Spain,Belgium,three_way,0.623,0.228,0.15,2.0999999,0.89999998
56,2026-07-08T03:57:12+00:00,2026-07-11,QF,England,Norway,three_way,0.502,0.265,0.233,1.7,1.1
56,2026-07-08T03:57:12+00:00,2026-07-12,QF,Argentina,Switzerland,three_way,0.616,0.24100000000000002,0.14300000000000002,2.0,0.80000001
57,2026-07-08T04:03:08+00:00,2026-07-09,QF,France,Morocco,three_way,0.6,0.266,0.135,1.7,0.69999999
57,2026-07-08T04:03:08+00:00,2026-07-10,QF,Spain,Belgium,three_way,0.623,0.228,0.15,2.0999999,0.89999998
57,2026-07-08T04:03:08+00:00,2026-07-11,QF,England,Norway,three_way,0.502,0.265,0.233,1.7,1.1
57,2026-07-08T04:03:08+00:00,2026-07-12,QF,Argentina,Switzerland,three_way,0.616,0.24100000000000002,0.14300000000000002,2.0,0.80000001
58,2026-07-08T04:39:11+00:00,2026-07-09,QF,France,Morocco,three_way,0.6,0.266,0.135,1.7,0.69999999
58,2026-07-08T04:39:11+00:00,2026-07-10,QF,Spain,Belgium,three_way,0.623,0.228,0.15,2.0999999,0.89999998
58,2026-07-08T04:39:11+00:00,2026-07-11,QF,England,Norway,three_way,0.502,0.265,0.233,1.7,1.1
58,2026-07-08T04:39:11+00:00,2026-07-12,QF,Argentina,Switzerland,three_way,0.616,0.24100000000000002,0.14300000000000002,2.0,0.80000001
59,2026-07-08T07:04:03+00:00,2026-07-09,QF,France,Morocco,three_way,0.6,0.266,0.135,1.7,0.69999999
59,2026-07-08T07:04:03+00:00,2026-07-10,QF,Spain,Belgium,three_way,0.623,0.228,0.15,2.0999999,0.89999998
59,2026-07-08T07:04:03+00:00,2026-07-11,QF,England,Norway,three_way,0.502,0.265,0.233,1.7,1.1
59,2026-07-08T07:04:03+00:00,2026-07-12,QF,Argentina,Switzerland,three_way,0.616,0.24100000000000002,0.14300000000000002,2.0,0.80000001
60,2026-07-08T10:04:24+00:00,2026-07-09,QF,France,Morocco,three_way,0.6,0.266,0.135,1.7,0.69999999
60,2026-07-08T10:04:24+00:00,2026-07-10,QF,Spain,Belgium,three_way,0.623,0.228,0.15,2.0999999,0.89999998
60,2026-07-08T10:04:24+00:00,2026-07-11,QF,England,Norway,three_way,0.502,0.265,0.233,1.7,1.1
60,2026-07-08T10:04:24+00:00,2026-07-12,QF,Argentina,Switzerland,three_way,0.616,0.24100000000000002,0.14300000000000002,2.0,0.80000001
61,2026-07-09T14:33:41+00:00,2026-07-10,QF,Spain,Belgium,three_way,0.623,0.228,0.149,2.0999999,0.89999998
61,2026-07-09T14:33:41+00:00,2026-07-11,QF,England,Norway,three_way,0.502,0.265,0.233,1.7,1.1
61,2026-07-09T14:33:41+00:00,2026-07-12,QF,Argentina,Switzerland,three_way,0.616,0.24100000000000002,0.14300000000000002,2.0,0.80000001
62,2026-07-10T13:24:24+00:00,2026-07-11,QF,England,Norway,three_way,0.502,0.265,0.233,1.7,1.1
62,2026-07-10T13:24:24+00:00,2026-07-12,QF,Argentina,Switzerland,three_way,0.616,0.24100000000000002,0.14300000000000002,2.0,0.80000001
63,2026-07-11T14:03:58+00:00,2026-07-11,QF,England,Norway,three_way,0.502,0.265,0.233,1.7,1.1
63,2026-07-11T14:03:58+00:00,2026-07-11,QF,Argentina,Switzerland,three_way,0.616,0.24100000000000002,0.14300000000000002,2.0,0.80000001
63,2026-07-11T14:03:58+00:00,2026-07-14,SF,Spain,France,three_way,0.355,0.28800000000000003,0.358,1.3,1.3
64,2026-07-12T14:04:06+00:00,2026-07-14,SF,Spain,France,three_way,0.355,0.28800000000000003,0.358,1.3,1.3
64,2026-07-12T14:04:06+00:00,2026-07-15,SF,Argentina,England,three_way,0.4,0.3,0.299,1.3,1.1
65,2026-07-13T14:04:03+00:00,2026-07-14,SF,Spain,France,three_way,0.355,0.28800000000000003,0.358,1.3,1.3
65,2026-07-13T14:04:03+00:00,2026-07-15,SF,Argentina,England,three_way,0.4,0.3,0.299,1.3,1.1
66,2026-07-14T14:03:57+00:00,2026-07-14,SF,Spain,France,three_way,0.355,0.28800000000000003,0.358,1.3,1.3
66,2026-07-14T14:03:57+00:00,2026-07-15,SF,Argentina,England,three_way,0.4,0.3,0.299,1.3,1.1
67,2026-07-14T21:16:45+00:00,2026-07-15,SF,Argentina,England,three_way,0.401,0.3,0.299,1.3,1.1
68,2026-07-15T14:04:00+00:00,2026-07-15,SF,Argentina,England,three_way,0.4,0.3,0.299,1.3,1.1
70,2026-07-16T14:04:01+00:00,2026-07-19,F,Spain,Argentina,three_way,0.364,0.293,0.34299999999999997,1.3,1.3
71,2026-07-16T22:26:17+00:00,2026-07-19,F,Spain,Argentina,three_way,0.369,0.294,0.337,1.3,1.3
72,2026-07-17T14:04:06+00:00,2026-07-19,F,Spain,Argentina,three_way,0.369,0.293,0.337,1.3,1.3
73,2026-07-18T14:03:53+00:00,2026-07-19,F,Spain,Argentina,three_way,0.369,0.293,0.337,1.3,1.3
74,2026-07-19T14:04:03+00:00,2026-07-19,F,Spain,Argentina,three_way,0.369,0.293,0.33799999999999997,1.3,1.3
