version,published_at,team,pele_base,roster_adj,performance_adj,current_pele
1,2026-05-13T14:30:30+00:00,Argentina,2070,-1,0,2069
1,2026-05-13T14:30:30+00:00,Spain,2069,-2,0,2067
1,2026-05-13T14:30:30+00:00,England,2018,7,0,2025
1,2026-05-13T14:30:30+00:00,Brazil,2015,5,0,2020
1,2026-05-13T14:30:30+00:00,France,2014,3,0,2018
1,2026-05-13T14:30:30+00:00,Portugal,1956,-1,0,1955
1,2026-05-13T14:30:30+00:00,Germany,1954,-1,0,1953
1,2026-05-13T14:30:30+00:00,Colombia,1950,2,0,1952
1,2026-05-13T14:30:30+00:00,Netherlands,1941,-2,0,1939
1,2026-05-13T14:30:30+00:00,Uruguay,1928,5,0,1933
1,2026-05-13T14:30:30+00:00,Norway,1927,3,0,1930
1,2026-05-13T14:30:30+00:00,Ecuador,1925,5,0,1930
1,2026-05-13T14:30:30+00:00,Senegal,1889,4,0,1893
1,2026-05-13T14:30:30+00:00,Japan,1888,-1,0,1886
1,2026-05-13T14:30:30+00:00,Turkey,1882,-1,0,1882
1,2026-05-13T14:30:30+00:00,Belgium,1879,-11,0,1869
1,2026-05-13T14:30:30+00:00,Croatia,1865,4,0,1868
1,2026-05-13T14:30:30+00:00,Switzerland,1873,-4,0,1868
1,2026-05-13T14:30:30+00:00,Paraguay,1857,-5,0,1852
1,2026-05-13T14:30:30+00:00,Mexico,1845,2,0,1847
1,2026-05-13T14:30:30+00:00,Morocco,1843,4,0,1846
1,2026-05-13T14:30:30+00:00,Austria,1821,-4,0,1817
1,2026-05-13T14:30:30+00:00,Scotland,1797,4,0,1801
1,2026-05-13T14:30:30+00:00,Canada,1793,3,0,1796
1,2026-05-13T14:30:30+00:00,Algeria,1786,5,0,1790
1,2026-05-13T14:30:30+00:00,United States,1779,2,0,1781
1,2026-05-13T14:30:30+00:00,Australia,1782,-2,0,1779
1,2026-05-13T14:30:30+00:00,Sweden,1782,-5,0,1777
1,2026-05-13T14:30:30+00:00,South Korea,1768,3,0,1771
1,2026-05-13T14:30:30+00:00,Ivory Coast,1772,-4,0,1768
1,2026-05-13T14:30:30+00:00,Egypt,1750,2,0,1753
1,2026-05-13T14:30:30+00:00,Czech Republic,1757,-5,0,1751
1,2026-05-13T14:30:30+00:00,Panama,1743,3,0,1745
1,2026-05-13T14:30:30+00:00,Iran,1728,3,0,1731
1,2026-05-13T14:30:30+00:00,DR Congo,1735,-6,0,1729
1,2026-05-13T14:30:30+00:00,Uzbekistan,1697,2,0,1700
1,2026-05-13T14:30:30+00:00,Tunisia,1692,-1,0,1691
1,2026-05-13T14:30:30+00:00,Bosnia and Herzegovina,1695,-6,0,1690
1,2026-05-13T14:30:30+00:00,Ghana,1676,5,0,1681
1,2026-05-13T14:30:30+00:00,South Africa,1664,-4,0,1660
1,2026-05-13T14:30:30+00:00,Jordan,1650,3,0,1653
1,2026-05-13T14:30:30+00:00,New Zealand,1650,1,0,1651
1,2026-05-13T14:30:30+00:00,Iraq,1639,3,0,1641
1,2026-05-13T14:30:30+00:00,Saudi Arabia,1637,2,0,1639
1,2026-05-13T14:30:30+00:00,Haiti,1628,-16,0,1612
1,2026-05-13T14:30:30+00:00,Cape Verde,1612,-3,0,1610
1,2026-05-13T14:30:30+00:00,Curaçao,1574,1,0,1575
1,2026-05-13T14:30:30+00:00,Qatar,1557,1,0,1558
2,2026-05-15T00:39:53+00:00,Argentina,2070,-1,,2069
2,2026-05-15T00:39:53+00:00,Spain,2069,-2,,2067
2,2026-05-15T00:39:53+00:00,England,2018,7,,2025
2,2026-05-15T00:39:53+00:00,Brazil,2015,5,,2020
2,2026-05-15T00:39:53+00:00,France,2014,3,,2018
2,2026-05-15T00:39:53+00:00,Mexico,1845,2,,1990
2,2026-05-15T00:39:53+00:00,Portugal,1956,-1,,1955
2,2026-05-15T00:39:53+00:00,Germany,1954,-1,,1953
2,2026-05-15T00:39:53+00:00,Colombia,1950,2,,1952
2,2026-05-15T00:39:53+00:00,Netherlands,1941,-2,,1939
2,2026-05-15T00:39:53+00:00,Uruguay,1928,5,,1933
2,2026-05-15T00:39:53+00:00,Ecuador,1925,5,,1930
2,2026-05-15T00:39:53+00:00,Norway,1927,3,,1930
2,2026-05-15T00:39:53+00:00,Senegal,1889,4,,1893
2,2026-05-15T00:39:53+00:00,Japan,1888,-1,,1886
2,2026-05-15T00:39:53+00:00,Turkey,1882,-1,,1882
2,2026-05-15T00:39:53+00:00,Canada,1793,3,,1881
2,2026-05-15T00:39:53+00:00,United States,1779,2,,1871
2,2026-05-15T00:39:53+00:00,Belgium,1879,-11,,1869
2,2026-05-15T00:39:53+00:00,Switzerland,1873,-4,,1868
2,2026-05-15T00:39:53+00:00,Croatia,1865,4,,1868
2,2026-05-15T00:39:53+00:00,Paraguay,1857,-5,,1852
2,2026-05-15T00:39:53+00:00,Morocco,1843,4,,1846
2,2026-05-15T00:39:53+00:00,Austria,1821,-4,,1817
2,2026-05-15T00:39:53+00:00,Scotland,1797,4,,1801
2,2026-05-15T00:39:53+00:00,Algeria,1786,5,,1790
2,2026-05-15T00:39:53+00:00,Australia,1782,-2,,1779
2,2026-05-15T00:39:53+00:00,Sweden,1782,-5,,1777
2,2026-05-15T00:39:53+00:00,South Korea,1768,3,,1771
2,2026-05-15T00:39:53+00:00,Ivory Coast,1772,-4,,1768
2,2026-05-15T00:39:53+00:00,Egypt,1750,2,,1753
2,2026-05-15T00:39:53+00:00,Czech Republic,1757,-5,,1751
2,2026-05-15T00:39:53+00:00,Panama,1743,3,,1745
2,2026-05-15T00:39:53+00:00,Iran,1728,3,,1731
2,2026-05-15T00:39:53+00:00,DR Congo,1735,-6,,1729
2,2026-05-15T00:39:53+00:00,Uzbekistan,1697,2,,1700
2,2026-05-15T00:39:53+00:00,Tunisia,1692,-1,,1691
2,2026-05-15T00:39:53+00:00,Bosnia and Herzegovina,1695,-6,,1690
2,2026-05-15T00:39:53+00:00,Ghana,1676,5,,1681
2,2026-05-15T00:39:53+00:00,South Africa,1664,-4,,1660
2,2026-05-15T00:39:53+00:00,Jordan,1650,3,,1653
2,2026-05-15T00:39:53+00:00,New Zealand,1650,1,,1651
2,2026-05-15T00:39:53+00:00,Iraq,1639,3,,1641
2,2026-05-15T00:39:53+00:00,Saudi Arabia,1637,2,,1639
2,2026-05-15T00:39:53+00:00,Haiti,1628,-16,,1612
2,2026-05-15T00:39:53+00:00,Cape Verde,1612,-3,,1610
2,2026-05-15T00:39:53+00:00,Curaçao,1574,1,,1575
2,2026-05-15T00:39:53+00:00,Qatar,1557,1,,1558
3,2026-05-15T01:43:24+00:00,Argentina,2070,-1,,2069
3,2026-05-15T01:43:24+00:00,Spain,2069,-2,,2067
3,2026-05-15T01:43:24+00:00,England,2018,7,,2025
3,2026-05-15T01:43:24+00:00,Brazil,2015,5,,2020
3,2026-05-15T01:43:24+00:00,France,2014,3,,2018
3,2026-05-15T01:43:24+00:00,Mexico,1845,2,,1990
3,2026-05-15T01:43:24+00:00,Portugal,1956,-1,,1955
3,2026-05-15T01:43:24+00:00,Germany,1954,-1,,1953
3,2026-05-15T01:43:24+00:00,Colombia,1950,2,,1952
3,2026-05-15T01:43:24+00:00,Netherlands,1941,-2,,1939
3,2026-05-15T01:43:24+00:00,Uruguay,1928,5,,1933
3,2026-05-15T01:43:24+00:00,Ecuador,1925,5,,1930
3,2026-05-15T01:43:24+00:00,Norway,1927,3,,1930
3,2026-05-15T01:43:24+00:00,Senegal,1889,4,,1893
3,2026-05-15T01:43:24+00:00,Japan,1888,-1,,1886
3,2026-05-15T01:43:24+00:00,Turkey,1882,-1,,1882
3,2026-05-15T01:43:24+00:00,Canada,1793,3,,1881
3,2026-05-15T01:43:24+00:00,United States,1779,2,,1871
3,2026-05-15T01:43:24+00:00,Belgium,1879,-11,,1869
3,2026-05-15T01:43:24+00:00,Switzerland,1873,-4,,1868
3,2026-05-15T01:43:24+00:00,Croatia,1865,4,,1868
3,2026-05-15T01:43:24+00:00,Paraguay,1857,-5,,1852
3,2026-05-15T01:43:24+00:00,Morocco,1843,4,,1846
3,2026-05-15T01:43:24+00:00,Austria,1821,-4,,1817
3,2026-05-15T01:43:24+00:00,Scotland,1797,4,,1801
3,2026-05-15T01:43:24+00:00,Algeria,1786,5,,1790
3,2026-05-15T01:43:24+00:00,Australia,1782,-2,,1779
3,2026-05-15T01:43:24+00:00,Sweden,1782,-5,,1777
3,2026-05-15T01:43:24+00:00,South Korea,1768,3,,1771
3,2026-05-15T01:43:24+00:00,Ivory Coast,1772,-4,,1768
3,2026-05-15T01:43:24+00:00,Egypt,1750,2,,1753
3,2026-05-15T01:43:24+00:00,Czech Republic,1757,-5,,1751
3,2026-05-15T01:43:24+00:00,Panama,1743,3,,1745
3,2026-05-15T01:43:24+00:00,Iran,1728,3,,1731
3,2026-05-15T01:43:24+00:00,DR Congo,1735,-6,,1729
3,2026-05-15T01:43:24+00:00,Uzbekistan,1697,2,,1700
3,2026-05-15T01:43:24+00:00,Tunisia,1692,-1,,1691
3,2026-05-15T01:43:24+00:00,Bosnia and Herzegovina,1695,-6,,1690
3,2026-05-15T01:43:24+00:00,Ghana,1676,5,,1681
3,2026-05-15T01:43:24+00:00,South Africa,1664,-4,,1660
3,2026-05-15T01:43:24+00:00,Jordan,1650,3,,1653
3,2026-05-15T01:43:24+00:00,New Zealand,1650,1,,1651
3,2026-05-15T01:43:24+00:00,Iraq,1639,3,,1641
3,2026-05-15T01:43:24+00:00,Saudi Arabia,1637,2,,1639
3,2026-05-15T01:43:24+00:00,Haiti,1628,-16,,1612
3,2026-05-15T01:43:24+00:00,Cape Verde,1612,-3,,1610
3,2026-05-15T01:43:24+00:00,Curaçao,1574,1,,1575
3,2026-05-15T01:43:24+00:00,Qatar,1557,1,,1558
4,2026-05-21T17:39:51+00:00,Spain,2084,-2,,2082
4,2026-05-21T17:39:51+00:00,Argentina,2067,-1,,2066
4,2026-05-21T17:39:51+00:00,England,2030,5,,2035
4,2026-05-21T17:39:51+00:00,France,2026,5,,2031
4,2026-05-21T17:39:51+00:00,Brazil,2001,5,,2006
4,2026-05-21T17:39:51+00:00,Mexico,1843,1,,1988
4,2026-05-21T17:39:51+00:00,Portugal,1969,-3,,1966
4,2026-05-21T17:39:51+00:00,Germany,1965,-1,,1964
4,2026-05-21T17:39:51+00:00,Netherlands,1952,-5,,1947
4,2026-05-21T17:39:51+00:00,Colombia,1945,1,,1946
4,2026-05-21T17:39:51+00:00,Norway,1933,2,,1935
4,2026-05-21T17:39:51+00:00,Uruguay,1922,5,,1927
4,2026-05-21T17:39:51+00:00,Ecuador,1919,5,,1924
4,2026-05-21T17:39:51+00:00,Senegal,1902,3,,1905
4,2026-05-21T17:39:51+00:00,Canada,1815,3,,1904
4,2026-05-21T17:39:51+00:00,United States,1804,2,,1894
4,2026-05-21T17:39:51+00:00,Turkey,1890,1,,1892
4,2026-05-21T17:39:51+00:00,Switzerland,1883,2,,1885
4,2026-05-21T17:39:51+00:00,Belgium,1890,-10,,1880
4,2026-05-21T17:39:51+00:00,Croatia,1876,3,,1879
4,2026-05-21T17:39:51+00:00,Japan,1873,-2,,1871
4,2026-05-21T17:39:51+00:00,Morocco,1856,4,,1860
4,2026-05-21T17:39:51+00:00,Paraguay,1850,-5,,1845
4,2026-05-21T17:39:51+00:00,Austria,1830,-4,,1826
4,2026-05-21T17:39:51+00:00,Scotland,1806,4,,1809
4,2026-05-21T17:39:51+00:00,Algeria,1797,5,,1803
4,2026-05-21T17:39:51+00:00,Sweden,1788,-5,,1784
4,2026-05-21T17:39:51+00:00,Ivory Coast,1779,-4,,1775
4,2026-05-21T17:39:51+00:00,Egypt,1763,2,,1765
4,2026-05-21T17:39:51+00:00,Australia,1766,-2,,1764
4,2026-05-21T17:39:51+00:00,Czech Republic,1765,-6,,1758
4,2026-05-21T17:39:51+00:00,South Korea,1754,3,,1756
4,2026-05-21T17:39:51+00:00,Panama,1739,3,,1742
4,2026-05-21T17:39:51+00:00,DR Congo,1744,-8,,1736
4,2026-05-21T17:39:51+00:00,Iran,1720,3,,1723
4,2026-05-21T17:39:51+00:00,Uzbekistan,1709,3,,1712
4,2026-05-21T17:39:51+00:00,Tunisia,1705,-1,,1704
4,2026-05-21T17:39:51+00:00,Bosnia and Herzegovina,1697,-6,,1692
4,2026-05-21T17:39:51+00:00,Ghana,1680,5,,1685
4,2026-05-21T17:39:51+00:00,South Africa,1677,-3,,1675
4,2026-05-21T17:39:51+00:00,Jordan,1658,2,,1660
4,2026-05-21T17:39:51+00:00,Iraq,1646,2,,1649
4,2026-05-21T17:39:51+00:00,New Zealand,1630,2,,1632
4,2026-05-21T17:39:51+00:00,Saudi Arabia,1628,2,,1630
4,2026-05-21T17:39:51+00:00,Cape Verde,1619,-3,,1616
4,2026-05-21T17:39:51+00:00,Haiti,1631,-16,,1616
4,2026-05-21T17:39:51+00:00,Curaçao,1573,1,,1574
4,2026-05-21T17:39:51+00:00,Qatar,1542,2,,1543
5,2026-05-29T13:15:25+00:00,Argentina,2067,-2,14,2079
5,2026-05-29T13:15:25+00:00,Spain,2089,-1,-19,2069
5,2026-05-29T13:15:25+00:00,England,2032,6,-25,2012
5,2026-05-29T13:15:25+00:00,France,2028,3,-27,2004
5,2026-05-29T13:15:25+00:00,Portugal,1972,-2,34,2004
5,2026-05-29T13:15:25+00:00,Brazil,2001,5,-5,2001
5,2026-05-29T13:15:25+00:00,Germany,1970,-2,5,1973
5,2026-05-29T13:15:25+00:00,Ecuador,1923,5,39,1967
5,2026-05-29T13:15:25+00:00,Colombia,1947,1,14,1962
5,2026-05-29T13:15:25+00:00,Norway,1939,2,10,1951
5,2026-05-29T13:15:25+00:00,Senegal,1894,2,37,1933
5,2026-05-29T13:15:25+00:00,Uruguay,1923,5,-22,1906
5,2026-05-29T13:15:25+00:00,Turkey,1897,-1,4,1900
5,2026-05-29T13:15:25+00:00,Japan,1875,-2,27,1900
5,2026-05-29T13:15:25+00:00,Croatia,1879,3,14,1896
5,2026-05-29T13:15:25+00:00,Netherlands,1956,-2,-65,1889
5,2026-05-29T13:15:25+00:00,Switzerland,1887,2,0,1889
5,2026-05-29T13:15:25+00:00,Morocco,1857,4,25,1885
5,2026-05-29T13:15:25+00:00,Belgium,1893,-8,-27,1859
5,2026-05-29T13:15:25+00:00,Scotland,1806,4,16,1826
5,2026-05-29T13:15:25+00:00,Austria,1835,-4,-5,1826
5,2026-05-29T13:15:25+00:00,United States,1807,2,16,1824
5,2026-05-29T13:15:25+00:00,Paraguay,1852,-4,-31,1817
5,2026-05-29T13:15:25+00:00,Canada,1815,3,-16,1801
5,2026-05-29T13:15:25+00:00,Sweden,1793,-6,7,1794
5,2026-05-29T13:15:25+00:00,Egypt,1764,2,21,1787
5,2026-05-29T13:15:25+00:00,Mexico,1849,1,-64,1786
5,2026-05-29T13:15:25+00:00,South Korea,1758,3,21,1781
5,2026-05-29T13:15:25+00:00,Algeria,1794,5,-19,1779
5,2026-05-29T13:15:25+00:00,Australia,1768,-3,11,1777
5,2026-05-29T13:15:25+00:00,Czech Republic,1770,-5,9,1774
5,2026-05-29T13:15:25+00:00,Ivory Coast,1772,-4,-2,1766
5,2026-05-29T13:15:25+00:00,Panama,1742,3,3,1748
5,2026-05-29T13:15:25+00:00,Iran,1723,2,22,1747
5,2026-05-29T13:15:25+00:00,Bosnia and Herzegovina,1703,-6,48,1746
5,2026-05-29T13:15:25+00:00,Tunisia,1701,-1,32,1732
5,2026-05-29T13:15:25+00:00,South Africa,1674,-3,35,1706
5,2026-05-29T13:15:25+00:00,Uzbekistan,1712,3,-16,1699
5,2026-05-29T13:15:25+00:00,DR Congo,1736,-7,-31,1698
5,2026-05-29T13:15:25+00:00,Ghana,1672,5,8,1685
5,2026-05-29T13:15:25+00:00,Jordan,1659,3,11,1673
5,2026-05-29T13:15:25+00:00,Cape Verde,1613,-3,51,1661
5,2026-05-29T13:15:25+00:00,Iraq,1649,2,-21,1630
5,2026-05-29T13:15:25+00:00,Saudi Arabia,1631,2,-11,1622
5,2026-05-29T13:15:25+00:00,New Zealand,1634,2,-17,1619
5,2026-05-29T13:15:25+00:00,Haiti,1630,-15,-36,1579
5,2026-05-29T13:15:25+00:00,Curaçao,1571,1,-42,1530
5,2026-05-29T13:15:25+00:00,Qatar,1546,1,-31,1516
6,2026-05-31T18:51:40+00:00,Spain,2089,-23,,2066
6,2026-05-31T18:51:40+00:00,Argentina,2067,-6,,2061
6,2026-05-31T18:51:40+00:00,England,2032,+6,,2038
6,2026-05-31T18:51:40+00:00,France,2028,+5,,2033
6,2026-05-31T18:51:40+00:00,Brazil,2001,+2,,2003
6,2026-05-31T18:51:40+00:00,Portugal,1972,-1,,1971
6,2026-05-31T18:51:40+00:00,Germany,1970,0,,1970
6,2026-05-31T18:51:40+00:00,Colombia,1947,+2,,1949
6,2026-05-31T18:51:40+00:00,Norway,1938,+3,,1941
6,2026-05-31T18:51:40+00:00,Netherlands,1956,-20,,1936
6,2026-05-31T18:51:40+00:00,Ecuador,1923,+5,,1928
6,2026-05-31T18:51:40+00:00,Uruguay,1923,+4,,1927
6,2026-05-31T18:51:40+00:00,Senegal,1894,+3,,1897
6,2026-05-31T18:51:40+00:00,Turkey,1897,0,,1896
6,2026-05-31T18:51:40+00:00,Belgium,1893,-8,,1885
6,2026-05-31T18:51:40+00:00,Croatia,1879,+4,,1883
6,2026-05-31T18:51:40+00:00,Switzerland,1891,-9,,1882
6,2026-05-31T18:51:40+00:00,Japan,1875,-8,,1867
6,2026-05-31T18:51:40+00:00,Morocco,1857,+4,,1861
6,2026-05-31T18:51:40+00:00,Mexico,1852,-1,,1850
6,2026-05-31T18:51:40+00:00,Paraguay,1852,-4,,1848
6,2026-05-31T18:51:40+00:00,Austria,1835,-4,,1831
6,2026-05-31T18:51:40+00:00,Scotland,1810,+4,,1814
6,2026-05-31T18:51:40+00:00,United States,1807,+2,,1809
6,2026-05-31T18:51:40+00:00,Canada,1815,-15,,1800
6,2026-05-31T18:51:40+00:00,Algeria,1794,+5,,1799
6,2026-05-31T18:51:40+00:00,Sweden,1793,-4,,1789
6,2026-05-31T18:51:40+00:00,Czech Republic,1773,-4,,1768
6,2026-05-31T18:51:40+00:00,Ivory Coast,1772,-3,,1768
6,2026-05-31T18:51:40+00:00,South Korea,1764,+3,,1767
6,2026-05-31T18:51:40+00:00,Egypt,1764,+2,,1766
6,2026-05-31T18:51:40+00:00,Australia,1765,-2,,1764
6,2026-05-31T18:51:40+00:00,Panama,1742,+3,,1745
6,2026-05-31T18:51:40+00:00,DR Congo,1736,-7,,1730
6,2026-05-31T18:51:40+00:00,Iran,1728,+3,,1730
6,2026-05-31T18:51:40+00:00,Uzbekistan,1712,+3,,1715
6,2026-05-31T18:51:40+00:00,Tunisia,1701,-1,,1700
6,2026-05-31T18:51:40+00:00,Bosnia and Herzegovina,1702,-6,,1696
6,2026-05-31T18:51:40+00:00,South Africa,1671,-3,,1668
6,2026-05-31T18:51:40+00:00,Ghana,1673,-11,,1661
6,2026-05-31T18:51:40+00:00,Jordan,1656,+3,,1658
6,2026-05-31T18:51:40+00:00,Iraq,1649,+3,,1652
6,2026-05-31T18:51:40+00:00,New Zealand,1634,+2,,1636
6,2026-05-31T18:51:40+00:00,Saudi Arabia,1631,+2,,1633
6,2026-05-31T18:51:40+00:00,Cape Verde,1624,-2,,1622
6,2026-05-31T18:51:40+00:00,Haiti,1630,-15,,1615
6,2026-05-31T18:51:40+00:00,Curaçao,1567,+1,,1569
6,2026-05-31T18:51:40+00:00,Qatar,1546,+1,,1547
7,2026-06-02T15:37:20+00:00,Spain,2091,-14,,2077
7,2026-06-02T15:37:20+00:00,Argentina,2068,-10,,2059
7,2026-06-02T15:37:20+00:00,France,2028,+6,,2034
7,2026-06-02T15:37:20+00:00,England,2033,-5,,2028
7,2026-06-02T15:37:20+00:00,Brazil,2004,-16,,1989
7,2026-06-02T15:37:20+00:00,Germany,1973,+1,,1974
7,2026-06-02T15:37:20+00:00,Portugal,1973,-1,,1972
7,2026-06-02T15:37:20+00:00,Norway,1944,+9,,1953
7,2026-06-02T15:37:20+00:00,Colombia,1949,-1,,1948
7,2026-06-02T15:37:20+00:00,Netherlands,1957,-18,,1939
7,2026-06-02T15:37:20+00:00,Ecuador,1924,+8,,1932
7,2026-06-02T15:37:20+00:00,Uruguay,1924,+5,,1929
7,2026-06-02T15:37:20+00:00,Turkey,1904,+5,,1908
7,2026-06-02T15:37:20+00:00,Senegal,1890,+8,,1898
7,2026-06-02T15:37:20+00:00,Croatia,1880,+5,,1885
7,2026-06-02T15:37:20+00:00,Switzerland,1893,-9,,1884
7,2026-06-02T15:37:20+00:00,Belgium,1894,-11,,1883
7,2026-06-02T15:37:20+00:00,Japan,1875,-3,,1872
7,2026-06-02T15:37:20+00:00,Morocco,1852,+12,,1864
7,2026-06-02T15:37:20+00:00,Mexico,1854,+1,,1855
7,2026-06-02T15:37:20+00:00,Paraguay,1853,+1,,1854
7,2026-06-02T15:37:20+00:00,Austria,1837,-5,,1832
7,2026-06-02T15:37:20+00:00,United States,1811,-1,,1810
7,2026-06-02T15:37:20+00:00,Canada,1817,-10,,1807
7,2026-06-02T15:37:20+00:00,Scotland,1811,-8,,1802
7,2026-06-02T15:37:20+00:00,Algeria,1791,+3,,1794
7,2026-06-02T15:37:20+00:00,Sweden,1791,-9,,1783
7,2026-06-02T15:37:20+00:00,Ivory Coast,1771,+6,,1778
7,2026-06-02T15:37:20+00:00,Australia,1766,+8,,1773
7,2026-06-02T15:37:20+00:00,South Korea,1764,+6,,1770
7,2026-06-02T15:37:20+00:00,Egypt,1764,+6,,1770
7,2026-06-02T15:37:20+00:00,Czech Republic,1775,-10,,1765
7,2026-06-02T15:37:20+00:00,Panama,1739,0,,1739
7,2026-06-02T15:37:20+00:00,DR Congo,1736,-4,,1731
7,2026-06-02T15:37:20+00:00,Iran,1728,-6,,1722
7,2026-06-02T15:37:20+00:00,Uzbekistan,1709,+5,,1714
7,2026-06-02T15:37:20+00:00,Bosnia and Herzegovina,1703,+2,,1705
7,2026-06-02T15:37:20+00:00,Tunisia,1698,-3,,1695
7,2026-06-02T15:37:20+00:00,South Africa,1668,-1,,1667
7,2026-06-02T15:37:20+00:00,Jordan,1658,+3,,1661
7,2026-06-02T15:37:20+00:00,Ghana,1671,-11,,1660
7,2026-06-02T15:37:20+00:00,Iraq,1648,+4,,1653
7,2026-06-02T15:37:20+00:00,New Zealand,1635,+5,,1639
7,2026-06-02T15:37:20+00:00,Haiti,1629,+8,,1637
7,2026-06-02T15:37:20+00:00,Saudi Arabia,1631,+2,,1633
7,2026-06-02T15:37:20+00:00,Cape Verde,1623,-3,,1620
7,2026-06-02T15:37:20+00:00,Curaçao,1567,+4,,1570
7,2026-06-02T15:37:20+00:00,Qatar,1548,+2,,1550
8,2026-06-02T18:42:15+00:00,Spain,2091,-14,,2077
8,2026-06-02T18:42:15+00:00,Argentina,2068,-10,,2059
8,2026-06-02T18:42:15+00:00,France,2028,+6,,2034
8,2026-06-02T18:42:15+00:00,England,2033,-5,,2028
8,2026-06-02T18:42:15+00:00,Brazil,2004,-16,,1989
8,2026-06-02T18:42:15+00:00,Germany,1973,+1,,1974
8,2026-06-02T18:42:15+00:00,Portugal,1973,-1,,1972
8,2026-06-02T18:42:15+00:00,Norway,1944,+9,,1953
8,2026-06-02T18:42:15+00:00,Colombia,1949,-1,,1948
8,2026-06-02T18:42:15+00:00,Netherlands,1957,-18,,1939
8,2026-06-02T18:42:15+00:00,Ecuador,1924,+8,,1932
8,2026-06-02T18:42:15+00:00,Uruguay,1924,+5,,1929
8,2026-06-02T18:42:15+00:00,Turkey,1904,+5,,1908
8,2026-06-02T18:42:15+00:00,Senegal,1890,+8,,1898
8,2026-06-02T18:42:15+00:00,Croatia,1880,+5,,1885
8,2026-06-02T18:42:15+00:00,Switzerland,1893,-9,,1884
8,2026-06-02T18:42:15+00:00,Belgium,1894,-11,,1883
8,2026-06-02T18:42:15+00:00,Japan,1875,-3,,1872
8,2026-06-02T18:42:15+00:00,Morocco,1852,+12,,1864
8,2026-06-02T18:42:15+00:00,Mexico,1854,+1,,1855
8,2026-06-02T18:42:15+00:00,Paraguay,1853,+1,,1854
8,2026-06-02T18:42:15+00:00,Austria,1837,-5,,1832
8,2026-06-02T18:42:15+00:00,United States,1811,-1,,1810
8,2026-06-02T18:42:15+00:00,Canada,1817,-10,,1807
8,2026-06-02T18:42:15+00:00,Scotland,1811,-8,,1802
8,2026-06-02T18:42:15+00:00,Algeria,1791,+3,,1794
8,2026-06-02T18:42:15+00:00,Sweden,1791,-9,,1783
8,2026-06-02T18:42:15+00:00,Ivory Coast,1771,+6,,1778
8,2026-06-02T18:42:15+00:00,Australia,1766,+8,,1773
8,2026-06-02T18:42:15+00:00,South Korea,1764,+6,,1770
8,2026-06-02T18:42:15+00:00,Egypt,1764,+6,,1770
8,2026-06-02T18:42:15+00:00,Czech Republic,1775,-10,,1765
8,2026-06-02T18:42:15+00:00,Panama,1739,0,,1739
8,2026-06-02T18:42:15+00:00,DR Congo,1736,-4,,1731
8,2026-06-02T18:42:15+00:00,Iran,1728,-6,,1722
8,2026-06-02T18:42:15+00:00,Uzbekistan,1709,+5,,1714
8,2026-06-02T18:42:15+00:00,Bosnia and Herzegovina,1703,+2,,1705
8,2026-06-02T18:42:15+00:00,Tunisia,1698,-3,,1695
8,2026-06-02T18:42:15+00:00,South Africa,1668,-1,,1667
8,2026-06-02T18:42:15+00:00,Jordan,1658,+3,,1661
8,2026-06-02T18:42:15+00:00,Ghana,1671,-11,,1660
8,2026-06-02T18:42:15+00:00,Iraq,1648,+4,,1653
8,2026-06-02T18:42:15+00:00,New Zealand,1635,+5,,1639
8,2026-06-02T18:42:15+00:00,Haiti,1629,+8,,1637
8,2026-06-02T18:42:15+00:00,Saudi Arabia,1631,+2,,1633
8,2026-06-02T18:42:15+00:00,Cape Verde,1623,-3,,1620
8,2026-06-02T18:42:15+00:00,Curaçao,1567,+4,,1570
8,2026-06-02T18:42:15+00:00,Qatar,1548,+2,,1550
9,2026-06-03T09:42:18+00:00,Spain,2091,-14,,2077
9,2026-06-03T09:42:18+00:00,Argentina,2068,-3,,2065
9,2026-06-03T09:42:18+00:00,England,2033,-6,,2027
9,2026-06-03T09:42:18+00:00,France,2028,-3,,2026
9,2026-06-03T09:42:18+00:00,Brazil,2005,-16,,1989
9,2026-06-03T09:42:18+00:00,Germany,1973,+1,,1975
9,2026-06-03T09:42:18+00:00,Portugal,1973,-1,,1972
9,2026-06-03T09:42:18+00:00,Norway,1944,+10,,1953
9,2026-06-03T09:42:18+00:00,Colombia,1949,-1,,1949
9,2026-06-03T09:42:18+00:00,Netherlands,1957,-18,,1939
9,2026-06-03T09:42:18+00:00,Ecuador,1924,+8,,1932
9,2026-06-03T09:42:18+00:00,Uruguay,1924,+7,,1931
9,2026-06-03T09:42:18+00:00,Turkey,1904,+5,,1909
9,2026-06-03T09:42:18+00:00,Senegal,1890,+7,,1897
9,2026-06-03T09:42:18+00:00,Belgium,1901,-9,,1892
9,2026-06-03T09:42:18+00:00,Switzerland,1893,-4,,1889
9,2026-06-03T09:42:18+00:00,Croatia,1872,+5,,1877
9,2026-06-03T09:42:18+00:00,Japan,1875,-3,,1872
9,2026-06-03T09:42:18+00:00,Morocco,1855,+11,,1866
9,2026-06-03T09:42:18+00:00,Paraguay,1853,+2,,1855
9,2026-06-03T09:42:18+00:00,Mexico,1854,-1,,1853
9,2026-06-03T09:42:18+00:00,Austria,1837,-5,,1832
9,2026-06-03T09:42:18+00:00,United States,1811,-1,,1810
9,2026-06-03T09:42:18+00:00,Canada,1817,-10,,1806
9,2026-06-03T09:42:18+00:00,Scotland,1811,-8,,1802
9,2026-06-03T09:42:18+00:00,Algeria,1791,+3,,1794
9,2026-06-03T09:42:18+00:00,Sweden,1791,-10,,1781
9,2026-06-03T09:42:18+00:00,Ivory Coast,1771,+6,,1777
9,2026-06-03T09:42:18+00:00,Australia,1766,+6,,1772
9,2026-06-03T09:42:18+00:00,South Korea,1764,+6,,1770
9,2026-06-03T09:42:18+00:00,Egypt,1764,+6,,1770
9,2026-06-03T09:42:18+00:00,Czech Republic,1775,-5,,1769
9,2026-06-03T09:42:18+00:00,Panama,1739,0,,1739
9,2026-06-03T09:42:18+00:00,DR Congo,1736,-6,,1729
9,2026-06-03T09:42:18+00:00,Iran,1728,-6,,1722
9,2026-06-03T09:42:18+00:00,Uzbekistan,1709,+5,,1714
9,2026-06-03T09:42:18+00:00,Bosnia and Herzegovina,1703,+2,,1706
9,2026-06-03T09:42:18+00:00,Tunisia,1698,-3,,1695
9,2026-06-03T09:42:18+00:00,South Africa,1668,-1,,1667
9,2026-06-03T09:42:18+00:00,Ghana,1674,-12,,1662
9,2026-06-03T09:42:18+00:00,Jordan,1658,+3,,1661
9,2026-06-03T09:42:18+00:00,Iraq,1648,+4,,1653
9,2026-06-03T09:42:18+00:00,New Zealand,1635,+4,,1639
9,2026-06-03T09:42:18+00:00,Haiti,1629,+8,,1637
9,2026-06-03T09:42:18+00:00,Saudi Arabia,1631,+1,,1632
9,2026-06-03T09:42:18+00:00,Cape Verde,1623,-2,,1621
9,2026-06-03T09:42:18+00:00,Curaçao,1567,+4,,1570
9,2026-06-03T09:42:18+00:00,Qatar,1548,+2,,1550
10,2026-06-03T13:58:20+00:00,Spain,2091,-14,,2077
10,2026-06-03T13:58:20+00:00,Argentina,2068,-3,,2065
10,2026-06-03T13:58:20+00:00,England,2033,-6,,2027
10,2026-06-03T13:58:20+00:00,France,2028,-3,,2026
10,2026-06-03T13:58:20+00:00,Brazil,2005,-16,,1989
10,2026-06-03T13:58:20+00:00,Germany,1973,+1,,1975
10,2026-06-03T13:58:20+00:00,Portugal,1973,-1,,1972
10,2026-06-03T13:58:20+00:00,Norway,1944,+10,,1953
10,2026-06-03T13:58:20+00:00,Colombia,1949,-1,,1949
10,2026-06-03T13:58:20+00:00,Netherlands,1957,-18,,1939
10,2026-06-03T13:58:20+00:00,Ecuador,1924,+8,,1932
10,2026-06-03T13:58:20+00:00,Uruguay,1924,+7,,1931
10,2026-06-03T13:58:20+00:00,Turkey,1904,+5,,1909
10,2026-06-03T13:58:20+00:00,Senegal,1890,+7,,1897
10,2026-06-03T13:58:20+00:00,Belgium,1901,-9,,1892
10,2026-06-03T13:58:20+00:00,Switzerland,1893,-4,,1889
10,2026-06-03T13:58:20+00:00,Croatia,1872,+5,,1877
10,2026-06-03T13:58:20+00:00,Japan,1875,-3,,1872
10,2026-06-03T13:58:20+00:00,Morocco,1855,+11,,1866
10,2026-06-03T13:58:20+00:00,Paraguay,1853,+2,,1855
10,2026-06-03T13:58:20+00:00,Mexico,1854,-1,,1853
10,2026-06-03T13:58:20+00:00,Austria,1837,-5,,1832
10,2026-06-03T13:58:20+00:00,United States,1811,-1,,1810
10,2026-06-03T13:58:20+00:00,Canada,1817,-10,,1806
10,2026-06-03T13:58:20+00:00,Scotland,1811,-8,,1802
10,2026-06-03T13:58:20+00:00,Algeria,1791,+3,,1794
10,2026-06-03T13:58:20+00:00,Sweden,1791,-10,,1781
10,2026-06-03T13:58:20+00:00,Ivory Coast,1771,+6,,1777
10,2026-06-03T13:58:20+00:00,Australia,1766,+6,,1772
10,2026-06-03T13:58:20+00:00,South Korea,1764,+6,,1770
10,2026-06-03T13:58:20+00:00,Egypt,1764,+6,,1770
10,2026-06-03T13:58:20+00:00,Czech Republic,1775,-5,,1769
10,2026-06-03T13:58:20+00:00,Panama,1739,0,,1739
10,2026-06-03T13:58:20+00:00,DR Congo,1736,-6,,1729
10,2026-06-03T13:58:20+00:00,Iran,1728,-6,,1722
10,2026-06-03T13:58:20+00:00,Uzbekistan,1709,+5,,1714
10,2026-06-03T13:58:20+00:00,Bosnia and Herzegovina,1703,+2,,1706
10,2026-06-03T13:58:20+00:00,Tunisia,1698,-3,,1695
10,2026-06-03T13:58:20+00:00,South Africa,1668,-1,,1667
10,2026-06-03T13:58:20+00:00,Ghana,1674,-12,,1662
10,2026-06-03T13:58:20+00:00,Jordan,1658,+3,,1661
10,2026-06-03T13:58:20+00:00,Iraq,1648,+4,,1653
10,2026-06-03T13:58:20+00:00,New Zealand,1635,+4,,1639
10,2026-06-03T13:58:20+00:00,Haiti,1629,+8,,1637
10,2026-06-03T13:58:20+00:00,Saudi Arabia,1631,+1,,1632
10,2026-06-03T13:58:20+00:00,Cape Verde,1623,-2,,1621
10,2026-06-03T13:58:20+00:00,Curaçao,1567,+4,,1570
10,2026-06-03T13:58:20+00:00,Qatar,1548,+2,,1550
11,2026-06-04T18:54:27+00:00,Spain,2091,-14,,2077
11,2026-06-04T18:54:27+00:00,Argentina,2068,-5,,2063
11,2026-06-04T18:54:27+00:00,France,2028,+4,,2032
11,2026-06-04T18:54:27+00:00,England,2033,-6,,2026
11,2026-06-04T18:54:27+00:00,Brazil,2005,-16,,1988
11,2026-06-04T18:54:27+00:00,Portugal,1973,+4,,1976
11,2026-06-04T18:54:27+00:00,Germany,1973,+2,,1975
11,2026-06-04T18:54:27+00:00,Norway,1944,+9,,1953
11,2026-06-04T18:54:27+00:00,Colombia,1949,-1,,1948
11,2026-06-04T18:54:27+00:00,Netherlands,1948,-14,,1935
11,2026-06-04T18:54:27+00:00,Ecuador,1924,+8,,1932
11,2026-06-04T18:54:27+00:00,Uruguay,1924,+7,,1931
11,2026-06-04T18:54:27+00:00,Turkey,1904,+2,,1906
11,2026-06-04T18:54:27+00:00,Senegal,1890,+7,,1898
11,2026-06-04T18:54:27+00:00,Belgium,1901,-9,,1892
11,2026-06-04T18:54:27+00:00,Switzerland,1893,-4,,1889
11,2026-06-04T18:54:27+00:00,Croatia,1872,+5,,1877
11,2026-06-04T18:54:27+00:00,Japan,1875,-3,,1872
11,2026-06-04T18:54:27+00:00,Morocco,1855,+11,,1866
11,2026-06-04T18:54:27+00:00,Mexico,1854,0,,1855
11,2026-06-04T18:54:27+00:00,Paraguay,1853,+1,,1854
11,2026-06-04T18:54:27+00:00,Austria,1837,-5,,1832
11,2026-06-04T18:54:27+00:00,United States,1811,-1,,1810
11,2026-06-04T18:54:27+00:00,Canada,1817,-10,,1807
11,2026-06-04T18:54:27+00:00,Scotland,1810,-8,,1802
11,2026-06-04T18:54:27+00:00,Algeria,1800,+3,,1802
11,2026-06-04T18:54:27+00:00,Sweden,1791,-10,,1781
11,2026-06-04T18:54:27+00:00,Ivory Coast,1771,+5,,1777
11,2026-06-04T18:54:27+00:00,Australia,1766,+7,,1773
11,2026-06-04T18:54:27+00:00,Egypt,1764,+6,,1770
11,2026-06-04T18:54:27+00:00,South Korea,1764,+6,,1769
11,2026-06-04T18:54:27+00:00,Czech Republic,1775,-10,,1765
11,2026-06-04T18:54:27+00:00,Panama,1741,0,,1741
11,2026-06-04T18:54:27+00:00,DR Congo,1739,-4,,1734
11,2026-06-04T18:54:27+00:00,Iran,1728,-6,,1722
11,2026-06-04T18:54:27+00:00,Uzbekistan,1709,+5,,1714
11,2026-06-04T18:54:27+00:00,Bosnia and Herzegovina,1703,+2,,1705
11,2026-06-04T18:54:27+00:00,Tunisia,1698,-3,,1695
11,2026-06-04T18:54:27+00:00,South Africa,1668,-2,,1667
11,2026-06-04T18:54:27+00:00,Ghana,1674,-12,,1662
11,2026-06-04T18:54:27+00:00,Jordan,1658,+3,,1661
11,2026-06-04T18:54:27+00:00,Iraq,1648,+4,,1652
11,2026-06-04T18:54:27+00:00,New Zealand,1635,+5,,1639
11,2026-06-04T18:54:27+00:00,Haiti,1629,+7,,1636
11,2026-06-04T18:54:27+00:00,Saudi Arabia,1631,+2,,1633
11,2026-06-04T18:54:27+00:00,Cape Verde,1623,-3,,1620
11,2026-06-04T18:54:27+00:00,Curaçao,1567,+4,,1570
11,2026-06-04T18:54:27+00:00,Qatar,1548,+2,,1550
12,2026-06-05T16:38:17+00:00,Spain,2084,-15,,2069
12,2026-06-05T16:38:17+00:00,Argentina,2068,-3,,2065
12,2026-06-05T16:38:17+00:00,England,2033,-5,,2027
12,2026-06-05T16:38:17+00:00,France,2019,+6,,2025
12,2026-06-05T16:38:17+00:00,Brazil,2005,-16,,1989
12,2026-06-05T16:38:17+00:00,Germany,1973,+1,,1975
12,2026-06-05T16:38:17+00:00,Portugal,1973,+1,,1974
12,2026-06-05T16:38:17+00:00,Norway,1943,+10,,1953
12,2026-06-05T16:38:17+00:00,Colombia,1949,-1,,1948
12,2026-06-05T16:38:17+00:00,Ecuador,1924,+8,,1933
12,2026-06-05T16:38:17+00:00,Uruguay,1924,+7,,1931
12,2026-06-05T16:38:17+00:00,Netherlands,1948,-19,,1930
12,2026-06-05T16:38:17+00:00,Turkey,1904,+3,,1907
12,2026-06-05T16:38:17+00:00,Senegal,1890,+7,,1897
12,2026-06-05T16:38:17+00:00,Switzerland,1893,+1,,1894
12,2026-06-05T16:38:17+00:00,Belgium,1901,-10,,1892
12,2026-06-05T16:38:17+00:00,Croatia,1872,+5,,1877
12,2026-06-05T16:38:17+00:00,Japan,1875,-8,,1867
12,2026-06-05T16:38:17+00:00,Morocco,1855,+12,,1867
12,2026-06-05T16:38:17+00:00,Mexico,1860,+1,,1861
12,2026-06-05T16:38:17+00:00,Paraguay,1853,+1,,1854
12,2026-06-05T16:38:17+00:00,Austria,1837,-5,,1832
12,2026-06-05T16:38:17+00:00,United States,1811,-1,,1810
12,2026-06-05T16:38:17+00:00,Canada,1817,-10,,1807
12,2026-06-05T16:38:17+00:00,Algeria,1800,+3,,1803
12,2026-06-05T16:38:17+00:00,Scotland,1810,-8,,1802
12,2026-06-05T16:38:17+00:00,Ivory Coast,1781,+6,,1787
12,2026-06-05T16:38:17+00:00,Sweden,1791,-11,,1780
12,2026-06-05T16:38:17+00:00,Australia,1766,+7,,1773
12,2026-06-05T16:38:17+00:00,South Korea,1764,+6,,1770
12,2026-06-05T16:38:17+00:00,Egypt,1764,+6,,1770
12,2026-06-05T16:38:17+00:00,Czech Republic,1779,-10,,1769
12,2026-06-05T16:38:17+00:00,Panama,1741,+1,,1742
12,2026-06-05T16:38:17+00:00,DR Congo,1739,-6,,1732
12,2026-06-05T16:38:17+00:00,Iran,1734,-6,,1728
12,2026-06-05T16:38:17+00:00,Uzbekistan,1709,+6,,1715
12,2026-06-05T16:38:17+00:00,Bosnia and Herzegovina,1703,+1,,1704
12,2026-06-05T16:38:17+00:00,Tunisia,1698,-3,,1695
12,2026-06-05T16:38:17+00:00,South Africa,1668,-2,,1666
12,2026-06-05T16:38:17+00:00,Ghana,1674,-12,,1662
12,2026-06-05T16:38:17+00:00,Jordan,1658,+3,,1661
12,2026-06-05T16:38:17+00:00,Iraq,1656,+4,,1660
12,2026-06-05T16:38:17+00:00,New Zealand,1635,+5,,1640
12,2026-06-05T16:38:17+00:00,Haiti,1629,+7,,1637
12,2026-06-05T16:38:17+00:00,Saudi Arabia,1631,+2,,1633
12,2026-06-05T16:38:17+00:00,Cape Verde,1623,-3,,1620
12,2026-06-05T16:38:17+00:00,Curaçao,1567,+4,,1570
12,2026-06-05T16:38:17+00:00,Qatar,1548,+2,,1550
13,2026-06-06T16:56:58+00:00,Spain,2084,-14,,2070
13,2026-06-06T16:56:58+00:00,Argentina,2068,-4,,2064
13,2026-06-06T16:56:58+00:00,England,2033,-5,,2028
13,2026-06-06T16:56:58+00:00,France,2019,+5,,2024
13,2026-06-06T16:56:58+00:00,Brazil,2005,-16,,1988
13,2026-06-06T16:56:58+00:00,Portugal,1973,-1,,1972
13,2026-06-06T16:56:58+00:00,Germany,1973,-3,,1970
13,2026-06-06T16:56:58+00:00,Norway,1943,+10,,1953
13,2026-06-06T16:56:58+00:00,Colombia,1949,-1,,1948
13,2026-06-06T16:56:58+00:00,Ecuador,1924,+8,,1932
13,2026-06-06T16:56:58+00:00,Uruguay,1924,+7,,1931
13,2026-06-06T16:56:58+00:00,Netherlands,1948,-19,,1929
13,2026-06-06T16:56:58+00:00,Turkey,1904,+5,,1908
13,2026-06-06T16:56:58+00:00,Senegal,1890,+8,,1898
13,2026-06-06T16:56:58+00:00,Switzerland,1893,+1,,1894
13,2026-06-06T16:56:58+00:00,Belgium,1901,-11,,1891
13,2026-06-06T16:56:58+00:00,Croatia,1872,+5,,1877
13,2026-06-06T16:56:58+00:00,Japan,1875,-3,,1872
13,2026-06-06T16:56:58+00:00,Morocco,1855,+11,,1866
13,2026-06-06T16:56:58+00:00,Mexico,1860,0,,1861
13,2026-06-06T16:56:58+00:00,Paraguay,1856,-7,,1849
13,2026-06-06T16:56:58+00:00,Austria,1837,-5,,1832
13,2026-06-06T16:56:58+00:00,United States,1811,-1,,1810
13,2026-06-06T16:56:58+00:00,Canada,1815,-12,,1803
13,2026-06-06T16:56:58+00:00,Algeria,1800,+3,,1803
13,2026-06-06T16:56:58+00:00,Scotland,1810,-9,,1802
13,2026-06-06T16:56:58+00:00,Ivory Coast,1781,+5,,1786
13,2026-06-06T16:56:58+00:00,Sweden,1791,-11,,1780
13,2026-06-06T16:56:58+00:00,Czech Republic,1779,-5,,1773
13,2026-06-06T16:56:58+00:00,Australia,1766,+7,,1773
13,2026-06-06T16:56:58+00:00,Egypt,1764,+6,,1770
13,2026-06-06T16:56:58+00:00,South Korea,1764,+6,,1769
13,2026-06-06T16:56:58+00:00,Panama,1741,0,,1741
13,2026-06-06T16:56:58+00:00,DR Congo,1739,-7,,1732
13,2026-06-06T16:56:58+00:00,Iran,1734,-6,,1728
13,2026-06-06T16:56:58+00:00,Uzbekistan,1709,+5,,1714
13,2026-06-06T16:56:58+00:00,Bosnia and Herzegovina,1703,0,,1704
13,2026-06-06T16:56:58+00:00,Tunisia,1698,-3,,1695
13,2026-06-06T16:56:58+00:00,South Africa,1668,-3,,1666
13,2026-06-06T16:56:58+00:00,Ghana,1674,-12,,1662
13,2026-06-06T16:56:58+00:00,Jordan,1658,+3,,1661
13,2026-06-06T16:56:58+00:00,Iraq,1656,+4,,1660
13,2026-06-06T16:56:58+00:00,New Zealand,1635,+4,,1639
13,2026-06-06T16:56:58+00:00,Saudi Arabia,1637,+2,,1638
13,2026-06-06T16:56:58+00:00,Haiti,1627,+8,,1634
13,2026-06-06T16:56:58+00:00,Cape Verde,1623,-3,,1620
13,2026-06-06T16:56:58+00:00,Curaçao,1567,+4,,1570
13,2026-06-06T16:56:58+00:00,Qatar,1548,+2,,1550
14,2026-06-07T14:20:24+00:00,Argentina,2069,-5,,2064
14,2026-06-07T14:20:24+00:00,Spain,2084,-38,,2045
14,2026-06-07T14:20:24+00:00,England,2031,-5,,2026
14,2026-06-07T14:20:24+00:00,France,2019,+5,,2024
14,2026-06-07T14:20:24+00:00,Brazil,2005,-20,,1985
14,2026-06-07T14:20:24+00:00,Germany,1976,-4,,1972
14,2026-06-07T14:20:24+00:00,Portugal,1972,-1,,1971
14,2026-06-07T14:20:24+00:00,Norway,1943,+10,,1953
14,2026-06-07T14:20:24+00:00,Colombia,1949,0,,1949
14,2026-06-07T14:20:24+00:00,Netherlands,1948,-13,,1935
14,2026-06-07T14:20:24+00:00,Ecuador,1924,+8,,1932
14,2026-06-07T14:20:24+00:00,Uruguay,1924,+7,,1931
14,2026-06-07T14:20:24+00:00,Turkey,1905,+5,,1911
14,2026-06-07T14:20:24+00:00,Senegal,1890,+7,,1898
14,2026-06-07T14:20:24+00:00,Belgium,1907,-11,,1897
14,2026-06-07T14:20:24+00:00,Switzerland,1890,-9,,1881
14,2026-06-07T14:20:24+00:00,Croatia,1872,+5,,1877
14,2026-06-07T14:20:24+00:00,Japan,1875,-3,,1872
14,2026-06-07T14:20:24+00:00,Morocco,1855,+11,,1866
14,2026-06-07T14:20:24+00:00,Mexico,1860,-1,,1860
14,2026-06-07T14:20:24+00:00,Paraguay,1856,-10,,1847
14,2026-06-07T14:20:24+00:00,Austria,1837,-5,,1832
14,2026-06-07T14:20:24+00:00,United States,1808,-1,,1808
14,2026-06-07T14:20:24+00:00,Scotland,1817,-8,,1808
14,2026-06-07T14:20:24+00:00,Canada,1815,-11,,1804
14,2026-06-07T14:20:24+00:00,Algeria,1800,+3,,1803
14,2026-06-07T14:20:24+00:00,Ivory Coast,1781,+5,,1787
14,2026-06-07T14:20:24+00:00,Sweden,1791,-10,,1781
14,2026-06-07T14:20:24+00:00,Australia,1768,+7,,1775
14,2026-06-07T14:20:24+00:00,Czech Republic,1779,-4,,1775
14,2026-06-07T14:20:24+00:00,Egypt,1764,+6,,1770
14,2026-06-07T14:20:24+00:00,South Korea,1763,+6,,1769
14,2026-06-07T14:20:24+00:00,Panama,1740,+1,,1741
14,2026-06-07T14:20:24+00:00,DR Congo,1739,-6,,1732
14,2026-06-07T14:20:24+00:00,Iran,1734,-6,,1728
14,2026-06-07T14:20:24+00:00,Uzbekistan,1709,+6,,1714
14,2026-06-07T14:20:24+00:00,Bosnia and Herzegovina,1704,+1,,1705
14,2026-06-07T14:20:24+00:00,Tunisia,1692,-3,,1689
14,2026-06-07T14:20:24+00:00,South Africa,1672,-2,,1670
14,2026-06-07T14:20:24+00:00,Ghana,1674,-11,,1663
14,2026-06-07T14:20:24+00:00,Jordan,1658,+3,,1661
14,2026-06-07T14:20:24+00:00,Iraq,1656,+4,,1660
14,2026-06-07T14:20:24+00:00,New Zealand,1637,+4,,1641
14,2026-06-07T14:20:24+00:00,Saudi Arabia,1637,+1,,1638
14,2026-06-07T14:20:24+00:00,Haiti,1627,+7,,1634
14,2026-06-07T14:20:24+00:00,Cape Verde,1626,-2,,1624
14,2026-06-07T14:20:24+00:00,Curaçao,1570,+4,,1573
14,2026-06-07T14:20:24+00:00,Qatar,1548,+2,,1550
15,2026-06-08T11:28:12+00:00,Argentina,2069,-4,,2064
15,2026-06-08T11:28:12+00:00,Spain,2084,-37,,2046
15,2026-06-08T11:28:12+00:00,England,2031,-5,,2025
15,2026-06-08T11:28:12+00:00,France,2019,+4,,2023
15,2026-06-08T11:28:12+00:00,Brazil,2005,-13,,1991
15,2026-06-08T11:28:12+00:00,Germany,1976,-3,,1973
15,2026-06-08T11:28:12+00:00,Portugal,1972,-1,,1971
15,2026-06-08T11:28:12+00:00,Norway,1941,+9,,1951
15,2026-06-08T11:28:12+00:00,Colombia,1951,-1,,1950
15,2026-06-08T11:28:12+00:00,Ecuador,1928,+8,,1936
15,2026-06-08T11:28:12+00:00,Netherlands,1948,-14,,1934
15,2026-06-08T11:28:12+00:00,Uruguay,1924,+7,,1931
15,2026-06-08T11:28:12+00:00,Turkey,1905,+2,,1908
15,2026-06-08T11:28:12+00:00,Senegal,1890,+8,,1898
15,2026-06-08T11:28:12+00:00,Belgium,1907,-10,,1897
15,2026-06-08T11:28:12+00:00,Switzerland,1890,+1,,1891
15,2026-06-08T11:28:12+00:00,Croatia,1874,+5,,1878
15,2026-06-08T11:28:12+00:00,Japan,1875,-9,,1866
15,2026-06-08T11:28:12+00:00,Morocco,1857,+6,,1863
15,2026-06-08T11:28:12+00:00,Mexico,1860,-1,,1860
15,2026-06-08T11:28:12+00:00,Paraguay,1856,-8,,1848
15,2026-06-08T11:28:12+00:00,Austria,1837,-5,,1832
15,2026-06-08T11:28:12+00:00,Scotland,1817,-8,,1808
15,2026-06-08T11:28:12+00:00,United States,1808,-1,,1807
15,2026-06-08T11:28:12+00:00,Algeria,1800,+3,,1802
15,2026-06-08T11:28:12+00:00,Canada,1815,-14,,1801
15,2026-06-08T11:28:12+00:00,Ivory Coast,1781,+6,,1787
15,2026-06-08T11:28:12+00:00,Sweden,1791,-11,,1780
15,2026-06-08T11:28:12+00:00,Australia,1768,+7,,1775
15,2026-06-08T11:28:12+00:00,Egypt,1764,+6,,1770
15,2026-06-08T11:28:12+00:00,Czech Republic,1779,-10,,1769
15,2026-06-08T11:28:12+00:00,South Korea,1763,+6,,1769
15,2026-06-08T11:28:12+00:00,Panama,1740,0,,1740
15,2026-06-08T11:28:12+00:00,DR Congo,1738,-4,,1734
15,2026-06-08T11:28:12+00:00,Iran,1734,-6,,1728
15,2026-06-08T11:28:12+00:00,Uzbekistan,1709,+5,,1714
15,2026-06-08T11:28:12+00:00,Bosnia and Herzegovina,1704,+2,,1706
15,2026-06-08T11:28:12+00:00,Tunisia,1692,-3,,1689
15,2026-06-08T11:28:12+00:00,South Africa,1672,-2,,1671
15,2026-06-08T11:28:12+00:00,Ghana,1674,-12,,1662
15,2026-06-08T11:28:12+00:00,Iraq,1656,+4,,1660
15,2026-06-08T11:28:12+00:00,Jordan,1656,+3,,1659
15,2026-06-08T11:28:12+00:00,New Zealand,1637,+4,,1641
15,2026-06-08T11:28:12+00:00,Saudi Arabia,1637,+2,,1638
15,2026-06-08T11:28:12+00:00,Haiti,1627,+7,,1634
15,2026-06-08T11:28:12+00:00,Cape Verde,1626,-2,,1624
15,2026-06-08T11:28:12+00:00,Curaçao,1570,+4,,1573
15,2026-06-08T11:28:12+00:00,Qatar,1548,+2,,1551
16,2026-06-09T15:53:56+00:00,Spain,2085,-14,,2071
16,2026-06-09T15:53:56+00:00,Argentina,2069,-5,,2064
16,2026-06-09T15:53:56+00:00,England,2031,-6,,2025
16,2026-06-09T15:53:56+00:00,France,2020,+4,,2024
16,2026-06-09T15:53:56+00:00,Brazil,2005,-15,,1990
16,2026-06-09T15:53:56+00:00,Portugal,1972,+1,,1974
16,2026-06-09T15:53:56+00:00,Germany,1976,-4,,1972
16,2026-06-09T15:53:56+00:00,Norway,1941,+10,,1951
16,2026-06-09T15:53:56+00:00,Colombia,1951,-1,,1950
16,2026-06-09T15:53:56+00:00,Ecuador,1928,+8,,1936
16,2026-06-09T15:53:56+00:00,Netherlands,1948,-15,,1933
16,2026-06-09T15:53:56+00:00,Uruguay,1924,+3,,1927
16,2026-06-09T15:53:56+00:00,Turkey,1905,+3,,1908
16,2026-06-09T15:53:56+00:00,Belgium,1907,-8,,1899
16,2026-06-09T15:53:56+00:00,Senegal,1890,+6,,1897
16,2026-06-09T15:53:56+00:00,Switzerland,1890,-5,,1885
16,2026-06-09T15:53:56+00:00,Croatia,1874,+5,,1878
16,2026-06-09T15:53:56+00:00,Japan,1875,-6,,1869
16,2026-06-09T15:53:56+00:00,Mexico,1860,-1,,1859
16,2026-06-09T15:53:56+00:00,Morocco,1857,0,,1857
16,2026-06-09T15:53:56+00:00,Paraguay,1856,-7,,1849
16,2026-06-09T15:53:56+00:00,Austria,1837,-5,,1832
16,2026-06-09T15:53:56+00:00,Scotland,1817,-9,,1808
16,2026-06-09T15:53:56+00:00,United States,1808,-1,,1807
16,2026-06-09T15:53:56+00:00,Algeria,1800,+3,,1802
16,2026-06-09T15:53:56+00:00,Canada,1815,-15,,1800
16,2026-06-09T15:53:56+00:00,Ivory Coast,1781,+5,,1786
16,2026-06-09T15:53:56+00:00,Sweden,1791,-9,,1782
16,2026-06-09T15:53:56+00:00,Czech Republic,1779,-4,,1775
16,2026-06-09T15:53:56+00:00,Australia,1768,+7,,1775
16,2026-06-09T15:53:56+00:00,Egypt,1764,+6,,1770
16,2026-06-09T15:53:56+00:00,South Korea,1763,+6,,1769
16,2026-06-09T15:53:56+00:00,Panama,1740,+1,,1741
16,2026-06-09T15:53:56+00:00,DR Congo,1738,-5,,1733
16,2026-06-09T15:53:56+00:00,Iran,1734,-6,,1728
16,2026-06-09T15:53:56+00:00,Uzbekistan,1709,+5,,1714
16,2026-06-09T15:53:56+00:00,Bosnia and Herzegovina,1704,+2,,1707
16,2026-06-09T15:53:56+00:00,Tunisia,1692,-3,,1689
16,2026-06-09T15:53:56+00:00,South Africa,1672,-2,,1671
16,2026-06-09T15:53:56+00:00,Ghana,1674,-12,,1662
16,2026-06-09T15:53:56+00:00,Iraq,1656,+4,,1660
16,2026-06-09T15:53:56+00:00,Jordan,1656,+3,,1659
16,2026-06-09T15:53:56+00:00,New Zealand,1637,+4,,1641
16,2026-06-09T15:53:56+00:00,Saudi Arabia,1637,+2,,1638
16,2026-06-09T15:53:56+00:00,Haiti,1627,+7,,1634
16,2026-06-09T15:53:56+00:00,Cape Verde,1626,-3,,1623
16,2026-06-09T15:53:56+00:00,Curaçao,1570,+4,,1573
16,2026-06-09T15:53:56+00:00,Qatar,1548,+2,,1550
17,2026-06-10T13:24:08+00:00,Spain,2085,-15,,2070
17,2026-06-10T13:24:08+00:00,Argentina,2070,-6,,2064
17,2026-06-10T13:24:08+00:00,France,2020,+6,,2026
17,2026-06-10T13:24:08+00:00,England,2031,-5,,2025
17,2026-06-10T13:24:08+00:00,Brazil,2005,-14,,1991
17,2026-06-10T13:24:08+00:00,Portugal,1973,+4,,1977
17,2026-06-10T13:24:08+00:00,Germany,1976,-5,,1971
17,2026-06-10T13:24:08+00:00,Norway,1941,+9,,1951
17,2026-06-10T13:24:08+00:00,Colombia,1951,-1,,1950
17,2026-06-10T13:24:08+00:00,Ecuador,1928,+8,,1936
17,2026-06-10T13:24:08+00:00,Netherlands,1948,-13,,1935
17,2026-06-10T13:24:08+00:00,Uruguay,1924,+3,,1927
17,2026-06-10T13:24:08+00:00,Turkey,1905,+2,,1908
17,2026-06-10T13:24:08+00:00,Belgium,1907,-8,,1899
17,2026-06-10T13:24:08+00:00,Senegal,1886,+7,,1894
17,2026-06-10T13:24:08+00:00,Switzerland,1890,-9,,1881
17,2026-06-10T13:24:08+00:00,Croatia,1874,+5,,1878
17,2026-06-10T13:24:08+00:00,Japan,1875,-2,,1872
17,2026-06-10T13:24:08+00:00,Morocco,1857,+2,,1859
17,2026-06-10T13:24:08+00:00,Mexico,1860,-1,,1859
17,2026-06-10T13:24:08+00:00,Paraguay,1856,-10,,1846
17,2026-06-10T13:24:08+00:00,Austria,1837,-5,,1832
17,2026-06-10T13:24:08+00:00,United States,1808,0,,1809
17,2026-06-10T13:24:08+00:00,Scotland,1817,-9,,1808
17,2026-06-10T13:24:08+00:00,Algeria,1800,+3,,1802
17,2026-06-10T13:24:08+00:00,Canada,1815,-13,,1801
17,2026-06-10T13:24:08+00:00,Ivory Coast,1781,+5,,1787
17,2026-06-10T13:24:08+00:00,Sweden,1791,-12,,1779
17,2026-06-10T13:24:08+00:00,Australia,1768,+7,,1775
17,2026-06-10T13:24:08+00:00,Egypt,1764,+6,,1770
17,2026-06-10T13:24:08+00:00,Czech Republic,1779,-10,,1769
17,2026-06-10T13:24:08+00:00,South Korea,1763,+6,,1769
17,2026-06-10T13:24:08+00:00,Panama,1740,+1,,1741
17,2026-06-10T13:24:08+00:00,DR Congo,1734,-5,,1729
17,2026-06-10T13:24:08+00:00,Iran,1734,-6,,1728
17,2026-06-10T13:24:08+00:00,Uzbekistan,1709,+6,,1715
17,2026-06-10T13:24:08+00:00,Bosnia and Herzegovina,1704,+3,,1707
17,2026-06-10T13:24:08+00:00,Tunisia,1692,-5,,1688
17,2026-06-10T13:24:08+00:00,South Africa,1672,0,,1672
17,2026-06-10T13:24:08+00:00,Ghana,1674,-11,,1663
17,2026-06-10T13:24:08+00:00,Jordan,1656,+3,,1659
17,2026-06-10T13:24:08+00:00,Iraq,1651,+4,,1656
17,2026-06-10T13:24:08+00:00,Saudi Arabia,1640,+1,,1642
17,2026-06-10T13:24:08+00:00,New Zealand,1637,+5,,1641
17,2026-06-10T13:24:08+00:00,Haiti,1626,+7,,1634
17,2026-06-10T13:24:08+00:00,Cape Verde,1626,-2,,1623
17,2026-06-10T13:24:08+00:00,Curaçao,1570,+3,,1573
17,2026-06-10T13:24:08+00:00,Qatar,1548,+2,,1551
18,2026-06-11T13:42:12+00:00,Spain,2086,-15,,2070
18,2026-06-11T13:42:12+00:00,Argentina,2070,-14,,2057
18,2026-06-11T13:42:12+00:00,England,2033,-6,,2028
18,2026-06-11T13:42:12+00:00,France,2020,7,,2027
18,2026-06-11T13:42:12+00:00,Brazil,2005,-14,,1991
18,2026-06-11T13:42:12+00:00,Portugal,1974,5,,1979
18,2026-06-11T13:42:12+00:00,Germany,1976,-3,,1973
18,2026-06-11T13:42:12+00:00,Norway,1941,10,,1952
18,2026-06-11T13:42:12+00:00,Colombia,1951,-1,,1950
18,2026-06-11T13:42:12+00:00,Ecuador,1928,8,,1936
18,2026-06-11T13:42:12+00:00,Netherlands,1949,-17,,1931
18,2026-06-11T13:42:12+00:00,Uruguay,1924,#ERROR!,,1930
18,2026-06-11T13:42:12+00:00,Turkey,1906,5,,1911
18,2026-06-11T13:42:12+00:00,Belgium,1907,-7,,1900
18,2026-06-11T13:42:12+00:00,Senegal,1886,9,,1895
18,2026-06-11T13:42:12+00:00,Switzerland,1890,-3,,1887
18,2026-06-11T13:42:12+00:00,Croatia,1874,6,,1879
18,2026-06-11T13:42:12+00:00,Japan,1875,-5,,1870
18,2026-06-11T13:42:12+00:00,Morocco,1857,12,,1869
18,2026-06-11T13:42:12+00:00,Mexico,1860,0,,1860
18,2026-06-11T13:42:12+00:00,Paraguay,1856,4,,1860
18,2026-06-11T13:42:12+00:00,Canada,1815,7,,1821
18,2026-06-11T13:42:12+00:00,Austria,1837,-17,,1820
18,2026-06-11T13:42:12+00:00,United States,1809,1,,1810
18,2026-06-11T13:42:12+00:00,Algeria,1806,3,,1809
18,2026-06-11T13:42:12+00:00,Scotland,1817,-8,,1809
18,2026-06-11T13:42:12+00:00,Ivory Coast,1781,6,,1787
18,2026-06-11T13:42:12+00:00,Sweden,1791,-11,,1780
18,2026-06-11T13:42:12+00:00,Australia,1768,#ERROR!,,1773
18,2026-06-11T13:42:12+00:00,Czech Republic,1779,-7,,1772
18,2026-06-11T13:42:12+00:00,Egypt,1764,6,,1770
18,2026-06-11T13:42:12+00:00,South Korea,1763,6,,1770
18,2026-06-11T13:42:12+00:00,Panama,1740,1,,1741
18,2026-06-11T13:42:12+00:00,Iran,1734,-6,,1728
18,2026-06-11T13:42:12+00:00,DR Congo,1734,-6,,1728
18,2026-06-11T13:42:12+00:00,Uzbekistan,1709,6,,1714
18,2026-06-11T13:42:12+00:00,Bosnia and Herzegovina,1704,2,,1707
18,2026-06-11T13:42:12+00:00,Tunisia,1692,-4,,1688
18,2026-06-11T13:42:12+00:00,South Africa,1672,0,,1672
18,2026-06-11T13:42:12+00:00,Ghana,1674,-11,,1663
18,2026-06-11T13:42:12+00:00,Jordan,1656,3,,1659
18,2026-06-11T13:42:12+00:00,Iraq,1651,4,,1656
18,2026-06-11T13:42:12+00:00,Saudi Arabia,1640,2,,1643
18,2026-06-11T13:42:12+00:00,New Zealand,1637,5,,1642
18,2026-06-11T13:42:12+00:00,Haiti,1626,8,,1634
18,2026-06-11T13:42:12+00:00,Cape Verde,1626,-2,,1624
18,2026-06-11T13:42:12+00:00,Curaçao,1569,4,,1573
18,2026-06-11T13:42:12+00:00,Qatar,1548,2,,1551
19,2026-06-11T14:23:05+00:00,Spain,2086,-15,,2070
19,2026-06-11T14:23:05+00:00,Argentina,2070,-14,,2057
19,2026-06-11T14:23:05+00:00,England,2033,-6,,2028
19,2026-06-11T14:23:05+00:00,France,2020,7,,2027
19,2026-06-11T14:23:05+00:00,Brazil,2005,-14,,1991
19,2026-06-11T14:23:05+00:00,Portugal,1974,5,,1979
19,2026-06-11T14:23:05+00:00,Germany,1976,-3,,1973
19,2026-06-11T14:23:05+00:00,Norway,1941,10,,1952
19,2026-06-11T14:23:05+00:00,Colombia,1951,-1,,1950
19,2026-06-11T14:23:05+00:00,Ecuador,1928,8,,1936
19,2026-06-11T14:23:05+00:00,Netherlands,1949,-17,,1931
19,2026-06-11T14:23:05+00:00,Uruguay,1924,+6,,1930
19,2026-06-11T14:23:05+00:00,Turkey,1906,5,,1911
19,2026-06-11T14:23:05+00:00,Belgium,1907,-7,,1900
19,2026-06-11T14:23:05+00:00,Senegal,1886,9,,1895
19,2026-06-11T14:23:05+00:00,Switzerland,1890,-3,,1887
19,2026-06-11T14:23:05+00:00,Croatia,1874,6,,1879
19,2026-06-11T14:23:05+00:00,Japan,1875,-5,,1870
19,2026-06-11T14:23:05+00:00,Morocco,1857,12,,1869
19,2026-06-11T14:23:05+00:00,Mexico,1860,0,,1860
19,2026-06-11T14:23:05+00:00,Paraguay,1856,4,,1860
19,2026-06-11T14:23:05+00:00,Canada,1815,7,,1821
19,2026-06-11T14:23:05+00:00,Austria,1837,-17,,1820
19,2026-06-11T14:23:05+00:00,United States,1809,1,,1810
19,2026-06-11T14:23:05+00:00,Algeria,1806,3,,1809
19,2026-06-11T14:23:05+00:00,Scotland,1817,-8,,1809
19,2026-06-11T14:23:05+00:00,Ivory Coast,1781,6,,1787
19,2026-06-11T14:23:05+00:00,Sweden,1791,-11,,1780
19,2026-06-11T14:23:05+00:00,Australia,1768,+5,,1773
19,2026-06-11T14:23:05+00:00,Czech Republic,1779,-7,,1772
19,2026-06-11T14:23:05+00:00,Egypt,1764,6,,1770
19,2026-06-11T14:23:05+00:00,South Korea,1763,6,,1770
19,2026-06-11T14:23:05+00:00,Panama,1740,1,,1741
19,2026-06-11T14:23:05+00:00,Iran,1734,-6,,1728
19,2026-06-11T14:23:05+00:00,DR Congo,1734,-6,,1728
19,2026-06-11T14:23:05+00:00,Uzbekistan,1709,6,,1714
19,2026-06-11T14:23:05+00:00,Bosnia and Herzegovina,1704,2,,1707
19,2026-06-11T14:23:05+00:00,Tunisia,1692,-4,,1688
19,2026-06-11T14:23:05+00:00,South Africa,1672,0,,1672
19,2026-06-11T14:23:05+00:00,Ghana,1674,-11,,1663
19,2026-06-11T14:23:05+00:00,Jordan,1656,3,,1659
19,2026-06-11T14:23:05+00:00,Iraq,1651,4,,1656
19,2026-06-11T14:23:05+00:00,Saudi Arabia,1640,2,,1643
19,2026-06-11T14:23:05+00:00,New Zealand,1637,5,,1642
19,2026-06-11T14:23:05+00:00,Haiti,1626,8,,1634
19,2026-06-11T14:23:05+00:00,Cape Verde,1626,-2,,1624
19,2026-06-11T14:23:05+00:00,Curaçao,1569,4,,1573
19,2026-06-11T14:23:05+00:00,Qatar,1548,2,,1551
20,2026-06-11T21:40:58+00:00,Spain,2086,-15,,2070
20,2026-06-11T21:40:58+00:00,Argentina,2070,-14,,2057
20,2026-06-11T21:40:58+00:00,England,2033,-6,,2028
20,2026-06-11T21:40:58+00:00,France,2020,+7,,2027
20,2026-06-11T21:40:58+00:00,Brazil,2005,-14,,1991
20,2026-06-11T21:40:58+00:00,Portugal,1974,+5,,1979
20,2026-06-11T21:40:58+00:00,Germany,1976,-3,,1973
20,2026-06-11T21:40:58+00:00,Norway,1941,+10,,1952
20,2026-06-11T21:40:58+00:00,Colombia,1951,-1,,1950
20,2026-06-11T21:40:58+00:00,Ecuador,1928,+8,,1936
20,2026-06-11T21:40:58+00:00,Netherlands,1949,-17,,1931
20,2026-06-11T21:40:58+00:00,Uruguay,1924,+6,,1930
20,2026-06-11T21:40:58+00:00,Turkey,1906,+5,,1911
20,2026-06-11T21:40:58+00:00,Belgium,1907,-7,,1900
20,2026-06-11T21:40:58+00:00,Senegal,1886,+9,,1895
20,2026-06-11T21:40:58+00:00,Switzerland,1890,-3,,1887
20,2026-06-11T21:40:58+00:00,Croatia,1874,+6,,1879
20,2026-06-11T21:40:58+00:00,Japan,1875,-5,,1870
20,2026-06-11T21:40:58+00:00,Morocco,1857,+12,,1869
20,2026-06-11T21:40:58+00:00,Mexico,1860,-2,4,1862
20,2026-06-11T21:40:58+00:00,Paraguay,1856,+4,,1860
20,2026-06-11T21:40:58+00:00,Canada,1815,+7,,1821
20,2026-06-11T21:40:58+00:00,Austria,1837,-17,,1820
20,2026-06-11T21:40:58+00:00,United States,1809,+1,,1810
20,2026-06-11T21:40:58+00:00,Algeria,1806,+3,,1809
20,2026-06-11T21:40:58+00:00,Scotland,1817,-8,,1809
20,2026-06-11T21:40:58+00:00,Ivory Coast,1781,+6,,1787
20,2026-06-11T21:40:58+00:00,Sweden,1791,-11,,1780
20,2026-06-11T21:40:58+00:00,Australia,1768,+5,,1773
20,2026-06-11T21:40:58+00:00,Czech Republic,1779,-7,,1772
20,2026-06-11T21:40:58+00:00,South Korea,1763,+6,,1770
20,2026-06-11T21:40:58+00:00,Egypt,1764,+6,,1770
20,2026-06-11T21:40:58+00:00,Panama,1740,+1,,1741
20,2026-06-11T21:40:58+00:00,DR Congo,1734,-6,,1728
20,2026-06-11T21:40:58+00:00,Iran,1734,-6,,1728
20,2026-06-11T21:40:58+00:00,Uzbekistan,1709,+6,,1714
20,2026-06-11T21:40:58+00:00,Bosnia and Herzegovina,1704,+2,,1707
20,2026-06-11T21:40:58+00:00,Tunisia,1692,-4,,1688
20,2026-06-11T21:40:58+00:00,South Africa,1672,0,-4,1668
20,2026-06-11T21:40:58+00:00,Ghana,1674,-11,,1663
20,2026-06-11T21:40:58+00:00,Jordan,1656,+3,,1659
20,2026-06-11T21:40:58+00:00,Iraq,1651,+4,,1656
20,2026-06-11T21:40:58+00:00,Saudi Arabia,1640,+2,,1643
20,2026-06-11T21:40:58+00:00,New Zealand,1637,+5,,1642
20,2026-06-11T21:40:58+00:00,Haiti,1626,+8,,1634
20,2026-06-11T21:40:58+00:00,Cape Verde,1626,-2,,1624
20,2026-06-11T21:40:58+00:00,Curaçao,1569,+4,,1573
20,2026-06-11T21:40:58+00:00,Qatar,1548,+2,,1551
21,2026-06-12T04:04:54+00:00,Spain,2086,-14,,2072
21,2026-06-12T04:04:54+00:00,Argentina,2070,-11,,2060
21,2026-06-12T04:04:54+00:00,England,2033,-6,,2027
21,2026-06-12T04:04:54+00:00,France,2020,6,,2027
21,2026-06-12T04:04:54+00:00,Brazil,2005,-12,,1992
21,2026-06-12T04:04:54+00:00,Portugal,1974,4,,1978
21,2026-06-12T04:04:54+00:00,Germany,1976,-2,,1974
21,2026-06-12T04:04:54+00:00,Norway,1941,10,,1951
21,2026-06-12T04:04:54+00:00,Colombia,1951,-1,,1950
21,2026-06-12T04:04:54+00:00,Ecuador,1928,8,,1936
21,2026-06-12T04:04:54+00:00,Netherlands,1949,-19,,1930
21,2026-06-12T04:04:54+00:00,Uruguay,1924,#ERROR!,,1929
21,2026-06-12T04:04:54+00:00,Turkey,1906,5,,1910
21,2026-06-12T04:04:54+00:00,Belgium,1907,-6,,1901
21,2026-06-12T04:04:54+00:00,Senegal,1887,9,,1895
21,2026-06-12T04:04:54+00:00,Switzerland,1890,2,,1892
21,2026-06-12T04:04:54+00:00,Croatia,1874,5,,1879
21,2026-06-12T04:04:54+00:00,Japan,1875,-5,,1869
21,2026-06-12T04:04:54+00:00,Mexico,1860,-3,4,1862
21,2026-06-12T04:04:54+00:00,Morocco,1857,#ERROR!,,1862
21,2026-06-12T04:04:54+00:00,Paraguay,1856,1,,1857
21,2026-06-12T04:04:54+00:00,Austria,1837,-18,,1819
21,2026-06-12T04:04:54+00:00,United States,1809,1,,1809
21,2026-06-12T04:04:54+00:00,Algeria,1806,3,,1809
21,2026-06-12T04:04:54+00:00,Scotland,1817,-9,,1808
21,2026-06-12T04:04:54+00:00,Canada,1815,-10,,1804
21,2026-06-12T04:04:54+00:00,Ivory Coast,1781,6,,1787
21,2026-06-12T04:04:54+00:00,South Korea,1763,6,16,1786
21,2026-06-12T04:04:54+00:00,Sweden,1791,-11,,1780
21,2026-06-12T04:04:54+00:00,Australia,1768,#ERROR!,,1774
21,2026-06-12T04:04:54+00:00,Egypt,1764,6,,1770
21,2026-06-12T04:04:54+00:00,Czech Republic,1779,-2,-16,1760
21,2026-06-12T04:04:54+00:00,Panama,1740,1,,1741
21,2026-06-12T04:04:54+00:00,Iran,1734,-6,,1728
21,2026-06-12T04:04:54+00:00,DR Congo,1734,-6,,1728
21,2026-06-12T04:04:54+00:00,Uzbekistan,1709,5,,1714
21,2026-06-12T04:04:54+00:00,Bosnia and Herzegovina,1704,1,,1705
21,2026-06-12T04:04:54+00:00,Tunisia,1692,-4,,1688
21,2026-06-12T04:04:54+00:00,South Africa,1672,0,-4,1668
21,2026-06-12T04:04:54+00:00,Ghana,1674,-11,,1663
21,2026-06-12T04:04:54+00:00,Jordan,1656,3,,1659
21,2026-06-12T04:04:54+00:00,Iraq,1651,4,,1656
21,2026-06-12T04:04:54+00:00,Saudi Arabia,1640,2,,1642
21,2026-06-12T04:04:54+00:00,New Zealand,1637,5,,1641
21,2026-06-12T04:04:54+00:00,Haiti,1626,8,,1634
21,2026-06-12T04:04:54+00:00,Cape Verde,1626,-2,,1624
21,2026-06-12T04:04:54+00:00,Curaçao,1569,4,,1573
21,2026-06-12T04:04:54+00:00,Qatar,1548,2,,1550
22,2026-06-12T04:19:33+00:00,Spain,2086,-14,,2072
22,2026-06-12T04:19:33+00:00,Argentina,2070,-11,,2060
22,2026-06-12T04:19:33+00:00,England,2033,-6,,2027
22,2026-06-12T04:19:33+00:00,France,2020,+6,,2027
22,2026-06-12T04:19:33+00:00,Brazil,2005,-12,,1992
22,2026-06-12T04:19:33+00:00,Portugal,1974,+4,,1978
22,2026-06-12T04:19:33+00:00,Germany,1976,-2,,1974
22,2026-06-12T04:19:33+00:00,Norway,1941,+10,,1951
22,2026-06-12T04:19:33+00:00,Colombia,1951,-1,,1950
22,2026-06-12T04:19:33+00:00,Ecuador,1928,+8,,1936
22,2026-06-12T04:19:33+00:00,Netherlands,1949,-19,,1930
22,2026-06-12T04:19:33+00:00,Uruguay,1924,+6,,1929
22,2026-06-12T04:19:33+00:00,Turkey,1906,+5,,1910
22,2026-06-12T04:19:33+00:00,Belgium,1907,-6,,1901
22,2026-06-12T04:19:33+00:00,Senegal,1887,+9,,1895
22,2026-06-12T04:19:33+00:00,Switzerland,1890,;+2,,1892
22,2026-06-12T04:19:33+00:00,Croatia,1874,+5,,1879
22,2026-06-12T04:19:33+00:00,Japan,1875,-5,,1869
22,2026-06-12T04:19:33+00:00,Mexico,1860,-3,+4,1862
22,2026-06-12T04:19:33+00:00,Morocco,1857,+5,,1862
22,2026-06-12T04:19:33+00:00,Paraguay,1856,+1,,1857
22,2026-06-12T04:19:33+00:00,Austria,1837,-18,,1819
22,2026-06-12T04:19:33+00:00,United States,1809,+1,,1809
22,2026-06-12T04:19:33+00:00,Algeria,1806,+3,,1809
22,2026-06-12T04:19:33+00:00,Scotland,1817,-9,,1808
22,2026-06-12T04:19:33+00:00,Canada,1815,-10,,1804
22,2026-06-12T04:19:33+00:00,Ivory Coast,1781,+6,,1787
22,2026-06-12T04:19:33+00:00,South Korea,1763,+6,+16,1786
22,2026-06-12T04:19:33+00:00,Sweden,1791,-11,,1780
22,2026-06-12T04:19:33+00:00,Australia,1768,+5,,1774
22,2026-06-12T04:19:33+00:00,Egypt,1764,+6,,1770
22,2026-06-12T04:19:33+00:00,Czech Republic,1779,-2,-16,1760
22,2026-06-12T04:19:33+00:00,Panama,1740,+1,,1741
22,2026-06-12T04:19:33+00:00,Iran,1734,-6,,1728
22,2026-06-12T04:19:33+00:00,DR Congo,1734,-6,,1728
22,2026-06-12T04:19:33+00:00,Uzbekistan,1709,+5,,1714
22,2026-06-12T04:19:33+00:00,Bosnia and Herzegovina,1704,+1,,1705
22,2026-06-12T04:19:33+00:00,Tunisia,1692,-4,,1688
22,2026-06-12T04:19:33+00:00,South Africa,1672,0,-4,1668
22,2026-06-12T04:19:33+00:00,Ghana,1674,-11,,1663
22,2026-06-12T04:19:33+00:00,Jordan,1656,+3,,1659
22,2026-06-12T04:19:33+00:00,Iraq,1651,+4,,1656
22,2026-06-12T04:19:33+00:00,Saudi Arabia,1640,+2,,1642
22,2026-06-12T04:19:33+00:00,New Zealand,1637,+5,,1641
22,2026-06-12T04:19:33+00:00,Haiti,1626,+8,,1634
22,2026-06-12T04:19:33+00:00,Cape Verde,1626,-2,,1624
22,2026-06-12T04:19:33+00:00,Curaçao,1569,+4,,1573
22,2026-06-12T04:19:33+00:00,Qatar,1548,+2,,1550
23,2026-06-12T21:16:09+00:00,Spain,2086,-14,,2072
23,2026-06-12T21:16:09+00:00,Argentina,2070,-11,,2060
23,2026-06-12T21:16:09+00:00,France,2020,6,,2027
23,2026-06-12T21:16:09+00:00,England,2033,-6,,2027
23,2026-06-12T21:16:09+00:00,Brazil,2005,-12,,1992
23,2026-06-12T21:16:09+00:00,Portugal,1974,4,,1978
23,2026-06-12T21:16:09+00:00,Germany,1976,-2,,1974
23,2026-06-12T21:16:09+00:00,Norway,1941,10,,1951
23,2026-06-12T21:16:09+00:00,Colombia,1951,-1,,1950
23,2026-06-12T21:16:09+00:00,Ecuador,1928,8,,1936
23,2026-06-12T21:16:09+00:00,Netherlands,1949,-19,,1930
23,2026-06-12T21:16:09+00:00,Uruguay,1924,+6,,1929
23,2026-06-12T21:16:09+00:00,Turkey,1906,5,,1910
23,2026-06-12T21:16:09+00:00,Belgium,1907,-6,,1901
23,2026-06-12T21:16:09+00:00,Senegal,1887,9,,1895
23,2026-06-12T21:16:09+00:00,Switzerland,1890,2,,1892
23,2026-06-12T21:16:09+00:00,Croatia,1874,5,,1879
23,2026-06-12T21:16:09+00:00,Japan,1875,-5,,1869
23,2026-06-12T21:16:09+00:00,Mexico,1860,-3,+4,1862
23,2026-06-12T21:16:09+00:00,Morocco,1857,+5,,1862
23,2026-06-12T21:16:09+00:00,Paraguay,1856,1,,1857
23,2026-06-12T21:16:09+00:00,Austria,1837,-18,,1819
23,2026-06-12T21:16:09+00:00,United States,1809,1,,1809
23,2026-06-12T21:16:09+00:00,Algeria,1806,3,,1809
23,2026-06-12T21:16:09+00:00,Scotland,1817,-9,,1808
23,2026-06-12T21:16:09+00:00,Canada,1815,-10,-11,1793
23,2026-06-12T21:16:09+00:00,Ivory Coast,1781,6,,1787
23,2026-06-12T21:16:09+00:00,South Korea,1763,6,+16,1786
23,2026-06-12T21:16:09+00:00,Sweden,1791,-11,,1780
23,2026-06-12T21:16:09+00:00,Australia,1768,+5,,1774
23,2026-06-12T21:16:09+00:00,Egypt,1764,6,,1770
23,2026-06-12T21:16:09+00:00,Czech Republic,1779,-2,-16,1760
23,2026-06-12T21:16:09+00:00,Panama,1740,1,,1741
23,2026-06-12T21:16:09+00:00,Iran,1734,-6,,1728
23,2026-06-12T21:16:09+00:00,DR Congo,1734,-6,,1728
23,2026-06-12T21:16:09+00:00,Bosnia and Herzegovina,1704,1,+11,1716
23,2026-06-12T21:16:09+00:00,Uzbekistan,1709,5,,1714
23,2026-06-12T21:16:09+00:00,Tunisia,1692,-4,,1688
23,2026-06-12T21:16:09+00:00,South Africa,1672,0,-4,1668
23,2026-06-12T21:16:09+00:00,Ghana,1674,-11,,1663
23,2026-06-12T21:16:09+00:00,Jordan,1656,3,,1659
23,2026-06-12T21:16:09+00:00,Iraq,1651,4,,1656
23,2026-06-12T21:16:09+00:00,Saudi Arabia,1640,2,,1642
23,2026-06-12T21:16:09+00:00,New Zealand,1637,5,,1641
23,2026-06-12T21:16:09+00:00,Haiti,1626,8,,1634
23,2026-06-12T21:16:09+00:00,Cape Verde,1626,-2,,1624
23,2026-06-12T21:16:09+00:00,Curaçao,1569,4,,1573
23,2026-06-12T21:16:09+00:00,Qatar,1548,2,,1550
24,2026-06-13T03:16:23+00:00,Spain,2086,-14,,2072
24,2026-06-13T03:16:23+00:00,Argentina,2070,-11,,2060
24,2026-06-13T03:16:23+00:00,France,2020,6,,2027
24,2026-06-13T03:16:23+00:00,England,2033,-6,,2027
24,2026-06-13T03:16:23+00:00,Brazil,2005,-12,,1992
24,2026-06-13T03:16:23+00:00,Portugal,1974,4,,1978
24,2026-06-13T03:16:23+00:00,Germany,1976,-2,,1974
24,2026-06-13T03:16:23+00:00,Norway,1941,10,,1951
24,2026-06-13T03:16:23+00:00,Colombia,1951,-1,,1950
24,2026-06-13T03:16:23+00:00,Ecuador,1928,8,,1936
24,2026-06-13T03:16:23+00:00,Netherlands,1949,-19,,1930
24,2026-06-13T03:16:23+00:00,Uruguay,1924,+6,,1929
24,2026-06-13T03:16:23+00:00,Turkey,1906,5,,1910
24,2026-06-13T03:16:23+00:00,Belgium,1907,-6,,1901
24,2026-06-13T03:16:23+00:00,Senegal,1887,9,,1895
24,2026-06-13T03:16:23+00:00,Switzerland,1890,2,,1892
24,2026-06-13T03:16:23+00:00,Croatia,1874,5,,1879
24,2026-06-13T03:16:23+00:00,Japan,1875,-5,,1869
24,2026-06-13T03:16:23+00:00,Mexico,1860,-3,4,1862
24,2026-06-13T03:16:23+00:00,Morocco,1857,+5,,1862
24,2026-06-13T03:16:23+00:00,Paraguay,1856,1,-21,1836
24,2026-06-13T03:16:23+00:00,United States,1809,1,21,1830
24,2026-06-13T03:16:23+00:00,Austria,1837,-18,,1819
24,2026-06-13T03:16:23+00:00,Algeria,1806,3,,1809
24,2026-06-13T03:16:23+00:00,Scotland,1817,-9,,1808
24,2026-06-13T03:16:23+00:00,Canada,1815,-10,-11,1793
24,2026-06-13T03:16:23+00:00,Ivory Coast,1781,6,,1787
24,2026-06-13T03:16:23+00:00,South Korea,1763,6,16,1786
24,2026-06-13T03:16:23+00:00,Sweden,1791,-11,,1780
24,2026-06-13T03:16:23+00:00,Australia,1768,+5,,1774
24,2026-06-13T03:16:23+00:00,Egypt,1764,6,,1770
24,2026-06-13T03:16:23+00:00,Czech Republic,1779,-2,-16,1760
24,2026-06-13T03:16:23+00:00,Panama,1740,1,,1741
24,2026-06-13T03:16:23+00:00,DR Congo,1734,-6,,1728
24,2026-06-13T03:16:23+00:00,Iran,1734,-6,,1728
24,2026-06-13T03:16:23+00:00,Bosnia and Herzegovina,1704,1,11,1716
24,2026-06-13T03:16:23+00:00,Uzbekistan,1709,5,,1714
24,2026-06-13T03:16:23+00:00,Tunisia,1692,-4,,1688
24,2026-06-13T03:16:23+00:00,South Africa,1672,0,-4,1668
24,2026-06-13T03:16:23+00:00,Ghana,1674,-11,,1663
24,2026-06-13T03:16:23+00:00,Jordan,1656,3,,1659
24,2026-06-13T03:16:23+00:00,Iraq,1651,4,,1656
24,2026-06-13T03:16:23+00:00,Saudi Arabia,1640,2,,1642
24,2026-06-13T03:16:23+00:00,New Zealand,1637,5,,1641
24,2026-06-13T03:16:23+00:00,Haiti,1626,8,,1634
24,2026-06-13T03:16:23+00:00,Cape Verde,1626,-2,,1624
24,2026-06-13T03:16:23+00:00,Curaçao,1569,4,,1573
24,2026-06-13T03:16:23+00:00,Qatar,1548,2,,1550
25,2026-06-13T03:45:18+00:00,Spain,2086,-14,,2072
25,2026-06-13T03:45:18+00:00,Argentina,2070,-11,,2060
25,2026-06-13T03:45:18+00:00,France,2020,+6,,2027
25,2026-06-13T03:45:18+00:00,England,2033,-6,,2027
25,2026-06-13T03:45:18+00:00,Brazil,2005,-12,,1992
25,2026-06-13T03:45:18+00:00,Portugal,1974,+4,,1978
25,2026-06-13T03:45:18+00:00,Germany,1976,-2,,1974
25,2026-06-13T03:45:18+00:00,Norway,1941,+10,,1951
25,2026-06-13T03:45:18+00:00,Colombia,1951,-1,,1950
25,2026-06-13T03:45:18+00:00,Ecuador,1928,+8,,1936
25,2026-06-13T03:45:18+00:00,Netherlands,1949,-19,,1930
25,2026-06-13T03:45:18+00:00,Uruguay,1924,+6,,1929
25,2026-06-13T03:45:18+00:00,Turkey,1906,+5,,1910
25,2026-06-13T03:45:18+00:00,Belgium,1907,-6,,1901
25,2026-06-13T03:45:18+00:00,Senegal,1887,+9,,1895
25,2026-06-13T03:45:18+00:00,Switzerland,1890,+2,,1892
25,2026-06-13T03:45:18+00:00,Croatia,1874,+5,,1879
25,2026-06-13T03:45:18+00:00,Japan,1875,-5,,1869
25,2026-06-13T03:45:18+00:00,Mexico,1860,-3,4,1862
25,2026-06-13T03:45:18+00:00,Morocco,1857,+5,,1862
25,2026-06-13T03:45:18+00:00,Paraguay,1856,+1,-21,1836
25,2026-06-13T03:45:18+00:00,United States,1809,+1,21,1830
25,2026-06-13T03:45:18+00:00,Austria,1837,-18,,1819
25,2026-06-13T03:45:18+00:00,Algeria,1806,+3,,1809
25,2026-06-13T03:45:18+00:00,Scotland,1817,-9,,1808
25,2026-06-13T03:45:18+00:00,Canada,1815,-10,-11,1793
25,2026-06-13T03:45:18+00:00,Ivory Coast,1781,+6,,1787
25,2026-06-13T03:45:18+00:00,South Korea,1763,+6,16,1786
25,2026-06-13T03:45:18+00:00,Sweden,1791,-11,,1780
25,2026-06-13T03:45:18+00:00,Australia,1768,+5,,1774
25,2026-06-13T03:45:18+00:00,Egypt,1764,+6,,1770
25,2026-06-13T03:45:18+00:00,Czech Republic,1779,-2,-16,1760
25,2026-06-13T03:45:18+00:00,Panama,1740,+1,,1741
25,2026-06-13T03:45:18+00:00,DR Congo,1734,-6,,1728
25,2026-06-13T03:45:18+00:00,Iran,1734,-6,,1728
25,2026-06-13T03:45:18+00:00,Bosnia and Herzegovina,1704,+1,11,1716
25,2026-06-13T03:45:18+00:00,Uzbekistan,1709,+5,,1714
25,2026-06-13T03:45:18+00:00,Tunisia,1692,-4,,1688
25,2026-06-13T03:45:18+00:00,South Africa,1672,0,-4,1668
25,2026-06-13T03:45:18+00:00,Ghana,1674,-11,,1663
25,2026-06-13T03:45:18+00:00,Jordan,1656,+3,,1659
25,2026-06-13T03:45:18+00:00,Iraq,1651,+4,,1656
25,2026-06-13T03:45:18+00:00,Saudi Arabia,1640,+2,,1642
25,2026-06-13T03:45:18+00:00,New Zealand,1637,+5,,1641
25,2026-06-13T03:45:18+00:00,Haiti,1626,+8,,1634
25,2026-06-13T03:45:18+00:00,Cape Verde,1626,-2,,1624
25,2026-06-13T03:45:18+00:00,Curaçao,1569,+4,,1573
25,2026-06-13T03:45:18+00:00,Qatar,1548,+2,,1550
26,2026-06-13T21:21:39+00:00,Spain,2086,-14,,2072
26,2026-06-13T21:21:39+00:00,Argentina,2070,-11,,2060
26,2026-06-13T21:21:39+00:00,England,2033,-6,,2027
26,2026-06-13T21:21:39+00:00,France,2020,+6,,2027
26,2026-06-13T21:21:39+00:00,Brazil,2005,-12,,1992
26,2026-06-13T21:21:39+00:00,Portugal,1974,+4,,1978
26,2026-06-13T21:21:39+00:00,Germany,1976,-2,,1974
26,2026-06-13T21:21:39+00:00,Norway,1941,+10,,1951
26,2026-06-13T21:21:39+00:00,Colombia,1951,-1,,1950
26,2026-06-13T21:21:39+00:00,Ecuador,1928,+8,,1936
26,2026-06-13T21:21:39+00:00,Netherlands,1949,-19,,1930
26,2026-06-13T21:21:39+00:00,Uruguay,1924,+6,,1929
26,2026-06-13T21:21:39+00:00,Turkey,1906,+5,,1910
26,2026-06-13T21:21:39+00:00,Belgium,1907,-6,,1901
26,2026-06-13T21:21:39+00:00,Senegal,1887,+9,,1895
26,2026-06-13T21:21:39+00:00,Croatia,1874,+5,,1879
26,2026-06-13T21:21:39+00:00,Switzerland,1890,+2,-21,1871
26,2026-06-13T21:21:39+00:00,Japan,1875,-5,,1869
26,2026-06-13T21:21:39+00:00,Mexico,1860,-3,+4,1862
26,2026-06-13T21:21:39+00:00,Morocco,1857,+5,,1862
26,2026-06-13T21:21:39+00:00,United States,1809,+1,+26,1836
26,2026-06-13T21:21:39+00:00,Paraguay,1856,+1,-26,1831
26,2026-06-13T21:21:39+00:00,Austria,1837,-18,,1819
26,2026-06-13T21:21:39+00:00,Algeria,1806,+3,,1809
26,2026-06-13T21:21:39+00:00,Scotland,1817,-9,,1808
26,2026-06-13T21:21:39+00:00,Canada,1815,-10,-11,1793
26,2026-06-13T21:21:39+00:00,Ivory Coast,1781,+6,,1787
26,2026-06-13T21:21:39+00:00,South Korea,1763,+6,+16,1786
26,2026-06-13T21:21:39+00:00,Sweden,1791,-11,,1780
26,2026-06-13T21:21:39+00:00,Australia,1768,+5,,1774
26,2026-06-13T21:21:39+00:00,Egypt,1764,+6,,1770
26,2026-06-13T21:21:39+00:00,Czech Republic,1779,-2,-16,1760
26,2026-06-13T21:21:39+00:00,Panama,1740,+1,,1741
26,2026-06-13T21:21:39+00:00,DR Congo,1734,-6,,1728
26,2026-06-13T21:21:39+00:00,Iran,1734,-6,,1728
26,2026-06-13T21:21:39+00:00,Bosnia and Herzegovina,1704,+1,+11,1716
26,2026-06-13T21:21:39+00:00,Uzbekistan,1709,+5,,1714
26,2026-06-13T21:21:39+00:00,Tunisia,1692,-4,,1688
26,2026-06-13T21:21:39+00:00,South Africa,1672,0,-4,1668
26,2026-06-13T21:21:39+00:00,Ghana,1674,-11,,1663
26,2026-06-13T21:21:39+00:00,Jordan,1656,+3,,1659
26,2026-06-13T21:21:39+00:00,Iraq,1651,+4,,1656
26,2026-06-13T21:21:39+00:00,Saudi Arabia,1640,+2,,1642
26,2026-06-13T21:21:39+00:00,New Zealand,1637,+5,,1641
26,2026-06-13T21:21:39+00:00,Haiti,1626,+8,,1634
26,2026-06-13T21:21:39+00:00,Cape Verde,1626,-2,,1624
26,2026-06-13T21:21:39+00:00,Curaçao,1569,+4,,1573
26,2026-06-13T21:21:39+00:00,Qatar,1548,+2,+21,1571
27,2026-06-14T01:21:10+00:00,Spain,2083,-15,,2068
27,2026-06-14T01:21:10+00:00,Argentina,2069,-11,,2057
27,2026-06-14T01:21:10+00:00,England,2031,-6,,2024
27,2026-06-14T01:21:10+00:00,France,2019,4,,2023
27,2026-06-14T01:21:10+00:00,Brazil,2005,-13,-9,1982
27,2026-06-14T01:21:10+00:00,Portugal,1973,-1,,1972
27,2026-06-14T01:21:10+00:00,Germany,1976,-3,,1972
27,2026-06-14T01:21:10+00:00,Norway,1941,9,,1951
27,2026-06-14T01:21:10+00:00,Colombia,1951,-1,,1950
27,2026-06-14T01:21:10+00:00,Ecuador,1928,8,,1936
27,2026-06-14T01:21:10+00:00,Netherlands,1948,-14,,1935
27,2026-06-14T01:21:10+00:00,Uruguay,1924,#ERROR!,,1929
27,2026-06-14T01:21:10+00:00,Turkey,1905,4,,1910
27,2026-06-14T01:21:10+00:00,Belgium,1907,-6,,1901
27,2026-06-14T01:21:10+00:00,Senegal,1890,8,,1899
27,2026-06-14T01:21:10+00:00,Croatia,1874,5,,1879
27,2026-06-14T01:21:10+00:00,Morocco,1857,#ERROR!,9,1872
27,2026-06-14T01:21:10+00:00,Japan,1875,-8,,1866
27,2026-06-14T01:21:10+00:00,Switzerland,1890,-4,-21,1866
27,2026-06-14T01:21:10+00:00,Mexico,1860,-2,4,1862
27,2026-06-14T01:21:10+00:00,United States,1808,1,26,1835
27,2026-06-14T01:21:10+00:00,Austria,1837,-5,,1832
27,2026-06-14T01:21:10+00:00,Paraguay,1856,1,-26,1831
27,2026-06-14T01:21:10+00:00,Scotland,1817,-8,,1808
27,2026-06-14T01:21:10+00:00,Algeria,1800,3,,1802
27,2026-06-14T01:21:10+00:00,Canada,1815,-13,-11,1790
27,2026-06-14T01:21:10+00:00,Ivory Coast,1781,6,,1787
27,2026-06-14T01:21:10+00:00,South Korea,1763,6,16,1785
27,2026-06-14T01:21:10+00:00,Sweden,1791,-11,,1779
27,2026-06-14T01:21:10+00:00,Australia,1768,#ERROR!,,1773
27,2026-06-14T01:21:10+00:00,Egypt,1764,6,,1770
27,2026-06-14T01:21:10+00:00,Czech Republic,1779,-9,-16,1753
27,2026-06-14T01:21:10+00:00,Panama,1740,1,,1741
27,2026-06-14T01:21:10+00:00,DR Congo,1738,-5,,1733
27,2026-06-14T01:21:10+00:00,Iran,1734,-6,,1728
27,2026-06-14T01:21:10+00:00,Bosnia and Herzegovina,1704,2,11,1717
27,2026-06-14T01:21:10+00:00,Uzbekistan,1709,5,,1714
27,2026-06-14T01:21:10+00:00,Tunisia,1692,-4,,1688
27,2026-06-14T01:21:10+00:00,South Africa,1672,-1,-4,1667
27,2026-06-14T01:21:10+00:00,Ghana,1674,-12,,1662
27,2026-06-14T01:21:10+00:00,Iraq,1656,4,,1660
27,2026-06-14T01:21:10+00:00,Jordan,1656,3,,1659
27,2026-06-14T01:21:10+00:00,New Zealand,1637,4,,1641
27,2026-06-14T01:21:10+00:00,Saudi Arabia,1637,2,,1638
27,2026-06-14T01:21:10+00:00,Haiti,1627,8,,1634
27,2026-06-14T01:21:10+00:00,Cape Verde,1626,-3,,1623
27,2026-06-14T01:21:10+00:00,Curaçao,1570,4,,1573
27,2026-06-14T01:21:10+00:00,Qatar,1548,2,21,1571
28,2026-06-14T01:48:55+00:00,Spain,2083,-15,,2068
28,2026-06-14T01:48:55+00:00,Argentina,2069,-11,,2057
28,2026-06-14T01:48:55+00:00,England,2031,-6,,2024
28,2026-06-14T01:48:55+00:00,France,2019,4,,2023
28,2026-06-14T01:48:55+00:00,Brazil,2005,-13,-9,1982
28,2026-06-14T01:48:55+00:00,Portugal,1973,-1,,1972
28,2026-06-14T01:48:55+00:00,Germany,1976,-3,,1972
28,2026-06-14T01:48:55+00:00,Norway,1941,9,,1951
28,2026-06-14T01:48:55+00:00,Colombia,1951,-1,,1950
28,2026-06-14T01:48:55+00:00,Ecuador,1928,8,,1936
28,2026-06-14T01:48:55+00:00,Netherlands,1948,-14,,1935
28,2026-06-14T01:48:55+00:00,Uruguay,1924,#ERROR!,,1929
28,2026-06-14T01:48:55+00:00,Turkey,1905,4,,1910
28,2026-06-14T01:48:55+00:00,Belgium,1907,-6,,1901
28,2026-06-14T01:48:55+00:00,Senegal,1890,8,,1899
28,2026-06-14T01:48:55+00:00,Croatia,1874,5,,1879
28,2026-06-14T01:48:55+00:00,Morocco,1857,#ERROR!,9,1872
28,2026-06-14T01:48:55+00:00,Japan,1875,-8,,1866
28,2026-06-14T01:48:55+00:00,Switzerland,1890,-4,-21,1866
28,2026-06-14T01:48:55+00:00,Mexico,1860,-2,4,1862
28,2026-06-14T01:48:55+00:00,United States,1808,1,26,1835
28,2026-06-14T01:48:55+00:00,Austria,1837,-5,,1832
28,2026-06-14T01:48:55+00:00,Paraguay,1856,1,-26,1831
28,2026-06-14T01:48:55+00:00,Scotland,1817,-8,,1808
28,2026-06-14T01:48:55+00:00,Algeria,1800,3,,1802
28,2026-06-14T01:48:55+00:00,Canada,1815,-13,-11,1790
28,2026-06-14T01:48:55+00:00,Ivory Coast,1781,6,,1787
28,2026-06-14T01:48:55+00:00,South Korea,1763,6,16,1785
28,2026-06-14T01:48:55+00:00,Sweden,1791,-11,,1779
28,2026-06-14T01:48:55+00:00,Australia,1768,#ERROR!,,1773
28,2026-06-14T01:48:55+00:00,Egypt,1764,6,,1770
28,2026-06-14T01:48:55+00:00,Czech Republic,1779,-9,-16,1753
28,2026-06-14T01:48:55+00:00,Panama,1740,1,,1741
28,2026-06-14T01:48:55+00:00,DR Congo,1738,-5,,1733
28,2026-06-14T01:48:55+00:00,Iran,1734,-6,,1728
28,2026-06-14T01:48:55+00:00,Bosnia and Herzegovina,1704,2,11,1717
28,2026-06-14T01:48:55+00:00,Uzbekistan,1709,5,,1714
28,2026-06-14T01:48:55+00:00,Tunisia,1692,-4,,1688
28,2026-06-14T01:48:55+00:00,South Africa,1672,-1,-4,1667
28,2026-06-14T01:48:55+00:00,Ghana,1674,-12,,1662
28,2026-06-14T01:48:55+00:00,Iraq,1656,4,,1660
28,2026-06-14T01:48:55+00:00,Jordan,1656,3,,1659
28,2026-06-14T01:48:55+00:00,New Zealand,1637,4,,1641
28,2026-06-14T01:48:55+00:00,Saudi Arabia,1637,2,,1638
28,2026-06-14T01:48:55+00:00,Haiti,1627,8,,1634
28,2026-06-14T01:48:55+00:00,Cape Verde,1626,-3,,1623
28,2026-06-14T01:48:55+00:00,Curaçao,1570,4,,1573
28,2026-06-14T01:48:55+00:00,Qatar,1548,2,21,1571
29,2026-06-14T02:06:49+00:00,Spain,2083,-15,,2068
29,2026-06-14T02:06:49+00:00,Argentina,2069,-11,,2057
29,2026-06-14T02:06:49+00:00,England,2031,-6,,2024
29,2026-06-14T02:06:49+00:00,France,2019,4,,2023
29,2026-06-14T02:06:49+00:00,Brazil,2005,-13,-9,1982
29,2026-06-14T02:06:49+00:00,Portugal,1973,-1,,1972
29,2026-06-14T02:06:49+00:00,Germany,1976,-3,,1972
29,2026-06-14T02:06:49+00:00,Norway,1941,9,,1951
29,2026-06-14T02:06:49+00:00,Colombia,1951,-1,,1950
29,2026-06-14T02:06:49+00:00,Ecuador,1928,8,,1936
29,2026-06-14T02:06:49+00:00,Netherlands,1948,-14,,1935
29,2026-06-14T02:06:49+00:00,Uruguay,1924,+6,,1929
29,2026-06-14T02:06:49+00:00,Turkey,1905,4,,1910
29,2026-06-14T02:06:49+00:00,Belgium,1907,-6,,1901
29,2026-06-14T02:06:49+00:00,Senegal,1890,8,,1899
29,2026-06-14T02:06:49+00:00,Croatia,1874,5,,1879
29,2026-06-14T02:06:49+00:00,Morocco,1857,+5,9,1872
29,2026-06-14T02:06:49+00:00,Japan,1875,-8,,1866
29,2026-06-14T02:06:49+00:00,Switzerland,1890,-4,-21,1866
29,2026-06-14T02:06:49+00:00,Mexico,1860,-2,4,1862
29,2026-06-14T02:06:49+00:00,United States,1808,1,26,1835
29,2026-06-14T02:06:49+00:00,Austria,1837,-5,,1832
29,2026-06-14T02:06:49+00:00,Paraguay,1856,1,-26,1831
29,2026-06-14T02:06:49+00:00,Scotland,1817,-8,,1808
29,2026-06-14T02:06:49+00:00,Algeria,1800,3,,1802
29,2026-06-14T02:06:49+00:00,Canada,1815,-13,-11,1790
29,2026-06-14T02:06:49+00:00,Ivory Coast,1781,6,,1787
29,2026-06-14T02:06:49+00:00,South Korea,1763,6,16,1785
29,2026-06-14T02:06:49+00:00,Sweden,1791,-11,,1779
29,2026-06-14T02:06:49+00:00,Australia,1768,+5,,1773
29,2026-06-14T02:06:49+00:00,Egypt,1764,6,,1770
29,2026-06-14T02:06:49+00:00,Czech Republic,1779,-9,-16,1753
29,2026-06-14T02:06:49+00:00,Panama,1740,1,,1741
29,2026-06-14T02:06:49+00:00,DR Congo,1738,-5,,1733
29,2026-06-14T02:06:49+00:00,Iran,1734,-6,,1728
29,2026-06-14T02:06:49+00:00,Bosnia and Herzegovina,1704,2,11,1717
29,2026-06-14T02:06:49+00:00,Uzbekistan,1709,5,,1714
29,2026-06-14T02:06:49+00:00,Tunisia,1692,-4,,1688
29,2026-06-14T02:06:49+00:00,South Africa,1672,-1,-4,1667
29,2026-06-14T02:06:49+00:00,Ghana,1674,-12,,1662
29,2026-06-14T02:06:49+00:00,Iraq,1656,4,,1660
29,2026-06-14T02:06:49+00:00,Jordan,1656,3,,1659
29,2026-06-14T02:06:49+00:00,New Zealand,1637,4,,1641
29,2026-06-14T02:06:49+00:00,Saudi Arabia,1637,2,,1638
29,2026-06-14T02:06:49+00:00,Haiti,1627,8,,1634
29,2026-06-14T02:06:49+00:00,Cape Verde,1626,-3,,1623
29,2026-06-14T02:06:49+00:00,Curaçao,1570,4,,1573
29,2026-06-14T02:06:49+00:00,Qatar,1548,2,21,1571
30,2026-06-14T06:14:52+00:00,Spain,2086,-14,,2072
30,2026-06-14T06:14:52+00:00,Argentina,2070,-11,,2060
30,2026-06-14T06:14:52+00:00,France,2020,=+6,,2027
30,2026-06-14T06:14:52+00:00,England,2033,-6,,2027
30,2026-06-14T06:14:52+00:00,Brazil,2005,-12,-9,1983
30,2026-06-14T06:14:52+00:00,Portugal,1974,+4,,1978
30,2026-06-14T06:14:52+00:00,Germany,1976,-2,,1974
30,2026-06-14T06:14:52+00:00,Norway,1941,+10,,1951
30,2026-06-14T06:14:52+00:00,Colombia,1951,-1,,1950
30,2026-06-14T06:14:52+00:00,Ecuador,1928,+8,,1936
30,2026-06-14T06:14:52+00:00,Netherlands,1949,-19,,1930
30,2026-06-14T06:14:52+00:00,Uruguay,1924,+6,,1929
30,2026-06-14T06:14:52+00:00,Belgium,1907,-6,,1901
30,2026-06-14T06:14:52+00:00,Senegal,1887,+9,,1895
30,2026-06-14T06:14:52+00:00,Croatia,1874,+5,,1879
30,2026-06-14T06:14:52+00:00,Turkey,1906,+5,-34,1876
30,2026-06-14T06:14:52+00:00,Morocco,1857,+5,+9,1872
30,2026-06-14T06:14:52+00:00,Switzerland,1890,+2,-21,1871
30,2026-06-14T06:14:52+00:00,Japan,1875,-5,,1869
30,2026-06-14T06:14:52+00:00,Mexico,1860,-3,+4,1862
30,2026-06-14T06:14:52+00:00,United States,1809,+1,+26,1836
30,2026-06-14T06:14:52+00:00,Paraguay,1856,+1,-26,1831
30,2026-06-14T06:14:52+00:00,Austria,1837,-18,,1819
30,2026-06-14T06:14:52+00:00,Scotland,1817,-9,+6,1814
30,2026-06-14T06:14:52+00:00,Australia,1768,+7,+34,1810
30,2026-06-14T06:14:52+00:00,Algeria,1806,+3,,1809
30,2026-06-14T06:14:52+00:00,Canada,1815,-10,-11,1793
30,2026-06-14T06:14:52+00:00,Ivory Coast,1781,+6,,1787
30,2026-06-14T06:14:52+00:00,South Korea,1763,+6,+16,1786
30,2026-06-14T06:14:52+00:00,Sweden,1791,-11,,1780
30,2026-06-14T06:14:52+00:00,Egypt,1764,+6,,1770
30,2026-06-14T06:14:52+00:00,Czech Republic,1779,-2,-16,1760
30,2026-06-14T06:14:52+00:00,Panama,1740,+1,,1741
30,2026-06-14T06:14:52+00:00,Iran,1734,-6,,1728
30,2026-06-14T06:14:52+00:00,DR Congo,1734,-6,,1728
30,2026-06-14T06:14:52+00:00,Bosnia and Herzegovina,1704,+1,+11,1716
30,2026-06-14T06:14:52+00:00,Uzbekistan,1709,+5,,1714
30,2026-06-14T06:14:52+00:00,Tunisia,1692,-4,,1688
30,2026-06-14T06:14:52+00:00,South Africa,1672,0,-4,1668
30,2026-06-14T06:14:52+00:00,Ghana,1674,-11,,1663
30,2026-06-14T06:14:52+00:00,Jordan,1656,+3,,1659
30,2026-06-14T06:14:52+00:00,Iraq,1651,+4,,1656
30,2026-06-14T06:14:52+00:00,Saudi Arabia,1640,+2,,1642
30,2026-06-14T06:14:52+00:00,New Zealand,1637,+5,,1641
30,2026-06-14T06:14:52+00:00,Haiti,1626,+8,-6,1628
30,2026-06-14T06:14:52+00:00,Cape Verde,1626,-2,,1624
30,2026-06-14T06:14:52+00:00,Curaçao,1569,+4,,1573
30,2026-06-14T06:14:52+00:00,Qatar,1548,+2,+21,1571
31,2026-06-14T19:46:02+00:00,Spain,2083,-15,,2068
31,2026-06-14T19:46:02+00:00,Argentina,2069,-11,,2057
31,2026-06-14T19:46:02+00:00,England,2031,-6,,2024
31,2026-06-14T19:46:02+00:00,France,2019,4,,2023
31,2026-06-14T19:46:02+00:00,Germany,1976,-3,16,1989
31,2026-06-14T19:46:02+00:00,Brazil,2005,-13,-9,1982
31,2026-06-14T19:46:02+00:00,Portugal,1973,-1,,1972
31,2026-06-14T19:46:02+00:00,Norway,1941,9,,1951
31,2026-06-14T19:46:02+00:00,Colombia,1951,-1,,1950
31,2026-06-14T19:46:02+00:00,Ecuador,1928,8,,1936
31,2026-06-14T19:46:02+00:00,Netherlands,1948,-14,,1935
31,2026-06-14T19:46:02+00:00,Uruguay,1924,+6,,1929
31,2026-06-14T19:46:02+00:00,Belgium,1907,-6,,1901
31,2026-06-14T19:46:02+00:00,Senegal,1890,8,,1899
31,2026-06-14T19:46:02+00:00,Croatia,1874,5,,1879
31,2026-06-14T19:46:02+00:00,Turkey,1905,4,-34,1876
31,2026-06-14T19:46:02+00:00,Morocco,1857,+5,9,1872
31,2026-06-14T19:46:02+00:00,Japan,1875,-8,,1866
31,2026-06-14T19:46:02+00:00,Switzerland,1890,-4,-21,1866
31,2026-06-14T19:46:02+00:00,Mexico,1860,-2,4,1862
31,2026-06-14T19:46:02+00:00,United States,1808,1,26,1835
31,2026-06-14T19:46:02+00:00,Austria,1837,-5,,1832
31,2026-06-14T19:46:02+00:00,Paraguay,1856,1,-26,1831
31,2026-06-14T19:46:02+00:00,Scotland,1817,-8,6,1815
31,2026-06-14T19:46:02+00:00,Australia,1768,7,34,1809
31,2026-06-14T19:46:02+00:00,Algeria,1800,3,,1802
31,2026-06-14T19:46:02+00:00,Canada,1815,-13,-11,1790
31,2026-06-14T19:46:02+00:00,Ivory Coast,1781,6,,1787
31,2026-06-14T19:46:02+00:00,South Korea,1763,6,16,1785
31,2026-06-14T19:46:02+00:00,Sweden,1791,-11,,1779
31,2026-06-14T19:46:02+00:00,Egypt,1764,6,,1770
31,2026-06-14T19:46:02+00:00,Czech Republic,1779,-9,-16,1753
31,2026-06-14T19:46:02+00:00,Panama,1740,1,,1741
31,2026-06-14T19:46:02+00:00,DR Congo,1738,-5,,1733
31,2026-06-14T19:46:02+00:00,Iran,1734,-6,,1728
31,2026-06-14T19:46:02+00:00,Bosnia and Herzegovina,1704,2,11,1717
31,2026-06-14T19:46:02+00:00,Uzbekistan,1709,5,,1714
31,2026-06-14T19:46:02+00:00,Tunisia,1692,-4,,1688
31,2026-06-14T19:46:02+00:00,South Africa,1672,-1,-4,1667
31,2026-06-14T19:46:02+00:00,Ghana,1674,-12,,1662
31,2026-06-14T19:46:02+00:00,Iraq,1656,4,,1660
31,2026-06-14T19:46:02+00:00,Jordan,1656,3,,1659
31,2026-06-14T19:46:02+00:00,New Zealand,1637,4,,1641
31,2026-06-14T19:46:02+00:00,Saudi Arabia,1637,2,,1638
31,2026-06-14T19:46:02+00:00,Haiti,1627,8,-6,1628
31,2026-06-14T19:46:02+00:00,Cape Verde,1626,-3,,1623
31,2026-06-14T19:46:02+00:00,Qatar,1548,2,21,1571
31,2026-06-14T19:46:02+00:00,Curaçao,1570,4,-16,1557
32,2026-06-14T22:40:17+00:00,Spain,2086,-14,,2072
32,2026-06-14T22:40:17+00:00,Argentina,2070,-11,,2060
32,2026-06-14T22:40:17+00:00,France,2020,+6,,2027
32,2026-06-14T22:40:17+00:00,England,2033,-6,,2027
32,2026-06-14T22:40:17+00:00,Germany,1976,-2,+16,1990
32,2026-06-14T22:40:17+00:00,Brazil,2005,-12,-9,1983
32,2026-06-14T22:40:17+00:00,Portugal,1974,+4,,1978
32,2026-06-14T22:40:17+00:00,Norway,1941,+10,,1951
32,2026-06-14T22:40:17+00:00,Colombia,1951,-1,,1950
32,2026-06-14T22:40:17+00:00,Ecuador,1928,+8,,1936
32,2026-06-14T22:40:17+00:00,Uruguay,1924,+6,,1929
32,2026-06-14T22:40:17+00:00,Netherlands,1949,-19,-4,1926
32,2026-06-14T22:40:17+00:00,Belgium,1907,-6,,1901
32,2026-06-14T22:40:17+00:00,Senegal,1887,+9,,1895
32,2026-06-14T22:40:17+00:00,Croatia,1874,+5,,1879
32,2026-06-14T22:40:17+00:00,Turkey,1906,+5,-34,1876
32,2026-06-14T22:40:17+00:00,Japan,1875,-5,+4,1873
32,2026-06-14T22:40:17+00:00,Morocco,1857,+5,+9,1872
32,2026-06-14T22:40:17+00:00,Switzerland,1890,+2,-21,1871
32,2026-06-14T22:40:17+00:00,Mexico,1860,-3,+4,1862
32,2026-06-14T22:40:17+00:00,United States,1809,+1,+26,1836
32,2026-06-14T22:40:17+00:00,Paraguay,1856,+1,-26,1831
32,2026-06-14T22:40:17+00:00,Austria,1837,-18,,1819
32,2026-06-14T22:40:17+00:00,Scotland,1817,-9,+6,1814
32,2026-06-14T22:40:17+00:00,Australia,1768,+7,+34,1810
32,2026-06-14T22:40:17+00:00,Algeria,1806,+3,,1809
32,2026-06-14T22:40:17+00:00,Canada,1815,-10,-11,1793
32,2026-06-14T22:40:17+00:00,Ivory Coast,1781,+6,,1787
32,2026-06-14T22:40:17+00:00,South Korea,1763,+6,+16,1786
32,2026-06-14T22:40:17+00:00,Sweden,1791,-11,,1780
32,2026-06-14T22:40:17+00:00,Egypt,1764,+6,,1770
32,2026-06-14T22:40:17+00:00,Czech Republic,1779,-2,-16,1760
32,2026-06-14T22:40:17+00:00,Panama,1740,+1,,1741
32,2026-06-14T22:40:17+00:00,DR Congo,1734,-6,,1728
32,2026-06-14T22:40:17+00:00,Iran,1734,-6,,1728
32,2026-06-14T22:40:17+00:00,Bosnia and Herzegovina,1704,+1,+11,1716
32,2026-06-14T22:40:17+00:00,Uzbekistan,1709,+5,,1714
32,2026-06-14T22:40:17+00:00,Tunisia,1692,-4,,1688
32,2026-06-14T22:40:17+00:00,South Africa,1672,+0,-4,1668
32,2026-06-14T22:40:17+00:00,Ghana,1674,-11,,1663
32,2026-06-14T22:40:17+00:00,Jordan,1656,+3,,1659
32,2026-06-14T22:40:17+00:00,Iraq,1651,+4,,1656
32,2026-06-14T22:40:17+00:00,Saudi Arabia,1640,+2,,1642
32,2026-06-14T22:40:17+00:00,New Zealand,1637,+5,,1641
32,2026-06-14T22:40:17+00:00,Haiti,1626,+8,-6,1628
32,2026-06-14T22:40:17+00:00,Cape Verde,1626,-2,,1624
32,2026-06-14T22:40:17+00:00,Qatar,1548,+2,+21,1571
32,2026-06-14T22:40:17+00:00,Curaçao,1569,+4,-16,1557
33,2026-06-15T01:27:49+00:00,Spain,2086,-14,,2072
33,2026-06-15T01:27:49+00:00,Argentina,2070,-11,,2060
33,2026-06-15T01:27:49+00:00,France,2020,+6,,2027
33,2026-06-15T01:27:49+00:00,England,2033,-6,,2027
33,2026-06-15T01:27:49+00:00,Germany,1976,-2,+16,1990
33,2026-06-15T01:27:49+00:00,Brazil,2005,-12,-9,1983
33,2026-06-15T01:27:49+00:00,Portugal,1974,+4,,1978
33,2026-06-15T01:27:49+00:00,Norway,1941,+10,,1951
33,2026-06-15T01:27:49+00:00,Colombia,1951,-1,,1950
33,2026-06-15T01:27:49+00:00,Uruguay,1924,+6,,1929
33,2026-06-15T01:27:49+00:00,Netherlands,1949,-19,-4,1926
33,2026-06-15T01:27:49+00:00,Ecuador,1928,+8,-25,1911
33,2026-06-15T01:27:49+00:00,Belgium,1907,-6,,1901
33,2026-06-15T01:27:49+00:00,Senegal,1887,+9,,1895
33,2026-06-15T01:27:49+00:00,Croatia,1874,+5,,1879
33,2026-06-15T01:27:49+00:00,Turkey,1906,+5,-34,1876
33,2026-06-15T01:27:49+00:00,Japan,1875,-5,+4,1873
33,2026-06-15T01:27:49+00:00,Morocco,1857,+5,+9,1872
33,2026-06-15T01:27:49+00:00,Switzerland,1890,+2,-21,1871
33,2026-06-15T01:27:49+00:00,Mexico,1860,-3,+4,1862
33,2026-06-15T01:27:49+00:00,United States,1809,+1,+26,1836
33,2026-06-15T01:27:49+00:00,Paraguay,1856,+1,-26,1831
33,2026-06-15T01:27:49+00:00,Austria,1837,-18,,1819
33,2026-06-15T01:27:49+00:00,Scotland,1817,-9,+6,1814
33,2026-06-15T01:27:49+00:00,Ivory Coast,1781,+6,+25,1812
33,2026-06-15T01:27:49+00:00,Australia,1768,+7,+34,1810
33,2026-06-15T01:27:49+00:00,Algeria,1806,+3,,1809
33,2026-06-15T01:27:49+00:00,Canada,1815,-10,-11,1793
33,2026-06-15T01:27:49+00:00,South Korea,1763,+6,+16,1786
33,2026-06-15T01:27:49+00:00,Sweden,1791,-11,,1780
33,2026-06-15T01:27:49+00:00,Egypt,1764,+6,,1770
33,2026-06-15T01:27:49+00:00,Czech Republic,1779,-2,-16,1760
33,2026-06-15T01:27:49+00:00,Panama,1740,+1,,1741
33,2026-06-15T01:27:49+00:00,DR Congo,1734,-6,,1728
33,2026-06-15T01:27:49+00:00,Iran,1734,-6,,1728
33,2026-06-15T01:27:49+00:00,Bosnia and Herzegovina,1704,+1,+11,1716
33,2026-06-15T01:27:49+00:00,Uzbekistan,1709,+5,,1714
33,2026-06-15T01:27:49+00:00,Tunisia,1692,-4,,1688
33,2026-06-15T01:27:49+00:00,South Africa,1672,0,-4,1668
33,2026-06-15T01:27:49+00:00,Ghana,1674,-11,,1663
33,2026-06-15T01:27:49+00:00,Jordan,1656,+3,,1659
33,2026-06-15T01:27:49+00:00,Iraq,1651,+4,,1656
33,2026-06-15T01:27:49+00:00,Saudi Arabia,1640,+2,,1642
33,2026-06-15T01:27:49+00:00,New Zealand,1637,+5,,1641
33,2026-06-15T01:27:49+00:00,Haiti,1626,+8,-6,1628
33,2026-06-15T01:27:49+00:00,Cape Verde,1626,-2,,1624
33,2026-06-15T01:27:49+00:00,Qatar,1548,+2,+21,1571
33,2026-06-15T01:27:49+00:00,Curaçao,1569,+4,-16,1557
34,2026-06-15T04:52:38+00:00,Spain,2086,-14,,2072
34,2026-06-15T04:52:38+00:00,Argentina,2070,-11,,2060
34,2026-06-15T04:52:38+00:00,England,2033,-6,,2027
34,2026-06-15T04:52:38+00:00,France,2020,+6,,2027
34,2026-06-15T04:52:38+00:00,Germany,1976,-2,+16,1990
34,2026-06-15T04:52:38+00:00,Brazil,2005,-12,-9,1983
34,2026-06-15T04:52:38+00:00,Portugal,1974,+4,,1978
34,2026-06-15T04:52:38+00:00,Norway,1941,+10,,1951
34,2026-06-15T04:52:38+00:00,Colombia,1951,-1,,1950
34,2026-06-15T04:52:38+00:00,Uruguay,1924,+6,,1929
34,2026-06-15T04:52:38+00:00,Netherlands,1949,-19,-4,1926
34,2026-06-15T04:52:38+00:00,Ecuador,1928,+8,-25,1911
34,2026-06-15T04:52:38+00:00,Belgium,1907,-6,,1901
34,2026-06-15T04:52:38+00:00,Senegal,1887,+9,,1895
34,2026-06-15T04:52:38+00:00,Croatia,1874,+5,,1879
34,2026-06-15T04:52:38+00:00,Turkey,1906,+5,-34,1876
34,2026-06-15T04:52:38+00:00,Japan,1875,-5,+4,1873
34,2026-06-15T04:52:38+00:00,Morocco,1857,+5,+9,1872
34,2026-06-15T04:52:38+00:00,Switzerland,1890,+2,-21,1871
34,2026-06-15T04:52:38+00:00,Mexico,1860,-3,+4,1862
34,2026-06-15T04:52:38+00:00,United States,1809,+1,+26,1836
34,2026-06-15T04:52:38+00:00,Paraguay,1856,+1,-26,1831
34,2026-06-15T04:52:38+00:00,Austria,1837,-18,,1819
34,2026-06-15T04:52:38+00:00,Scotland,1817,-9,+6,1814
34,2026-06-15T04:52:38+00:00,Ivory Coast,1781,+6,+25,1812
34,2026-06-15T04:52:38+00:00,Australia,1768,+7,+34,1810
34,2026-06-15T04:52:38+00:00,Algeria,1806,+3,,1809
34,2026-06-15T04:52:38+00:00,Sweden,1791,-11,+26,1806
34,2026-06-15T04:52:38+00:00,Canada,1815,-10,-11,1793
34,2026-06-15T04:52:38+00:00,South Korea,1763,+6,+16,1786
34,2026-06-15T04:52:38+00:00,Egypt,1764,+6,,1770
34,2026-06-15T04:52:38+00:00,Czech Republic,1779,-2,-16,1760
34,2026-06-15T04:52:38+00:00,Panama,1740,+1,,1741
34,2026-06-15T04:52:38+00:00,DR Congo,1734,-6,,1728
34,2026-06-15T04:52:38+00:00,Iran,1734,-6,,1728
34,2026-06-15T04:52:38+00:00,Bosnia and Herzegovina,1704,+1,+11,1716
34,2026-06-15T04:52:38+00:00,Uzbekistan,1709,+5,,1714
34,2026-06-15T04:52:38+00:00,South Africa,1672,0,-4,1668
34,2026-06-15T04:52:38+00:00,Ghana,1674,-11,,1663
34,2026-06-15T04:52:38+00:00,Tunisia,1692,-4,-26,1662
34,2026-06-15T04:52:38+00:00,Jordan,1656,+3,,1659
34,2026-06-15T04:52:38+00:00,Iraq,1651,+4,,1656
34,2026-06-15T04:52:38+00:00,Saudi Arabia,1640,+2,,1642
34,2026-06-15T04:52:38+00:00,New Zealand,1637,+5,,1641
34,2026-06-15T04:52:38+00:00,Haiti,1626,+8,-6,1628
34,2026-06-15T04:52:38+00:00,Cape Verde,1626,-2,,1624
34,2026-06-15T04:52:38+00:00,Qatar,1548,+2,+21,1571
34,2026-06-15T04:52:38+00:00,Curaçao,1569,+4,-16,1557
35,2026-06-15T18:15:48+00:00,Argentina,2070,-11,,2060
35,2026-06-15T18:15:48+00:00,Spain,2086,-13,-24,2048
35,2026-06-15T18:15:48+00:00,England,2033,-6,,2027
35,2026-06-15T18:15:48+00:00,France,2020,+6,,2027
35,2026-06-15T18:15:48+00:00,Germany,1976,-2,+16,1990
35,2026-06-15T18:15:48+00:00,Brazil,2005,-12,-9,1983
35,2026-06-15T18:15:48+00:00,Portugal,1974,+4,,1978
35,2026-06-15T18:15:48+00:00,Norway,1941,+10,,1951
35,2026-06-15T18:15:48+00:00,Colombia,1951,-1,,1950
35,2026-06-15T18:15:48+00:00,Uruguay,1924,+6,,1929
35,2026-06-15T18:15:48+00:00,Netherlands,1949,-19,-4,1926
35,2026-06-15T18:15:48+00:00,Ecuador,1928,+8,-25,1911
35,2026-06-15T18:15:48+00:00,Belgium,1907,-6,,1901
35,2026-06-15T18:15:48+00:00,Senegal,1887,+9,,1895
35,2026-06-15T18:15:48+00:00,Croatia,1874,+5,,1879
35,2026-06-15T18:15:48+00:00,Turkey,1906,+5,-34,1876
35,2026-06-15T18:15:48+00:00,Japan,1875,-5,+4,1873
35,2026-06-15T18:15:48+00:00,Morocco,1857,+5,+9,1872
35,2026-06-15T18:15:48+00:00,Switzerland,1890,+2,-21,1871
35,2026-06-15T18:15:48+00:00,Mexico,1860,-3,+4,1862
35,2026-06-15T18:15:48+00:00,United States,1809,+1,+26,1836
35,2026-06-15T18:15:48+00:00,Paraguay,1856,+1,-26,1831
35,2026-06-15T18:15:48+00:00,Austria,1837,-18,,1819
35,2026-06-15T18:15:48+00:00,Scotland,1817,-9,+6,1814
35,2026-06-15T18:15:48+00:00,Ivory Coast,1781,+6,+25,1812
35,2026-06-15T18:15:48+00:00,Australia,1768,+7,+34,1810
35,2026-06-15T18:15:48+00:00,Algeria,1806,+3,,1809
35,2026-06-15T18:15:48+00:00,Sweden,1791,-11,+26,1806
35,2026-06-15T18:15:48+00:00,Canada,1815,-10,-11,1793
35,2026-06-15T18:15:48+00:00,South Korea,1763,+6,+16,1786
35,2026-06-15T18:15:48+00:00,Egypt,1764,+6,,1770
35,2026-06-15T18:15:48+00:00,Czech Republic,1779,-2,-16,1760
35,2026-06-15T18:15:48+00:00,Panama,1740,+1,,1741
35,2026-06-15T18:15:48+00:00,DR Congo,1734,-6,,1728
35,2026-06-15T18:15:48+00:00,Iran,1734,-6,,1728
35,2026-06-15T18:15:48+00:00,Bosnia and Herzegovina,1704,+1,+11,1716
35,2026-06-15T18:15:48+00:00,Uzbekistan,1709,+5,,1714
35,2026-06-15T18:15:48+00:00,South Africa,1672,0,-4,1668
35,2026-06-15T18:15:48+00:00,Ghana,1674,-11,,1663
35,2026-06-15T18:15:48+00:00,Tunisia,1692,-4,-26,1662
35,2026-06-15T18:15:48+00:00,Jordan,1656,+3,,1659
35,2026-06-15T18:15:48+00:00,Iraq,1651,+4,,1656
35,2026-06-15T18:15:48+00:00,Cape Verde,1626,-2,+24,1648
35,2026-06-15T18:15:48+00:00,Saudi Arabia,1640,+2,,1642
35,2026-06-15T18:15:48+00:00,New Zealand,1637,+5,,1641
35,2026-06-15T18:15:48+00:00,Haiti,1626,+8,-6,1628
35,2026-06-15T18:15:48+00:00,Qatar,1548,+2,+21,1571
35,2026-06-15T18:15:48+00:00,Curaçao,1569,+4,-16,1557
36,2026-06-15T21:24:56+00:00,Argentina,2070,-11,,2060
36,2026-06-15T21:24:56+00:00,Spain,2086,-13,-24,2048
36,2026-06-15T21:24:56+00:00,France,2020,+6,,2027
36,2026-06-15T21:24:56+00:00,England,2033,-6,,2027
36,2026-06-15T21:24:56+00:00,Germany,1976,-2,+16,1990
36,2026-06-15T21:24:56+00:00,Brazil,2005,-12,-9,1983
36,2026-06-15T21:24:56+00:00,Portugal,1974,+4,,1978
36,2026-06-15T21:24:56+00:00,Norway,1941,+10,,1951
36,2026-06-15T21:24:56+00:00,Colombia,1951,-1,,1950
36,2026-06-15T21:24:56+00:00,Uruguay,1924,+6,,1929
36,2026-06-15T21:24:56+00:00,Netherlands,1949,-19,-4,1926
36,2026-06-15T21:24:56+00:00,Ecuador,1928,+8,-25,1911
36,2026-06-15T21:24:56+00:00,Senegal,1887,+9,,1895
36,2026-06-15T21:24:56+00:00,Belgium,1907,-6,-9,1891
36,2026-06-15T21:24:56+00:00,Croatia,1874,+5,,1879
36,2026-06-15T21:24:56+00:00,Turkey,1906,+5,-34,1876
36,2026-06-15T21:24:56+00:00,Japan,1875,-5,+4,1873
36,2026-06-15T21:24:56+00:00,Morocco,1857,+5,+9,1872
36,2026-06-15T21:24:56+00:00,Switzerland,1890,+2,-21,1871
36,2026-06-15T21:24:56+00:00,Mexico,1860,-3,+4,1862
36,2026-06-15T21:24:56+00:00,United States,1809,+1,+26,1836
36,2026-06-15T21:24:56+00:00,Paraguay,1856,+1,-26,1831
36,2026-06-15T21:24:56+00:00,Austria,1837,-18,,1819
36,2026-06-15T21:24:56+00:00,Scotland,1817,-9,+6,1814
36,2026-06-15T21:24:56+00:00,Ivory Coast,1781,+6,+25,1812
36,2026-06-15T21:24:56+00:00,Australia,1768,+7,+34,1810
36,2026-06-15T21:24:56+00:00,Algeria,1806,+3,,1809
36,2026-06-15T21:24:56+00:00,Sweden,1791,-11,+26,1806
36,2026-06-15T21:24:56+00:00,Canada,1815,-10,-11,1793
36,2026-06-15T21:24:56+00:00,South Korea,1763,+6,+16,1786
36,2026-06-15T21:24:56+00:00,Egypt,1764,+6,+9,1779
36,2026-06-15T21:24:56+00:00,Czech Republic,1779,-2,-16,1760
36,2026-06-15T21:24:56+00:00,Panama,1740,+1,,1741
36,2026-06-15T21:24:56+00:00,Iran,1734,-6,,1728
36,2026-06-15T21:24:56+00:00,DR Congo,1734,-6,,1728
36,2026-06-15T21:24:56+00:00,Bosnia and Herzegovina,1704,+1,+11,1716
36,2026-06-15T21:24:56+00:00,Uzbekistan,1709,+5,,1714
36,2026-06-15T21:24:56+00:00,South Africa,1672,0,-4,1668
36,2026-06-15T21:24:56+00:00,Ghana,1674,-11,,1663
36,2026-06-15T21:24:56+00:00,Tunisia,1692,-4,-26,1662
36,2026-06-15T21:24:56+00:00,Jordan,1656,+3,,1659
36,2026-06-15T21:24:56+00:00,Iraq,1651,+4,,1656
36,2026-06-15T21:24:56+00:00,Cape Verde,1626,-2,+24,1648
36,2026-06-15T21:24:56+00:00,Saudi Arabia,1640,+2,,1642
36,2026-06-15T21:24:56+00:00,New Zealand,1637,+5,,1641
36,2026-06-15T21:24:56+00:00,Haiti,1626,+8,-6,1628
36,2026-06-15T21:24:56+00:00,Qatar,1548,+2,+21,1571
36,2026-06-15T21:24:56+00:00,Curaçao,1569,+4,-16,1557
37,2026-06-16T00:23:53+00:00,Argentina,2070,-11,,2060
37,2026-06-16T00:23:53+00:00,Spain,2086,-13,-24,2048
37,2026-06-16T00:23:53+00:00,England,2033,-6,,2027
37,2026-06-16T00:23:53+00:00,France,2020,+6,,2027
37,2026-06-16T00:23:53+00:00,Germany,1976,-2,+16,1990
37,2026-06-16T00:23:53+00:00,Brazil,2005,-12,-9,1983
37,2026-06-16T00:23:53+00:00,Portugal,1974,+4,,1978
37,2026-06-16T00:23:53+00:00,Norway,1941,+10,,1951
37,2026-06-16T00:23:53+00:00,Colombia,1951,-1,,1950
37,2026-06-16T00:23:53+00:00,Netherlands,1949,-19,-4,1926
37,2026-06-16T00:23:53+00:00,Uruguay,1924,+6,-17,1913
37,2026-06-16T00:23:53+00:00,Ecuador,1928,+8,-25,1911
37,2026-06-16T00:23:53+00:00,Senegal,1887,+9,,1895
37,2026-06-16T00:23:53+00:00,Belgium,1907,-6,-9,1891
37,2026-06-16T00:23:53+00:00,Croatia,1874,+5,,1879
37,2026-06-16T00:23:53+00:00,Turkey,1906,+5,-34,1876
37,2026-06-16T00:23:53+00:00,Japan,1875,-5,+4,1873
37,2026-06-16T00:23:53+00:00,Morocco,1857,+5,+9,1872
37,2026-06-16T00:23:53+00:00,Switzerland,1890,+2,-21,1871
37,2026-06-16T00:23:53+00:00,Mexico,1860,-3,+4,1862
37,2026-06-16T00:23:53+00:00,United States,1809,+1,+26,1836
37,2026-06-16T00:23:53+00:00,Paraguay,1856,+1,-26,1831
37,2026-06-16T00:23:53+00:00,Austria,1837,-18,,1819
37,2026-06-16T00:23:53+00:00,Scotland,1817,-9,+6,1814
37,2026-06-16T00:23:53+00:00,Ivory Coast,1781,+6,+25,1812
37,2026-06-16T00:23:53+00:00,Australia,1768,+7,+34,1810
37,2026-06-16T00:23:53+00:00,Algeria,1806,+3,,1809
37,2026-06-16T00:23:53+00:00,Sweden,1791,-11,+26,1806
37,2026-06-16T00:23:53+00:00,Canada,1815,-10,-11,1793
37,2026-06-16T00:23:53+00:00,South Korea,1763,+6,+16,1786
37,2026-06-16T00:23:53+00:00,Egypt,1764,+6,+9,1779
37,2026-06-16T00:23:53+00:00,Czech Republic,1779,-2,-16,1760
37,2026-06-16T00:23:53+00:00,Panama,1740,+1,,1741
37,2026-06-16T00:23:53+00:00,Iran,1734,-6,,1728
37,2026-06-16T00:23:53+00:00,DR Congo,1734,-6,,1728
37,2026-06-16T00:23:53+00:00,Bosnia and Herzegovina,1704,+1,+11,1716
37,2026-06-16T00:23:53+00:00,Uzbekistan,1709,+5,,1714
37,2026-06-16T00:23:53+00:00,South Africa,1672,0,-4,1668
37,2026-06-16T00:23:53+00:00,Ghana,1674,-11,,1663
37,2026-06-16T00:23:53+00:00,Tunisia,1692,-4,-26,1662
37,2026-06-16T00:23:53+00:00,Saudi Arabia,1640,+2,+17,1659
37,2026-06-16T00:23:53+00:00,Jordan,1656,+3,,1659
37,2026-06-16T00:23:53+00:00,Iraq,1651,+4,,1656
37,2026-06-16T00:23:53+00:00,Cape Verde,1626,-2,+24,1648
37,2026-06-16T00:23:53+00:00,New Zealand,1637,+5,,1641
37,2026-06-16T00:23:53+00:00,Haiti,1626,+8,-6,1628
37,2026-06-16T00:23:53+00:00,Qatar,1548,+2,+21,1571
37,2026-06-16T00:23:53+00:00,Curaçao,1569,+4,-16,1557
38,2026-06-16T04:08:19+00:00,Argentina,2070,-11,,2060
38,2026-06-16T04:08:19+00:00,Spain,2086,-13,-24,2048
38,2026-06-16T04:08:19+00:00,France,2020,+6,,2027
38,2026-06-16T04:08:19+00:00,England,2033,-6,,2027
38,2026-06-16T04:08:19+00:00,Germany,1976,-2,+16,1990
38,2026-06-16T04:08:19+00:00,Brazil,2005,-12,-9,1983
38,2026-06-16T04:08:19+00:00,Portugal,1974,+4,,1978
38,2026-06-16T04:08:19+00:00,Norway,1941,+10,,1951
38,2026-06-16T04:08:19+00:00,Colombia,1951,-1,,1950
38,2026-06-16T04:08:19+00:00,Netherlands,1949,-19,-4,1926
38,2026-06-16T04:08:19+00:00,Uruguay,1924,+6,-17,1913
38,2026-06-16T04:08:19+00:00,Ecuador,1928,+8,-25,1911
38,2026-06-16T04:08:19+00:00,Senegal,1887,+9,,1895
38,2026-06-16T04:08:19+00:00,Belgium,1907,-6,-9,1891
38,2026-06-16T04:08:19+00:00,Croatia,1874,+5,,1879
38,2026-06-16T04:08:19+00:00,Turkey,1906,+5,-34,1876
38,2026-06-16T04:08:19+00:00,Japan,1875,-5,+4,1873
38,2026-06-16T04:08:19+00:00,Morocco,1857,+5,+9,1872
38,2026-06-16T04:08:19+00:00,Switzerland,1890,+2,-21,1871
38,2026-06-16T04:08:19+00:00,Mexico,1860,-3,+4,1862
38,2026-06-16T04:08:19+00:00,United States,1809,+1,+26,1836
38,2026-06-16T04:08:19+00:00,Paraguay,1856,+1,-26,1831
38,2026-06-16T04:08:19+00:00,Austria,1837,-18,,1819
38,2026-06-16T04:08:19+00:00,Scotland,1817,-9,+6,1814
38,2026-06-16T04:08:19+00:00,Ivory Coast,1781,+6,+25,1812
38,2026-06-16T04:08:19+00:00,Australia,1768,+7,+34,1810
38,2026-06-16T04:08:19+00:00,Algeria,1806,+3,,1809
38,2026-06-16T04:08:19+00:00,Sweden,1791,-11,+26,1806
38,2026-06-16T04:08:19+00:00,Canada,1815,-10,-11,1793
38,2026-06-16T04:08:19+00:00,South Korea,1763,+6,+16,1786
38,2026-06-16T04:08:19+00:00,Egypt,1764,+6,+9,1779
38,2026-06-16T04:08:19+00:00,Czech Republic,1779,-2,-16,1760
38,2026-06-16T04:08:19+00:00,Panama,1740,+1,,1741
38,2026-06-16T04:08:19+00:00,DR Congo,1734,-6,,1728
38,2026-06-16T04:08:19+00:00,Iran,1734,-6,-7,1722
38,2026-06-16T04:08:19+00:00,Bosnia and Herzegovina,1704,+1,+11,1716
38,2026-06-16T04:08:19+00:00,Uzbekistan,1709,+5,,1714
38,2026-06-16T04:08:19+00:00,South Africa,1672,0,-4,1668
38,2026-06-16T04:08:19+00:00,Ghana,1674,-11,,1663
38,2026-06-16T04:08:19+00:00,Tunisia,1692,-4,-26,1662
38,2026-06-16T04:08:19+00:00,Saudi Arabia,1640,+2,+17,1659
38,2026-06-16T04:08:19+00:00,Jordan,1656,+3,,1659
38,2026-06-16T04:08:19+00:00,Iraq,1651,+4,,1656
38,2026-06-16T04:08:19+00:00,Cape Verde,1626,-2,+24,1648
38,2026-06-16T04:08:19+00:00,New Zealand,1637,+5,+7,1648
38,2026-06-16T04:08:19+00:00,Haiti,1626,+8,-6,1628
38,2026-06-16T04:08:19+00:00,Qatar,1548,+2,+21,1571
38,2026-06-16T04:08:19+00:00,Curaçao,1569,+4,-16,1557
39,2026-06-16T21:31:31+00:00,Argentina,2069,-11,,2057
39,2026-06-16T21:31:31+00:00,Spain,2083,-15,-24,2044
39,2026-06-16T21:31:31+00:00,France,2019,4,+15,2037
39,2026-06-16T21:31:31+00:00,England,2031,-6,,2024
39,2026-06-16T21:31:31+00:00,Germany,1976,-3,+16,1989
39,2026-06-16T21:31:31+00:00,Brazil,2005,-13,-9,1982
39,2026-06-16T21:31:31+00:00,Portugal,1973,-1,,1972
39,2026-06-16T21:31:31+00:00,Norway,1941,9,,1951
39,2026-06-16T21:31:31+00:00,Colombia,1951,-1,,1950
39,2026-06-16T21:31:31+00:00,Netherlands,1948,-14,-4,1931
39,2026-06-16T21:31:31+00:00,Uruguay,1924,+6,-17,1912
39,2026-06-16T21:31:31+00:00,Ecuador,1928,8,-25,1910
39,2026-06-16T21:31:31+00:00,Belgium,1907,-6,-9,1892
39,2026-06-16T21:31:31+00:00,Senegal,1890,8,-15,1884
39,2026-06-16T21:31:31+00:00,Croatia,1874,5,,1879
39,2026-06-16T21:31:31+00:00,Turkey,1905,4,-34,1876
39,2026-06-16T21:31:31+00:00,Morocco,1857,+5,+9,1872
39,2026-06-16T21:31:31+00:00,Japan,1875,-8,+4,1870
39,2026-06-16T21:31:31+00:00,Switzerland,1890,-4,-21,1866
39,2026-06-16T21:31:31+00:00,Mexico,1860,-2,+4,1862
39,2026-06-16T21:31:31+00:00,United States,1808,1,+26,1835
39,2026-06-16T21:31:31+00:00,Austria,1837,-5,,1832
39,2026-06-16T21:31:31+00:00,Paraguay,1856,1,-26,1831
39,2026-06-16T21:31:31+00:00,Scotland,1817,-8,+6,1815
39,2026-06-16T21:31:31+00:00,Ivory Coast,1781,6,+25,1812
39,2026-06-16T21:31:31+00:00,Australia,1768,7,+34,1809
39,2026-06-16T21:31:31+00:00,Sweden,1791,-11,+26,1806
39,2026-06-16T21:31:31+00:00,Algeria,1800,3,,1802
39,2026-06-16T21:31:31+00:00,Canada,1815,-13,-11,1790
39,2026-06-16T21:31:31+00:00,South Korea,1763,6,+16,1785
39,2026-06-16T21:31:31+00:00,Egypt,1764,6,+9,1779
39,2026-06-16T21:31:31+00:00,Czech Republic,1779,-9,-16,1753
39,2026-06-16T21:31:31+00:00,Panama,1740,1,,1741
39,2026-06-16T21:31:31+00:00,DR Congo,1738,-5,,1733
39,2026-06-16T21:31:31+00:00,Iran,1734,-6,-7,1721
39,2026-06-16T21:31:31+00:00,Bosnia and Herzegovina,1704,2,+11,1717
39,2026-06-16T21:31:31+00:00,Uzbekistan,1709,5,,1714
39,2026-06-16T21:31:31+00:00,South Africa,1672,-1,-4,1667
39,2026-06-16T21:31:31+00:00,Ghana,1674,-12,,1662
39,2026-06-16T21:31:31+00:00,Tunisia,1692,-4,-26,1661
39,2026-06-16T21:31:31+00:00,Iraq,1656,4,,1660
39,2026-06-16T21:31:31+00:00,Jordan,1656,3,,1659
39,2026-06-16T21:31:31+00:00,Saudi Arabia,1637,2,+17,1655
39,2026-06-16T21:31:31+00:00,New Zealand,1637,4,+7,1648
39,2026-06-16T21:31:31+00:00,Cape Verde,1626,-3,+24,1648
39,2026-06-16T21:31:31+00:00,Haiti,1627,8,-6,1628
39,2026-06-16T21:31:31+00:00,Qatar,1548,2,+21,1571
39,2026-06-16T21:31:31+00:00,Curaçao,1570,4,-16,1557
40,2026-06-17T00:25:17+00:00,Argentina,2070,-11,,2060
40,2026-06-17T00:25:17+00:00,Spain,2086,-13,-24,2048
40,2026-06-17T00:25:17+00:00,France,2020,+6,+14,2041
40,2026-06-17T00:25:17+00:00,England,2033,-6,,2027
40,2026-06-17T00:25:17+00:00,Germany,1976,-2,+16,1990
40,2026-06-17T00:25:17+00:00,Brazil,2005,-12,-9,1983
40,2026-06-17T00:25:17+00:00,Portugal,1974,+4,,1978
40,2026-06-17T00:25:17+00:00,Norway,1941,+10,+11,1962
40,2026-06-17T00:25:17+00:00,Colombia,1951,-1,,1950
40,2026-06-17T00:25:17+00:00,Netherlands,1949,-19,-4,1926
40,2026-06-17T00:25:17+00:00,Uruguay,1924,+6,-17,1913
40,2026-06-17T00:25:17+00:00,Ecuador,1928,+8,-25,1911
40,2026-06-17T00:25:17+00:00,Belgium,1907,-6,-9,1891
40,2026-06-17T00:25:17+00:00,Senegal,1887,+9,-14,1881
40,2026-06-17T00:25:17+00:00,Croatia,1874,+5,,1879
40,2026-06-17T00:25:17+00:00,Turkey,1906,+5,-34,1876
40,2026-06-17T00:25:17+00:00,Japan,1875,-5,+4,1873
40,2026-06-17T00:25:17+00:00,Morocco,1857,+5,+9,1872
40,2026-06-17T00:25:17+00:00,Switzerland,1890,+2,-21,1871
40,2026-06-17T00:25:17+00:00,Mexico,1860,-3,+4,1862
40,2026-06-17T00:25:17+00:00,United States,1809,+1,+26,1836
40,2026-06-17T00:25:17+00:00,Paraguay,1856,+1,-26,1831
40,2026-06-17T00:25:17+00:00,Austria,1837,-18,,1819
40,2026-06-17T00:25:17+00:00,Scotland,1817,-9,+6,1814
40,2026-06-17T00:25:17+00:00,Ivory Coast,1781,+6,+25,1812
40,2026-06-17T00:25:17+00:00,Australia,1768,+7,+34,1810
40,2026-06-17T00:25:17+00:00,Algeria,1806,+3,,1809
40,2026-06-17T00:25:17+00:00,Sweden,1791,-11,+26,1806
40,2026-06-17T00:25:17+00:00,Canada,1815,-10,-11,1793
40,2026-06-17T00:25:17+00:00,South Korea,1763,+6,+16,1786
40,2026-06-17T00:25:17+00:00,Egypt,1764,+6,+9,1779
40,2026-06-17T00:25:17+00:00,Czech Republic,1779,-2,-16,1760
40,2026-06-17T00:25:17+00:00,Panama,1740,+1,,1741
40,2026-06-17T00:25:17+00:00,DR Congo,1734,-6,,1728
40,2026-06-17T00:25:17+00:00,Iran,1734,-6,-7,1722
40,2026-06-17T00:25:17+00:00,Bosnia and Herzegovina,1704,+1,+11,1716
40,2026-06-17T00:25:17+00:00,Uzbekistan,1709,+5,,1714
40,2026-06-17T00:25:17+00:00,South Africa,1672,0,-4,1668
40,2026-06-17T00:25:17+00:00,Ghana,1674,-11,,1663
40,2026-06-17T00:25:17+00:00,Tunisia,1692,-4,-26,1662
40,2026-06-17T00:25:17+00:00,Saudi Arabia,1640,+2,+17,1659
40,2026-06-17T00:25:17+00:00,Jordan,1656,+3,,1659
40,2026-06-17T00:25:17+00:00,Cape Verde,1626,-2,+24,1648
40,2026-06-17T00:25:17+00:00,New Zealand,1637,+5,+7,1648
40,2026-06-17T00:25:17+00:00,Iraq,1651,+4,-11,1645
40,2026-06-17T00:25:17+00:00,Haiti,1626,+8,-6,1628
40,2026-06-17T00:25:17+00:00,Qatar,1548,+2,+21,1571
40,2026-06-17T00:25:17+00:00,Curaçao,1569,+4,-16,1557
41,2026-06-17T03:32:03+00:00,Argentina,2070,-10,+13,2073
41,2026-06-17T03:32:03+00:00,Spain,2086,-13,-24,2048
41,2026-06-17T03:32:03+00:00,France,2020,+6,+14,2041
41,2026-06-17T03:32:03+00:00,England,2033,-6,,2027
41,2026-06-17T03:32:03+00:00,Germany,1976,-2,+16,1990
41,2026-06-17T03:32:03+00:00,Brazil,2005,-12,-9,1983
41,2026-06-17T03:32:03+00:00,Portugal,1974,+4,,1978
41,2026-06-17T03:32:03+00:00,Norway,1941,+10,+11,1962
41,2026-06-17T03:32:03+00:00,Colombia,1951,-1,,1950
41,2026-06-17T03:32:03+00:00,Netherlands,1949,-19,-4,1926
41,2026-06-17T03:32:03+00:00,Uruguay,1924,+6,-17,1913
41,2026-06-17T03:32:03+00:00,Ecuador,1928,+8,-25,1911
41,2026-06-17T03:32:03+00:00,Belgium,1907,-6,-9,1891
41,2026-06-17T03:32:03+00:00,Senegal,1887,+9,-14,1881
41,2026-06-17T03:32:03+00:00,Croatia,1874,+5,,1879
41,2026-06-17T03:32:03+00:00,Turkey,1906,+5,-34,1876
41,2026-06-17T03:32:03+00:00,Japan,1875,-5,+4,1873
41,2026-06-17T03:32:03+00:00,Morocco,1857,+5,+9,1872
41,2026-06-17T03:32:03+00:00,Switzerland,1890,+2,-21,1871
41,2026-06-17T03:32:03+00:00,Mexico,1860,-3,+4,1862
41,2026-06-17T03:32:03+00:00,United States,1809,+1,+26,1836
41,2026-06-17T03:32:03+00:00,Paraguay,1856,+1,-26,1831
41,2026-06-17T03:32:03+00:00,Austria,1837,-18,,1819
41,2026-06-17T03:32:03+00:00,Scotland,1817,-9,+6,1814
41,2026-06-17T03:32:03+00:00,Ivory Coast,1781,+6,+25,1812
41,2026-06-17T03:32:03+00:00,Australia,1768,+7,+34,1810
41,2026-06-17T03:32:03+00:00,Sweden,1791,-11,+26,1806
41,2026-06-17T03:32:03+00:00,Algeria,1806,+3,-13,1796
41,2026-06-17T03:32:03+00:00,Canada,1815,-10,-11,1793
41,2026-06-17T03:32:03+00:00,South Korea,1763,+6,+16,1786
41,2026-06-17T03:32:03+00:00,Egypt,1764,+6,+9,1779
41,2026-06-17T03:32:03+00:00,Czech Republic,1779,-2,-16,1760
41,2026-06-17T03:32:03+00:00,Panama,1740,+1,,1741
41,2026-06-17T03:32:03+00:00,DR Congo,1734,-6,,1728
41,2026-06-17T03:32:03+00:00,Iran,1734,-6,-7,1722
41,2026-06-17T03:32:03+00:00,Bosnia and Herzegovina,1704,+1,+11,1716
41,2026-06-17T03:32:03+00:00,Uzbekistan,1709,+5,,1714
41,2026-06-17T03:32:03+00:00,South Africa,1672,0,-4,1668
41,2026-06-17T03:32:03+00:00,Ghana,1674,-12,,1663
41,2026-06-17T03:32:03+00:00,Tunisia,1692,-4,-26,1662
41,2026-06-17T03:32:03+00:00,Jordan,1656,+3,,1659
41,2026-06-17T03:32:03+00:00,Saudi Arabia,1640,+2,+17,1659
41,2026-06-17T03:32:03+00:00,Cape Verde,1626,-2,+24,1648
41,2026-06-17T03:32:03+00:00,New Zealand,1637,+5,+7,1648
41,2026-06-17T03:32:03+00:00,Iraq,1651,+4,-11,1645
41,2026-06-17T03:32:03+00:00,Haiti,1626,+8,-6,1628
41,2026-06-17T03:32:03+00:00,Qatar,1548,+2,+21,1571
41,2026-06-17T03:32:03+00:00,Curaçao,1569,+4,-16,1557
42,2026-06-17T14:37:00+00:00,Argentina,2070,-10,+13,2073
42,2026-06-17T14:37:00+00:00,Spain,2086,-13,-24,2048
42,2026-06-17T14:37:00+00:00,France,2020,+6,+14,2041
42,2026-06-17T14:37:00+00:00,England,2033,-6,,2027
42,2026-06-17T14:37:00+00:00,Germany,1976,-2,+16,1990
42,2026-06-17T14:37:00+00:00,Brazil,2005,-12,-9,1983
42,2026-06-17T14:37:00+00:00,Portugal,1974,+4,,1978
42,2026-06-17T14:37:00+00:00,Norway,1941,+10,+11,1962
42,2026-06-17T14:37:00+00:00,Colombia,1951,-1,,1950
42,2026-06-17T14:37:00+00:00,Netherlands,1949,-19,-4,1926
42,2026-06-17T14:37:00+00:00,Uruguay,1924,+6,-17,1913
42,2026-06-17T14:37:00+00:00,Ecuador,1928,+8,-25,1911
42,2026-06-17T14:37:00+00:00,Belgium,1907,-6,-9,1891
42,2026-06-17T14:37:00+00:00,Senegal,1887,+9,-14,1881
42,2026-06-17T14:37:00+00:00,Croatia,1874,+5,,1879
42,2026-06-17T14:37:00+00:00,Turkey,1906,+5,-34,1876
42,2026-06-17T14:37:00+00:00,Japan,1875,-5,+4,1873
42,2026-06-17T14:37:00+00:00,Morocco,1857,+5,+9,1872
42,2026-06-17T14:37:00+00:00,Switzerland,1890,+2,-21,1871
42,2026-06-17T14:37:00+00:00,Mexico,1860,-3,+4,1862
42,2026-06-17T14:37:00+00:00,United States,1809,+1,+26,1836
42,2026-06-17T14:37:00+00:00,Austria,1837,-18,+14,1833
42,2026-06-17T14:37:00+00:00,Paraguay,1856,+1,-26,1831
42,2026-06-17T14:37:00+00:00,Scotland,1817,-9,+6,1814
42,2026-06-17T14:37:00+00:00,Ivory Coast,1781,+6,+25,1812
42,2026-06-17T14:37:00+00:00,Australia,1768,+7,+34,1810
42,2026-06-17T14:37:00+00:00,Sweden,1791,-11,+26,1806
42,2026-06-17T14:37:00+00:00,Algeria,1806,+3,-13,1796
42,2026-06-17T14:37:00+00:00,Canada,1815,-10,-11,1793
42,2026-06-17T14:37:00+00:00,South Korea,1763,+6,+16,1786
42,2026-06-17T14:37:00+00:00,Egypt,1764,+6,+9,1779
42,2026-06-17T14:37:00+00:00,Czech Republic,1779,-2,-16,1760
42,2026-06-17T14:37:00+00:00,Panama,1740,+1,,1741
42,2026-06-17T14:37:00+00:00,DR Congo,1734,-6,,1728
42,2026-06-17T14:37:00+00:00,Iran,1734,-6,-7,1722
42,2026-06-17T14:37:00+00:00,Bosnia and Herzegovina,1704,+1,+11,1716
42,2026-06-17T14:37:00+00:00,Uzbekistan,1709,+5,,1714
42,2026-06-17T14:37:00+00:00,South Africa,1672,0,-4,1668
42,2026-06-17T14:37:00+00:00,Ghana,1674,-12,,1663
42,2026-06-17T14:37:00+00:00,Tunisia,1692,-4,-26,1662
42,2026-06-17T14:37:00+00:00,Saudi Arabia,1640,+2,+17,1659
42,2026-06-17T14:37:00+00:00,New Zealand,1637,+5,+7,1648
42,2026-06-17T14:37:00+00:00,Cape Verde,1626,-2,+24,1648
42,2026-06-17T14:37:00+00:00,Iraq,1651,+4,-11,1645
42,2026-06-17T14:37:00+00:00,Jordan,1656,+3,-14,1644
42,2026-06-17T14:37:00+00:00,Haiti,1626,+8,-6,1628
42,2026-06-17T14:37:00+00:00,Qatar,1548,+2,+21,1571
42,2026-06-17T14:37:00+00:00,Curaçao,1569,+4,-16,1557
43,2026-06-17T19:26:22+00:00,Argentina,2070,-10,+13,2073
43,2026-06-17T19:26:22+00:00,Spain,2086,-13,-24,2048
43,2026-06-17T19:26:22+00:00,France,2020,+6,+14,2041
43,2026-06-17T19:26:22+00:00,England,2033,-6,,2027
43,2026-06-17T19:26:22+00:00,Germany,1976,-2,+16,1990
43,2026-06-17T19:26:22+00:00,Brazil,2005,-12,-9,1983
43,2026-06-17T19:26:22+00:00,Portugal,1974,+4,-16,1962
43,2026-06-17T19:26:22+00:00,Norway,1941,+10,+11,1962
43,2026-06-17T19:26:22+00:00,Colombia,1951,-1,,1950
43,2026-06-17T19:26:22+00:00,Netherlands,1949,-19,-4,1926
43,2026-06-17T19:26:22+00:00,Uruguay,1924,+6,-17,1913
43,2026-06-17T19:26:22+00:00,Ecuador,1928,+8,-25,1911
43,2026-06-17T19:26:22+00:00,Belgium,1907,-6,-9,1891
43,2026-06-17T19:26:22+00:00,Senegal,1887,+9,-14,1881
43,2026-06-17T19:26:22+00:00,Croatia,1874,+5,,1879
43,2026-06-17T19:26:22+00:00,Turkey,1906,+5,-34,1876
43,2026-06-17T19:26:22+00:00,Japan,1875,-5,+4,1873
43,2026-06-17T19:26:22+00:00,Morocco,1857,+5,+9,1872
43,2026-06-17T19:26:22+00:00,Switzerland,1890,+2,-21,1871
43,2026-06-17T19:26:22+00:00,Mexico,1860,-3,+4,1862
43,2026-06-17T19:26:22+00:00,United States,1809,+1,+26,1836
43,2026-06-17T19:26:22+00:00,Austria,1837,-18,+14,1833
43,2026-06-17T19:26:22+00:00,Paraguay,1856,+1,-26,1831
43,2026-06-17T19:26:22+00:00,Scotland,1817,-9,+6,1814
43,2026-06-17T19:26:22+00:00,Ivory Coast,1781,+6,+25,1812
43,2026-06-17T19:26:22+00:00,Australia,1768,+7,+34,1810
43,2026-06-17T19:26:22+00:00,Sweden,1791,-11,+26,1806
43,2026-06-17T19:26:22+00:00,Algeria,1806,+3,-13,1796
43,2026-06-17T19:26:22+00:00,Canada,1815,-10,-11,1793
43,2026-06-17T19:26:22+00:00,South Korea,1763,+6,+16,1786
43,2026-06-17T19:26:22+00:00,Egypt,1764,+6,+9,1779
43,2026-06-17T19:26:22+00:00,Czech Republic,1779,-2,-16,1760
43,2026-06-17T19:26:22+00:00,DR Congo,1734,-6,+16,1744
43,2026-06-17T19:26:22+00:00,Panama,1740,+1,,1741
43,2026-06-17T19:26:22+00:00,Iran,1734,-6,-7,1722
43,2026-06-17T19:26:22+00:00,Bosnia and Herzegovina,1704,+1,+11,1716
43,2026-06-17T19:26:22+00:00,Uzbekistan,1709,+5,,1714
43,2026-06-17T19:26:22+00:00,South Africa,1672,0,-4,1668
43,2026-06-17T19:26:22+00:00,Ghana,1674,-12,,1663
43,2026-06-17T19:26:22+00:00,Tunisia,1692,-4,-26,1662
43,2026-06-17T19:26:22+00:00,Saudi Arabia,1640,+2,+17,1659
43,2026-06-17T19:26:22+00:00,Cape Verde,1626,-2,+24,1648
43,2026-06-17T19:26:22+00:00,New Zealand,1637,+5,+7,1648
43,2026-06-17T19:26:22+00:00,Iraq,1651,+4,-11,1645
43,2026-06-17T19:26:22+00:00,Jordan,1656,+3,-14,1644
43,2026-06-17T19:26:22+00:00,Haiti,1626,+8,-6,1628
43,2026-06-17T19:26:22+00:00,Qatar,1548,+2,+21,1571
43,2026-06-17T19:26:22+00:00,Curaçao,1569,+4,-16,1557
44,2026-06-17T22:30:22+00:00,Argentina,2070,-10,+13,2073
44,2026-06-17T22:30:22+00:00,Spain,2086,-13,-24,2048
44,2026-06-17T22:30:22+00:00,England,2033,-5,+14,2043
44,2026-06-17T22:30:22+00:00,France,2020,6,+14,2041
44,2026-06-17T22:30:22+00:00,Germany,1976,-8,+17,1985
44,2026-06-17T22:30:22+00:00,Brazil,2005,-12,-10,1983
44,2026-06-17T22:30:22+00:00,Norway,1941,10,+11,1962
44,2026-06-17T22:30:22+00:00,Portugal,1974,4,-16,1962
44,2026-06-17T22:30:22+00:00,Colombia,1951,-1,,1950
44,2026-06-17T22:30:22+00:00,Netherlands,1949,-28,-3,1918
44,2026-06-17T22:30:22+00:00,Uruguay,1924,+6,-17,1913
44,2026-06-17T22:30:22+00:00,Ecuador,1928,8,-25,1911
44,2026-06-17T22:30:22+00:00,Belgium,1907,-6,-9,1891
44,2026-06-17T22:30:22+00:00,Senegal,1887,9,-14,1881
44,2026-06-17T22:30:22+00:00,Turkey,1906,5,-34,1876
44,2026-06-17T22:30:22+00:00,Japan,1875,-5,+3,1872
44,2026-06-17T22:30:22+00:00,Switzerland,1890,2,-21,1871
44,2026-06-17T22:30:22+00:00,Morocco,1857,+4,+10,1871
44,2026-06-17T22:30:22+00:00,Croatia,1874,5,-14,1865
44,2026-06-17T22:30:22+00:00,Mexico,1860,-3,+4,1862
44,2026-06-17T22:30:22+00:00,United States,1809,1,+26,1836
44,2026-06-17T22:30:22+00:00,Austria,1837,-18,+14,1833
44,2026-06-17T22:30:22+00:00,Paraguay,1856,1,-26,1831
44,2026-06-17T22:30:22+00:00,Scotland,1817,-9,+6,1814
44,2026-06-17T22:30:22+00:00,Ivory Coast,1781,6,+25,1812
44,2026-06-17T22:30:22+00:00,Australia,1768,7,+34,1810
44,2026-06-17T22:30:22+00:00,Sweden,1791,-11,+26,1806
44,2026-06-17T22:30:22+00:00,Algeria,1806,3,-13,1796
44,2026-06-17T22:30:22+00:00,Canada,1815,-12,-11,1792
44,2026-06-17T22:30:22+00:00,South Korea,1763,6,+16,1786
44,2026-06-17T22:30:22+00:00,Egypt,1764,6,+9,1779
44,2026-06-17T22:30:22+00:00,Czech Republic,1779,-2,-16,1760
44,2026-06-17T22:30:22+00:00,DR Congo,1734,-6,+16,1744
44,2026-06-17T22:30:22+00:00,Panama,1740,1,,1741
44,2026-06-17T22:30:22+00:00,Iran,1734,-6,-7,1722
44,2026-06-17T22:30:22+00:00,Bosnia and Herzegovina,1704,1,+11,1716
44,2026-06-17T22:30:22+00:00,Uzbekistan,1709,5,,1714
44,2026-06-17T22:30:22+00:00,South Africa,1672,0,-4,1668
44,2026-06-17T22:30:22+00:00,Ghana,1674,-12,,1663
44,2026-06-17T22:30:22+00:00,Tunisia,1692,-4,-26,1662
44,2026-06-17T22:30:22+00:00,Saudi Arabia,1640,2,+17,1659
44,2026-06-17T22:30:22+00:00,Cape Verde,1626,-2,+24,1648
44,2026-06-17T22:30:22+00:00,New Zealand,1637,5,+7,1648
44,2026-06-17T22:30:22+00:00,Iraq,1651,4,-11,1645
44,2026-06-17T22:30:22+00:00,Jordan,1656,3,-14,1644
44,2026-06-17T22:30:22+00:00,Haiti,1626,8,-6,1628
44,2026-06-17T22:30:22+00:00,Qatar,1548,2,+21,1571
44,2026-06-17T22:30:22+00:00,Curaçao,1569,4,-17,1557
45,2026-06-18T01:20:03+00:00,Argentina,2070,-10,+13,2073
45,2026-06-18T01:20:03+00:00,Spain,2086,-13,-24,2048
45,2026-06-18T01:20:03+00:00,England,2033,-5,+14,2043
45,2026-06-18T01:20:03+00:00,France,2020,+6,+14,2041
45,2026-06-18T01:20:03+00:00,Germany,1976,-2,+16,1990
45,2026-06-18T01:20:03+00:00,Brazil,2005,-12,-9,1983
45,2026-06-18T01:20:03+00:00,Portugal,1974,+4,-16,1962
45,2026-06-18T01:20:03+00:00,Norway,1941,+10,+11,1962
45,2026-06-18T01:20:03+00:00,Colombia,1951,-1,,1950
45,2026-06-18T01:20:03+00:00,Netherlands,1949,-19,-4,1926
45,2026-06-18T01:20:03+00:00,Uruguay,1924,+6,-17,1913
45,2026-06-18T01:20:03+00:00,Ecuador,1928,+8,-25,1911
45,2026-06-18T01:20:03+00:00,Belgium,1907,-6,-9,1891
45,2026-06-18T01:20:03+00:00,Senegal,1887,+9,-14,1881
45,2026-06-18T01:20:03+00:00,Turkey,1906,+5,-34,1876
45,2026-06-18T01:20:03+00:00,Japan,1875,-5,+4,1873
45,2026-06-18T01:20:03+00:00,Morocco,1857,+5,+9,1872
45,2026-06-18T01:20:03+00:00,Switzerland,1890,+2,-21,1871
45,2026-06-18T01:20:03+00:00,Croatia,1874,+5,-14,1865
45,2026-06-18T01:20:03+00:00,Mexico,1860,-3,+4,1862
45,2026-06-18T01:20:03+00:00,United States,1809,+1,+26,1836
45,2026-06-18T01:20:03+00:00,Austria,1837,-18,+14,1833
45,2026-06-18T01:20:03+00:00,Paraguay,1856,+1,-26,1831
45,2026-06-18T01:20:03+00:00,Scotland,1817,-9,+6,1814
45,2026-06-18T01:20:03+00:00,Ivory Coast,1781,+6,+25,1812
45,2026-06-18T01:20:03+00:00,Australia,1768,+7,+34,1810
45,2026-06-18T01:20:03+00:00,Sweden,1791,-11,+26,1806
45,2026-06-18T01:20:03+00:00,Algeria,1806,+3,-13,1796
45,2026-06-18T01:20:03+00:00,Canada,1815,-10,-11,1793
45,2026-06-18T01:20:03+00:00,South Korea,1763,+6,+16,1786
45,2026-06-18T01:20:03+00:00,Egypt,1764,+6,+9,1779
45,2026-06-18T01:20:03+00:00,Czech Republic,1779,-2,-16,1760
45,2026-06-18T01:20:03+00:00,DR Congo,1734,-6,+16,1744
45,2026-06-18T01:20:03+00:00,Iran,1734,-6,-7,1722
45,2026-06-18T01:20:03+00:00,Panama,1740,+1,-22,1719
45,2026-06-18T01:20:03+00:00,Bosnia and Herzegovina,1704,+1,+11,1716
45,2026-06-18T01:20:03+00:00,Uzbekistan,1709,+5,,1714
45,2026-06-18T01:20:03+00:00,Ghana,1674,-11,+22,1685
45,2026-06-18T01:20:03+00:00,South Africa,1672,0,-4,1668
45,2026-06-18T01:20:03+00:00,Tunisia,1692,-4,-26,1662
45,2026-06-18T01:20:03+00:00,Saudi Arabia,1640,+2,+17,1659
45,2026-06-18T01:20:03+00:00,New Zealand,1637,+5,+7,1648
45,2026-06-18T01:20:03+00:00,Cape Verde,1626,-2,+24,1648
45,2026-06-18T01:20:03+00:00,Iraq,1651,+4,-11,1645
45,2026-06-18T01:20:03+00:00,Jordan,1656,+3,-14,1644
45,2026-06-18T01:20:03+00:00,Haiti,1626,+8,-6,1628
45,2026-06-18T01:20:03+00:00,Qatar,1548,+2,+21,1571
45,2026-06-18T01:20:03+00:00,Curaçao,1569,+4,-16,1557
46,2026-06-18T04:26:35+00:00,Argentina,2070,-10,+13,2073
46,2026-06-18T04:26:35+00:00,Spain,2086,-13,-24,2048
46,2026-06-18T04:26:35+00:00,England,2033,-5,+14,2043
46,2026-06-18T04:26:35+00:00,France,2020,+6,+14,2041
46,2026-06-18T04:26:35+00:00,Germany,1976,-2,+16,1990
46,2026-06-18T04:26:35+00:00,Brazil,2005,-12,-9,1983
46,2026-06-18T04:26:35+00:00,Norway,1941,+10,+11,1962
46,2026-06-18T04:26:35+00:00,Portugal,1974,+4,-16,1962
46,2026-06-18T04:26:35+00:00,Colombia,1951,-1,+8,1958
46,2026-06-18T04:26:35+00:00,Netherlands,1949,-19,-4,1926
46,2026-06-18T04:26:35+00:00,Uruguay,1924,+6,-17,1913
46,2026-06-18T04:26:35+00:00,Ecuador,1928,+8,-25,1911
46,2026-06-18T04:26:35+00:00,Belgium,1907,-6,-9,1891
46,2026-06-18T04:26:35+00:00,Senegal,1887,+9,-14,1881
46,2026-06-18T04:26:35+00:00,Turkey,1906,+5,-34,1876
46,2026-06-18T04:26:35+00:00,Japan,1875,-5,+4,1873
46,2026-06-18T04:26:35+00:00,Morocco,1857,+5,+9,1872
46,2026-06-18T04:26:35+00:00,Switzerland,1890,+2,-21,1871
46,2026-06-18T04:26:35+00:00,Croatia,1874,+5,-14,1865
46,2026-06-18T04:26:35+00:00,Mexico,1860,-3,+4,1862
46,2026-06-18T04:26:35+00:00,United States,1809,+1,+26,1836
46,2026-06-18T04:26:35+00:00,Austria,1837,-18,+14,1833
46,2026-06-18T04:26:35+00:00,Paraguay,1856,+1,-26,1831
46,2026-06-18T04:26:35+00:00,Scotland,1817,-9,+6,1814
46,2026-06-18T04:26:35+00:00,Ivory Coast,1781,+6,+25,1812
46,2026-06-18T04:26:35+00:00,Australia,1768,+7,+34,1810
46,2026-06-18T04:26:35+00:00,Sweden,1791,-11,+26,1806
46,2026-06-18T04:26:35+00:00,Algeria,1806,+3,-13,1796
46,2026-06-18T04:26:35+00:00,Canada,1815,-10,-11,1793
46,2026-06-18T04:26:35+00:00,South Korea,1763,+6,+16,1786
46,2026-06-18T04:26:35+00:00,Egypt,1764,+6,+9,1779
46,2026-06-18T04:26:35+00:00,Czech Republic,1779,-2,-16,1760
46,2026-06-18T04:26:35+00:00,DR Congo,1734,-6,+16,1744
46,2026-06-18T04:26:35+00:00,Iran,1734,-6,-7,1722
46,2026-06-18T04:26:35+00:00,Panama,1740,+1,-22,1719
46,2026-06-18T04:26:35+00:00,Bosnia and Herzegovina,1704,+1,+11,1716
46,2026-06-18T04:26:35+00:00,Uzbekistan,1709,+5,-8,1707
46,2026-06-18T04:26:35+00:00,Ghana,1674,-11,+22,1685
46,2026-06-18T04:26:35+00:00,South Africa,1672,0,-4,1668
46,2026-06-18T04:26:35+00:00,Tunisia,1692,-4,-26,1662
46,2026-06-18T04:26:35+00:00,Saudi Arabia,1640,+2,+17,1659
46,2026-06-18T04:26:35+00:00,New Zealand,1637,+5,+7,1648
46,2026-06-18T04:26:35+00:00,Cape Verde,1626,-2,+24,1648
46,2026-06-18T04:26:35+00:00,Iraq,1651,+4,-11,1645
46,2026-06-18T04:26:35+00:00,Jordan,1656,+3,-14,1644
46,2026-06-18T04:26:35+00:00,Haiti,1626,+8,-6,1628
46,2026-06-18T04:26:35+00:00,Qatar,1548,+2,+21,1571
46,2026-06-18T04:26:35+00:00,Curaçao,1569,+4,-16,1557
47,2026-06-18T19:05:45+00:00,Argentina,2070,-10,+13,2073
47,2026-06-18T19:05:45+00:00,Spain,2086,-13,-24,2048
47,2026-06-18T19:05:45+00:00,England,2033,-5,+14,2043
47,2026-06-18T19:05:45+00:00,France,2020,+6,+14,2041
47,2026-06-18T19:05:45+00:00,Germany,1976,-2,+16,1990
47,2026-06-18T19:05:45+00:00,Brazil,2005,-12,-9,1983
47,2026-06-18T19:05:45+00:00,Norway,1941,+10,+11,1962
47,2026-06-18T19:05:45+00:00,Portugal,1974,+4,-16,1962
47,2026-06-18T19:05:45+00:00,Colombia,1951,-1,+8,1958
47,2026-06-18T19:05:45+00:00,Netherlands,1949,-19,-4,1926
47,2026-06-18T19:05:45+00:00,Uruguay,1924,+6,-17,1913
47,2026-06-18T19:05:45+00:00,Ecuador,1928,+8,-25,1911
47,2026-06-18T19:05:45+00:00,Belgium,1907,-6,-9,1891
47,2026-06-18T19:05:45+00:00,Senegal,1887,+9,-14,1881
47,2026-06-18T19:05:45+00:00,Turkey,1906,+5,-34,1876
47,2026-06-18T19:05:45+00:00,Japan,1875,-5,+4,1873
47,2026-06-18T19:05:45+00:00,Morocco,1857,+5,+9,1872
47,2026-06-18T19:05:45+00:00,Switzerland,1890,+2,-21,1871
47,2026-06-18T19:05:45+00:00,Croatia,1874,+5,-14,1865
47,2026-06-18T19:05:45+00:00,Mexico,1860,-3,+4,1862
47,2026-06-18T19:05:45+00:00,United States,1809,+1,+26,1836
47,2026-06-18T19:05:45+00:00,Austria,1837,-18,+14,1833
47,2026-06-18T19:05:45+00:00,Paraguay,1856,+1,-26,1831
47,2026-06-18T19:05:45+00:00,Scotland,1817,-9,+6,1814
47,2026-06-18T19:05:45+00:00,Ivory Coast,1781,+6,+25,1812
47,2026-06-18T19:05:45+00:00,Australia,1768,+7,+34,1810
47,2026-06-18T19:05:45+00:00,Sweden,1791,-11,+26,1806
47,2026-06-18T19:05:45+00:00,Algeria,1806,+3,-13,1796
47,2026-06-18T19:05:45+00:00,Canada,1815,-10,-11,1793
47,2026-06-18T19:05:45+00:00,South Korea,1763,+6,+16,1786
47,2026-06-18T19:05:45+00:00,Egypt,1764,+6,+9,1779
47,2026-06-18T19:05:45+00:00,Czech Republic,1779,-2,-22,1754
47,2026-06-18T19:05:45+00:00,DR Congo,1734,-6,+16,1744
47,2026-06-18T19:05:45+00:00,Iran,1734,-6,-7,1722
47,2026-06-18T19:05:45+00:00,Panama,1740,+1,-22,1719
47,2026-06-18T19:05:45+00:00,Bosnia and Herzegovina,1704,+1,+11,1716
47,2026-06-18T19:05:45+00:00,Uzbekistan,1709,+5,-8,1707
47,2026-06-18T19:05:45+00:00,Ghana,1674,-11,+22,1685
47,2026-06-18T19:05:45+00:00,South Africa,1672,0,+1,1674
47,2026-06-18T19:05:45+00:00,Tunisia,1692,-4,-26,1662
47,2026-06-18T19:05:45+00:00,Saudi Arabia,1640,+2,+17,1659
47,2026-06-18T19:05:45+00:00,Cape Verde,1626,-2,+24,1648
47,2026-06-18T19:05:45+00:00,New Zealand,1637,+5,+7,1648
47,2026-06-18T19:05:45+00:00,Iraq,1651,+4,-11,1645
47,2026-06-18T19:05:45+00:00,Jordan,1656,+3,-14,1644
47,2026-06-18T19:05:45+00:00,Haiti,1626,+8,-6,1628
47,2026-06-18T19:05:45+00:00,Qatar,1548,+2,+21,1571
47,2026-06-18T19:05:45+00:00,Curaçao,1569,+4,-16,1557
48,2026-06-18T19:06:21+00:00,Argentina,2070,-10,+13,2073
48,2026-06-18T19:06:21+00:00,Spain,2086,-13,-24,2048
48,2026-06-18T19:06:21+00:00,England,2033,-5,+14,2043
48,2026-06-18T19:06:21+00:00,France,2020,+6,+14,2041
48,2026-06-18T19:06:21+00:00,Germany,1976,-2,+16,1990
48,2026-06-18T19:06:21+00:00,Brazil,2005,-12,-9,1983
48,2026-06-18T19:06:21+00:00,Norway,1941,+10,+11,1962
48,2026-06-18T19:06:21+00:00,Portugal,1974,+4,-16,1962
48,2026-06-18T19:06:21+00:00,Colombia,1951,-1,+8,1958
48,2026-06-18T19:06:21+00:00,Netherlands,1949,-19,-4,1926
48,2026-06-18T19:06:21+00:00,Uruguay,1924,+6,-17,1913
48,2026-06-18T19:06:21+00:00,Ecuador,1928,+8,-25,1911
48,2026-06-18T19:06:21+00:00,Belgium,1907,-6,-9,1891
48,2026-06-18T19:06:21+00:00,Senegal,1887,+9,-14,1881
48,2026-06-18T19:06:21+00:00,Turkey,1906,+5,-34,1876
48,2026-06-18T19:06:21+00:00,Japan,1875,-5,+4,1873
48,2026-06-18T19:06:21+00:00,Morocco,1857,+5,+9,1872
48,2026-06-18T19:06:21+00:00,Switzerland,1890,+2,-21,1871
48,2026-06-18T19:06:21+00:00,Croatia,1874,+5,-14,1865
48,2026-06-18T19:06:21+00:00,Mexico,1860,-3,+4,1862
48,2026-06-18T19:06:21+00:00,United States,1809,+1,+26,1836
48,2026-06-18T19:06:21+00:00,Austria,1837,-18,+14,1833
48,2026-06-18T19:06:21+00:00,Paraguay,1856,+1,-26,1831
48,2026-06-18T19:06:21+00:00,Scotland,1817,-9,+6,1814
48,2026-06-18T19:06:21+00:00,Ivory Coast,1781,+6,+25,1812
48,2026-06-18T19:06:21+00:00,Australia,1768,+7,+34,1810
48,2026-06-18T19:06:21+00:00,Sweden,1791,-11,+26,1806
48,2026-06-18T19:06:21+00:00,Algeria,1806,+3,-13,1796
48,2026-06-18T19:06:21+00:00,Canada,1815,-10,-11,1793
48,2026-06-18T19:06:21+00:00,South Korea,1763,+6,+16,1786
48,2026-06-18T19:06:21+00:00,Egypt,1764,+6,+9,1779
48,2026-06-18T19:06:21+00:00,Czech Republic,1779,-2,-22,1754
48,2026-06-18T19:06:21+00:00,DR Congo,1734,-6,+16,1744
48,2026-06-18T19:06:21+00:00,Iran,1734,-6,-7,1722
48,2026-06-18T19:06:21+00:00,Panama,1740,+1,-22,1719
48,2026-06-18T19:06:21+00:00,Bosnia and Herzegovina,1704,+1,+11,1716
48,2026-06-18T19:06:21+00:00,Uzbekistan,1709,+5,-8,1707
48,2026-06-18T19:06:21+00:00,Ghana,1674,-11,+22,1685
48,2026-06-18T19:06:21+00:00,South Africa,1672,0,+1,1674
48,2026-06-18T19:06:21+00:00,Tunisia,1692,-4,-26,1662
48,2026-06-18T19:06:21+00:00,Saudi Arabia,1640,+2,+17,1659
48,2026-06-18T19:06:21+00:00,Cape Verde,1626,-2,+24,1648
48,2026-06-18T19:06:21+00:00,New Zealand,1637,+5,+7,1648
48,2026-06-18T19:06:21+00:00,Iraq,1651,+4,-11,1645
48,2026-06-18T19:06:21+00:00,Jordan,1656,+3,-14,1644
48,2026-06-18T19:06:21+00:00,Haiti,1626,+8,-6,1628
48,2026-06-18T19:06:21+00:00,Qatar,1548,+2,+21,1571
48,2026-06-18T19:06:21+00:00,Curaçao,1569,+4,-16,1557
49,2026-06-18T21:11:58+00:00,Argentina,2070,-10,+13,2073
49,2026-06-18T21:11:58+00:00,Spain,2086,-13,-24,2048
49,2026-06-18T21:11:58+00:00,England,2033,-6,+14,2042
49,2026-06-18T21:11:58+00:00,France,2020,+6,+14,2041
49,2026-06-18T21:11:58+00:00,Germany,1976,-2,+16,1990
49,2026-06-18T21:11:58+00:00,Brazil,2005,-12,-9,1983
49,2026-06-18T21:11:58+00:00,Portugal,1974,+4,-16,1963
49,2026-06-18T21:11:58+00:00,Norway,1941,+10,+11,1962
49,2026-06-18T21:11:58+00:00,Colombia,1951,-1,+8,1958
49,2026-06-18T21:11:58+00:00,Netherlands,1949,-19,-4,1926
49,2026-06-18T21:11:58+00:00,Uruguay,1924,+6,-17,1913
49,2026-06-18T21:11:58+00:00,Ecuador,1928,+8,-25,1911
49,2026-06-18T21:11:58+00:00,Belgium,1907,-6,-9,1891
49,2026-06-18T21:11:58+00:00,Switzerland,1890,+2,-1,1891
49,2026-06-18T21:11:58+00:00,Senegal,1887,+9,-14,1881
49,2026-06-18T21:11:58+00:00,Turkey,1906,+5,-34,1876
49,2026-06-18T21:11:58+00:00,Japan,1875,-5,+4,1873
49,2026-06-18T21:11:58+00:00,Morocco,1857,+5,+9,1872
49,2026-06-18T21:11:58+00:00,Croatia,1874,+5,-14,1865
49,2026-06-18T21:11:58+00:00,Mexico,1860,-3,+4,1862
49,2026-06-18T21:11:58+00:00,United States,1809,+1,+26,1836
49,2026-06-18T21:11:58+00:00,Austria,1837,-18,+14,1833
49,2026-06-18T21:11:58+00:00,Paraguay,1856,+1,-26,1831
49,2026-06-18T21:11:58+00:00,Scotland,1817,-9,+6,1814
49,2026-06-18T21:11:58+00:00,Ivory Coast,1781,+6,+25,1812
49,2026-06-18T21:11:58+00:00,Canada,1815,+7,-11,1810
49,2026-06-18T21:11:58+00:00,Australia,1768,+7,+34,1810
49,2026-06-18T21:11:58+00:00,Sweden,1791,-11,+26,1806
49,2026-06-18T21:11:58+00:00,Algeria,1806,+3,-13,1796
49,2026-06-18T21:11:58+00:00,South Korea,1763,+6,+16,1786
49,2026-06-18T21:11:58+00:00,Egypt,1764,+6,+9,1779
49,2026-06-18T21:11:58+00:00,Czech Republic,1779,-2,-22,1754
49,2026-06-18T21:11:58+00:00,DR Congo,1734,-6,+16,1743
49,2026-06-18T21:11:58+00:00,Iran,1734,-6,-7,1722
49,2026-06-18T21:11:58+00:00,Panama,1740,+1,-22,1719
49,2026-06-18T21:11:58+00:00,Uzbekistan,1709,+5,-8,1707
49,2026-06-18T21:11:58+00:00,Ghana,1674,-11,+22,1685
49,2026-06-18T21:11:58+00:00,Bosnia and Herzegovina,1704,-12,-9,1684
49,2026-06-18T21:11:58+00:00,South Africa,1672,0,+1,1674
49,2026-06-18T21:11:58+00:00,Tunisia,1692,-4,-26,1662
49,2026-06-18T21:11:58+00:00,Saudi Arabia,1640,+2,+17,1659
49,2026-06-18T21:11:58+00:00,New Zealand,1637,+5,+7,1648
49,2026-06-18T21:11:58+00:00,Cape Verde,1626,-2,+24,1648
49,2026-06-18T21:11:58+00:00,Iraq,1651,+4,-11,1645
49,2026-06-18T21:11:58+00:00,Jordan,1656,+3,-14,1644
49,2026-06-18T21:11:58+00:00,Haiti,1626,+8,-6,1628
49,2026-06-18T21:11:58+00:00,Qatar,1548,+2,+21,1571
49,2026-06-18T21:11:58+00:00,Curaçao,1569,+4,-16,1557
50,2026-06-19T01:15:03+00:00,Argentina,2070,-10,+13,2073
50,2026-06-19T01:15:03+00:00,Spain,2086,-13,-24,2048
50,2026-06-19T01:15:03+00:00,England,2033,-6,+14,2042
50,2026-06-19T01:15:03+00:00,France,2020,6,+14,2041
50,2026-06-19T01:15:03+00:00,Germany,1976,-8,+17,1985
50,2026-06-19T01:15:03+00:00,Brazil,2005,-12,-10,1983
50,2026-06-19T01:15:03+00:00,Portugal,1974,4,-16,1963
50,2026-06-19T01:15:03+00:00,Norway,1941,10,+11,1962
50,2026-06-19T01:15:03+00:00,Colombia,1951,-1,+8,1958
50,2026-06-19T01:15:03+00:00,Netherlands,1949,-28,-3,1918
50,2026-06-19T01:15:03+00:00,Uruguay,1924,+6,-17,1913
50,2026-06-19T01:15:03+00:00,Ecuador,1928,8,-25,1911
50,2026-06-19T01:15:03+00:00,Belgium,1907,-6,-9,1891
50,2026-06-19T01:15:03+00:00,Switzerland,1890,2,-1,1891
50,2026-06-19T01:15:03+00:00,Senegal,1887,9,-14,1881
50,2026-06-19T01:15:03+00:00,Turkey,1906,5,-34,1876
50,2026-06-19T01:15:03+00:00,Japan,1875,-5,+3,1872
50,2026-06-19T01:15:03+00:00,Morocco,1857,+4,+10,1871
50,2026-06-19T01:15:03+00:00,Croatia,1874,5,-14,1865
50,2026-06-19T01:15:03+00:00,Mexico,1860,-3,+4,1862
50,2026-06-19T01:15:03+00:00,United States,1809,1,+26,1836
50,2026-06-19T01:15:03+00:00,Austria,1837,-18,+14,1833
50,2026-06-19T01:15:03+00:00,Paraguay,1856,1,-26,1831
50,2026-06-19T01:15:03+00:00,Canada,1815,-4,+9,1819
50,2026-06-19T01:15:03+00:00,Scotland,1817,-9,+6,1814
50,2026-06-19T01:15:03+00:00,Ivory Coast,1781,6,+25,1812
50,2026-06-19T01:15:03+00:00,Australia,1768,7,+34,1810
50,2026-06-19T01:15:03+00:00,Sweden,1791,-11,+26,1806
50,2026-06-19T01:15:03+00:00,Algeria,1806,3,-13,1796
50,2026-06-19T01:15:03+00:00,South Korea,1763,6,+16,1786
50,2026-06-19T01:15:03+00:00,Egypt,1764,6,+9,1779
50,2026-06-19T01:15:03+00:00,Czech Republic,1779,-2,-22,1754
50,2026-06-19T01:15:03+00:00,DR Congo,1734,-6,+16,1743
50,2026-06-19T01:15:03+00:00,Iran,1734,-6,-7,1722
50,2026-06-19T01:15:03+00:00,Panama,1740,1,-22,1719
50,2026-06-19T01:15:03+00:00,Uzbekistan,1709,5,-8,1707
50,2026-06-19T01:15:03+00:00,Ghana,1674,-11,+22,1685
50,2026-06-19T01:15:03+00:00,Bosnia and Herzegovina,1704,-12,-9,1684
50,2026-06-19T01:15:03+00:00,South Africa,1672,0,+1,1674
50,2026-06-19T01:15:03+00:00,Tunisia,1692,-4,-26,1662
50,2026-06-19T01:15:03+00:00,Saudi Arabia,1640,2,+17,1659
50,2026-06-19T01:15:03+00:00,Cape Verde,1626,-2,+24,1648
50,2026-06-19T01:15:03+00:00,New Zealand,1637,5,+7,1648
50,2026-06-19T01:15:03+00:00,Iraq,1651,4,-11,1645
50,2026-06-19T01:15:03+00:00,Jordan,1656,3,-14,1644
50,2026-06-19T01:15:03+00:00,Haiti,1626,8,-6,1628
50,2026-06-19T01:15:03+00:00,Curaçao,1569,4,-17,1557
50,2026-06-19T01:15:03+00:00,Qatar,1548,+1,+1,1551
51,2026-06-19T03:12:26+00:00,Argentina,2070,-10,+13,2073
51,2026-06-19T03:12:26+00:00,Spain,2086,-13,-24,2048
51,2026-06-19T03:12:26+00:00,England,2033,-6,+14,2042
51,2026-06-19T03:12:26+00:00,France,2020,6,+14,2041
51,2026-06-19T03:12:26+00:00,Germany,1976,-8,+17,1985
51,2026-06-19T03:12:26+00:00,Brazil,2005,-12,-10,1983
51,2026-06-19T03:12:26+00:00,Portugal,1974,4,-16,1963
51,2026-06-19T03:12:26+00:00,Norway,1941,10,+11,1962
51,2026-06-19T03:12:26+00:00,Colombia,1951,-1,+8,1958
51,2026-06-19T03:12:26+00:00,Netherlands,1949,-28,-3,1918
51,2026-06-19T03:12:26+00:00,Uruguay,1924,+6,-17,1913
51,2026-06-19T03:12:26+00:00,Ecuador,1928,8,-25,1911
51,2026-06-19T03:12:26+00:00,Switzerland,1890,2,-1,1891
51,2026-06-19T03:12:26+00:00,Belgium,1907,-6,-9,1891
51,2026-06-19T03:12:26+00:00,Senegal,1887,9,-14,1881
51,2026-06-19T03:12:26+00:00,Turkey,1906,5,-34,1876
51,2026-06-19T03:12:26+00:00,Japan,1875,-5,+3,1872
51,2026-06-19T03:12:26+00:00,Morocco,1857,+4,+10,1871
51,2026-06-19T03:12:26+00:00,Mexico,1860,-1,+8,1867
51,2026-06-19T03:12:26+00:00,Croatia,1874,5,-14,1865
51,2026-06-19T03:12:26+00:00,United States,1809,1,+26,1836
51,2026-06-19T03:12:26+00:00,Austria,1837,-18,+14,1833
51,2026-06-19T03:12:26+00:00,Paraguay,1856,1,-26,1831
51,2026-06-19T03:12:26+00:00,Canada,1815,-4,+9,1819
51,2026-06-19T03:12:26+00:00,Scotland,1817,-9,+6,1814
51,2026-06-19T03:12:26+00:00,Ivory Coast,1781,6,+25,1812
51,2026-06-19T03:12:26+00:00,Australia,1768,7,+34,1810
51,2026-06-19T03:12:26+00:00,Sweden,1791,-11,+26,1806
51,2026-06-19T03:12:26+00:00,Algeria,1806,3,-13,1796
51,2026-06-19T03:12:26+00:00,South Korea,1763,6,+13,1782
51,2026-06-19T03:12:26+00:00,Egypt,1764,6,+9,1779
51,2026-06-19T03:12:26+00:00,Czech Republic,1779,-2,-22,1754
51,2026-06-19T03:12:26+00:00,DR Congo,1734,-6,+16,1743
51,2026-06-19T03:12:26+00:00,Iran,1734,-6,-7,1722
51,2026-06-19T03:12:26+00:00,Panama,1740,1,-22,1719
51,2026-06-19T03:12:26+00:00,Uzbekistan,1709,5,-8,1707
51,2026-06-19T03:12:26+00:00,Ghana,1674,-11,+22,1685
51,2026-06-19T03:12:26+00:00,Bosnia and Herzegovina,1704,-12,-9,1684
51,2026-06-19T03:12:26+00:00,South Africa,1672,0,+1,1674
51,2026-06-19T03:12:26+00:00,Tunisia,1692,-4,-26,1662
51,2026-06-19T03:12:26+00:00,Saudi Arabia,1640,2,+17,1659
51,2026-06-19T03:12:26+00:00,New Zealand,1637,5,+7,1648
51,2026-06-19T03:12:26+00:00,Cape Verde,1626,-2,+24,1648
51,2026-06-19T03:12:26+00:00,Iraq,1651,4,-11,1645
51,2026-06-19T03:12:26+00:00,Jordan,1656,3,-14,1644
51,2026-06-19T03:12:26+00:00,Haiti,1626,8,-6,1628
51,2026-06-19T03:12:26+00:00,Curaçao,1569,4,-17,1557
51,2026-06-19T03:12:26+00:00,Qatar,1548,+1,+1,1551
52,2026-06-19T19:07:17+00:00,Argentina,2070,-10,+13,2073
52,2026-06-19T19:07:17+00:00,Spain,2086,-13,-24,2048
52,2026-06-19T19:07:17+00:00,England,2033,-6,+14,2042
52,2026-06-19T19:07:17+00:00,France,2020,+6,+14,2041
52,2026-06-19T19:07:17+00:00,Germany,1976,-8,+17,1985
52,2026-06-19T19:07:17+00:00,Brazil,2005,-12,-10,1983
52,2026-06-19T19:07:17+00:00,Portugal,1974,+4,-16,1963
52,2026-06-19T19:07:17+00:00,Norway,1941,+10,+11,1962
52,2026-06-19T19:07:17+00:00,Colombia,1951,-1,+8,1958
52,2026-06-19T19:07:17+00:00,Netherlands,1949,-28,-3,1918
52,2026-06-19T19:07:17+00:00,Uruguay,1924,+6,-17,1913
52,2026-06-19T19:07:17+00:00,Ecuador,1928,+8,-25,1911
52,2026-06-19T19:07:17+00:00,Switzerland,1890,+2,-1,1891
52,2026-06-19T19:07:17+00:00,Belgium,1907,-6,-9,1891
52,2026-06-19T19:07:17+00:00,Senegal,1887,+9,-14,1881
52,2026-06-19T19:07:17+00:00,Turkey,1906,+5,-34,1876
52,2026-06-19T19:07:17+00:00,Japan,1875,-5,+3,1872
52,2026-06-19T19:07:17+00:00,Morocco,1857,+4,+10,1871
52,2026-06-19T19:07:17+00:00,Mexico,1860,-1,+8,1867
52,2026-06-19T19:07:17+00:00,Croatia,1874,+5,-14,1865
52,2026-06-19T19:07:17+00:00,United States,1809,+1,+26,1836
52,2026-06-19T19:07:17+00:00,Austria,1837,-18,+14,1833
52,2026-06-19T19:07:17+00:00,Paraguay,1856,+1,-26,1831
52,2026-06-19T19:07:17+00:00,Canada,1815,-4,+9,1819
52,2026-06-19T19:07:17+00:00,Scotland,1817,-9,+6,1814
52,2026-06-19T19:07:17+00:00,Ivory Coast,1781,+6,+25,1812
52,2026-06-19T19:07:17+00:00,Australia,1768,+7,+34,1810
52,2026-06-19T19:07:17+00:00,Sweden,1791,-11,+26,1806
52,2026-06-19T19:07:17+00:00,Algeria,1806,+3,-13,1796
52,2026-06-19T19:07:17+00:00,South Korea,1763,+6,+13,1782
52,2026-06-19T19:07:17+00:00,Egypt,1764,+6,+9,1779
52,2026-06-19T19:07:17+00:00,Czech Republic,1779,-2,-22,1754
52,2026-06-19T19:07:17+00:00,DR Congo,1734,-6,+16,1743
52,2026-06-19T19:07:17+00:00,Iran,1734,-6,-7,1722
52,2026-06-19T19:07:17+00:00,Panama,1740,+1,-22,1719
52,2026-06-19T19:07:17+00:00,Uzbekistan,1709,+5,-8,1707
52,2026-06-19T19:07:17+00:00,Ghana,1674,-11,+22,1685
52,2026-06-19T19:07:17+00:00,Bosnia and Herzegovina,1704,-12,-9,1684
52,2026-06-19T19:07:17+00:00,South Africa,1672,0,+1,1674
52,2026-06-19T19:07:17+00:00,Tunisia,1692,-4,-26,1662
52,2026-06-19T19:07:17+00:00,Saudi Arabia,1640,+2,+17,1659
52,2026-06-19T19:07:17+00:00,New Zealand,1637,+5,+7,1648
52,2026-06-19T19:07:17+00:00,Cape Verde,1626,-2,+24,1648
52,2026-06-19T19:07:17+00:00,Iraq,1651,+4,-11,1645
52,2026-06-19T19:07:17+00:00,Jordan,1656,+3,-14,1644
52,2026-06-19T19:07:17+00:00,Haiti,1626,+8,-6,1628
52,2026-06-19T19:07:17+00:00,Curaçao,1569,+4,-17,1557
52,2026-06-19T19:07:17+00:00,Qatar,1548,+1,+1,1551
53,2026-06-19T19:26:46+00:00,Argentina,2070,-10,+13,2073
53,2026-06-19T19:26:46+00:00,Spain,2086,-13,-24,2048
53,2026-06-19T19:26:46+00:00,England,2033,-6,+14,2042
53,2026-06-19T19:26:46+00:00,France,2020,+6,+14,2041
53,2026-06-19T19:26:46+00:00,Germany,1976,-8,+17,1985
53,2026-06-19T19:26:46+00:00,Brazil,2005,-12,-10,1983
53,2026-06-19T19:26:46+00:00,Portugal,1974,+4,-16,1963
53,2026-06-19T19:26:46+00:00,Norway,1941,+10,+11,1962
53,2026-06-19T19:26:46+00:00,Colombia,1951,-1,+8,1958
53,2026-06-19T19:26:46+00:00,Netherlands,1949,-28,-3,1918
53,2026-06-19T19:26:46+00:00,Uruguay,1924,+6,-17,1913
53,2026-06-19T19:26:46+00:00,Ecuador,1928,+8,-25,1911
53,2026-06-19T19:26:46+00:00,Belgium,1907,-6,-9,1891
53,2026-06-19T19:26:46+00:00,Switzerland,1890,+2,-1,1891
53,2026-06-19T19:26:46+00:00,Senegal,1887,+9,-14,1881
53,2026-06-19T19:26:46+00:00,Turkey,1906,+5,-34,1876
53,2026-06-19T19:26:46+00:00,Japan,1875,-5,+3,1872
53,2026-06-19T19:26:46+00:00,Morocco,1857,+4,+10,1871
53,2026-06-19T19:26:46+00:00,Mexico,1860,-1,+8,1867
53,2026-06-19T19:26:46+00:00,Croatia,1874,+5,-14,1865
53,2026-06-19T19:26:46+00:00,Austria,1837,-18,+14,1833
53,2026-06-19T19:26:46+00:00,Paraguay,1856,+1,-26,1831
53,2026-06-19T19:26:46+00:00,United States,1809,-9,+26,1826
53,2026-06-19T19:26:46+00:00,Canada,1815,-4,+9,1819
53,2026-06-19T19:26:46+00:00,Scotland,1817,-9,+6,1814
53,2026-06-19T19:26:46+00:00,Ivory Coast,1781,+6,+25,1812
53,2026-06-19T19:26:46+00:00,Australia,1768,+7,+34,1810
53,2026-06-19T19:26:46+00:00,Sweden,1791,-11,+26,1806
53,2026-06-19T19:26:46+00:00,Algeria,1806,+3,-13,1796
53,2026-06-19T19:26:46+00:00,South Korea,1763,+6,+13,1782
53,2026-06-19T19:26:46+00:00,Egypt,1764,+6,+9,1779
53,2026-06-19T19:26:46+00:00,Czech Republic,1779,-2,-22,1754
53,2026-06-19T19:26:46+00:00,DR Congo,1734,-6,+16,1743
53,2026-06-19T19:26:46+00:00,Iran,1734,-6,-7,1722
53,2026-06-19T19:26:46+00:00,Panama,1740,+1,-22,1719
53,2026-06-19T19:26:46+00:00,Uzbekistan,1709,+5,-8,1707
53,2026-06-19T19:26:46+00:00,Ghana,1674,-11,+22,1685
53,2026-06-19T19:26:46+00:00,Bosnia and Herzegovina,1704,-12,-9,1684
53,2026-06-19T19:26:46+00:00,South Africa,1672,0,+1,1674
53,2026-06-19T19:26:46+00:00,Tunisia,1692,-4,-26,1662
53,2026-06-19T19:26:46+00:00,Saudi Arabia,1640,+2,+17,1659
53,2026-06-19T19:26:46+00:00,Cape Verde,1626,-2,+24,1648
53,2026-06-19T19:26:46+00:00,New Zealand,1637,+5,+7,1648
53,2026-06-19T19:26:46+00:00,Iraq,1651,+4,-11,1645
53,2026-06-19T19:26:46+00:00,Jordan,1656,+3,-14,1644
53,2026-06-19T19:26:46+00:00,Haiti,1626,+8,-6,1628
53,2026-06-19T19:26:46+00:00,Curaçao,1569,+4,-17,1557
53,2026-06-19T19:26:46+00:00,Qatar,1548,+1,+1,1551
54,2026-06-19T19:39:17+00:00,Argentina,2070,-10,+13,2073
54,2026-06-19T19:39:17+00:00,Spain,2086,-13,-24,2048
54,2026-06-19T19:39:17+00:00,England,2033,-6,+14,2042
54,2026-06-19T19:39:17+00:00,France,2020,+6,+14,2041
54,2026-06-19T19:39:17+00:00,Germany,1976,-8,+17,1985
54,2026-06-19T19:39:17+00:00,Brazil,2005,-12,-10,1983
54,2026-06-19T19:39:17+00:00,Portugal,1974,+4,-16,1963
54,2026-06-19T19:39:17+00:00,Norway,1941,+10,+11,1962
54,2026-06-19T19:39:17+00:00,Colombia,1951,-1,+8,1958
54,2026-06-19T19:39:17+00:00,Netherlands,1949,-28,-3,1918
54,2026-06-19T19:39:17+00:00,Uruguay,1924,+6,-17,1913
54,2026-06-19T19:39:17+00:00,Ecuador,1928,+8,-25,1911
54,2026-06-19T19:39:17+00:00,Belgium,1907,-6,-9,1891
54,2026-06-19T19:39:17+00:00,Switzerland,1890,+2,-1,1891
54,2026-06-19T19:39:17+00:00,Senegal,1887,+9,-14,1881
54,2026-06-19T19:39:17+00:00,Turkey,1906,+5,-34,1876
54,2026-06-19T19:39:17+00:00,Japan,1875,-5,+3,1872
54,2026-06-19T19:39:17+00:00,Morocco,1857,+4,+10,1871
54,2026-06-19T19:39:17+00:00,Mexico,1860,-1,+8,1867
54,2026-06-19T19:39:17+00:00,Croatia,1874,+5,-14,1865
54,2026-06-19T19:39:17+00:00,Austria,1837,-18,+14,1833
54,2026-06-19T19:39:17+00:00,Paraguay,1856,+1,-26,1831
54,2026-06-19T19:39:17+00:00,United States,1809,-9,+26,1826
54,2026-06-19T19:39:17+00:00,Canada,1815,-4,+9,1819
54,2026-06-19T19:39:17+00:00,Scotland,1817,-9,+6,1814
54,2026-06-19T19:39:17+00:00,Ivory Coast,1781,+6,+25,1812
54,2026-06-19T19:39:17+00:00,Australia,1768,+7,+34,1810
54,2026-06-19T19:39:17+00:00,Sweden,1791,-11,+26,1806
54,2026-06-19T19:39:17+00:00,Algeria,1806,+3,-13,1796
54,2026-06-19T19:39:17+00:00,South Korea,1763,+6,+13,1782
54,2026-06-19T19:39:17+00:00,Egypt,1764,+6,+9,1779
54,2026-06-19T19:39:17+00:00,Czech Republic,1779,-2,-22,1754
54,2026-06-19T19:39:17+00:00,DR Congo,1734,-6,+16,1743
54,2026-06-19T19:39:17+00:00,Iran,1734,-6,-7,1722
54,2026-06-19T19:39:17+00:00,Panama,1740,+1,-22,1719
54,2026-06-19T19:39:17+00:00,Uzbekistan,1709,+5,-8,1707
54,2026-06-19T19:39:17+00:00,Ghana,1674,-11,+22,1685
54,2026-06-19T19:39:17+00:00,Bosnia and Herzegovina,1704,-12,-9,1684
54,2026-06-19T19:39:17+00:00,South Africa,1672,0,+1,1674
54,2026-06-19T19:39:17+00:00,Tunisia,1692,-4,-26,1662
54,2026-06-19T19:39:17+00:00,Saudi Arabia,1640,+2,+17,1659
54,2026-06-19T19:39:17+00:00,New Zealand,1637,+5,+7,1648
54,2026-06-19T19:39:17+00:00,Cape Verde,1626,-2,+24,1648
54,2026-06-19T19:39:17+00:00,Iraq,1651,+4,-11,1645
54,2026-06-19T19:39:17+00:00,Jordan,1656,+3,-14,1644
54,2026-06-19T19:39:17+00:00,Haiti,1626,+8,-6,1628
54,2026-06-19T19:39:17+00:00,Curaçao,1569,+4,-17,1557
54,2026-06-19T19:39:17+00:00,Qatar,1548,+1,+1,1551
55,2026-06-19T21:18:23+00:00,Argentina,2070,-10,+13,2073
55,2026-06-19T21:18:23+00:00,Spain,2086,-13,-24,2048
55,2026-06-19T21:18:23+00:00,England,2033,-6,+14,2042
55,2026-06-19T21:18:23+00:00,France,2020,+6,+14,2041
55,2026-06-19T21:18:23+00:00,Germany,1976,-8,+17,1985
55,2026-06-19T21:18:23+00:00,Brazil,2005,-12,-10,1983
55,2026-06-19T21:18:23+00:00,Portugal,1974,+4,-16,1963
55,2026-06-19T21:18:23+00:00,Norway,1941,+10,+11,1962
55,2026-06-19T21:18:23+00:00,Colombia,1951,-1,+8,1958
55,2026-06-19T21:18:23+00:00,Netherlands,1949,-28,-3,1918
55,2026-06-19T21:18:23+00:00,Uruguay,1924,+6,-17,1913
55,2026-06-19T21:18:23+00:00,Ecuador,1928,+8,-25,1911
55,2026-06-19T21:18:23+00:00,Belgium,1907,-6,-9,1891
55,2026-06-19T21:18:23+00:00,Switzerland,1890,+2,-1,1891
55,2026-06-19T21:18:23+00:00,Senegal,1887,+9,-14,1881
55,2026-06-19T21:18:23+00:00,Turkey,1906,+5,-34,1876
55,2026-06-19T21:18:23+00:00,Japan,1875,-5,+3,1872
55,2026-06-19T21:18:23+00:00,Morocco,1857,+4,+10,1871
55,2026-06-19T21:18:23+00:00,Mexico,1860,-1,+8,1867
55,2026-06-19T21:18:23+00:00,Croatia,1874,+5,-14,1865
55,2026-06-19T21:18:23+00:00,United States,1809,+1,+43,1853
55,2026-06-19T21:18:23+00:00,Austria,1837,-18,+14,1833
55,2026-06-19T21:18:23+00:00,Paraguay,1856,+1,-26,1831
55,2026-06-19T21:18:23+00:00,Canada,1815,-4,+9,1819
55,2026-06-19T21:18:23+00:00,Scotland,1817,-9,+6,1814
55,2026-06-19T21:18:23+00:00,Ivory Coast,1781,+6,+25,1812
55,2026-06-19T21:18:23+00:00,Sweden,1791,-11,+26,1806
55,2026-06-19T21:18:23+00:00,Algeria,1806,+3,-13,1796
55,2026-06-19T21:18:23+00:00,Australia,1768,+7,+17,1793
55,2026-06-19T21:18:23+00:00,South Korea,1763,+6,+13,1782
55,2026-06-19T21:18:23+00:00,Egypt,1764,+6,+9,1779
55,2026-06-19T21:18:23+00:00,Czech Republic,1779,-2,-22,1754
55,2026-06-19T21:18:23+00:00,DR Congo,1734,-6,+16,1743
55,2026-06-19T21:18:23+00:00,Iran,1734,-6,-7,1722
55,2026-06-19T21:18:23+00:00,Panama,1740,+1,-22,1719
55,2026-06-19T21:18:23+00:00,Uzbekistan,1709,+5,-8,1707
55,2026-06-19T21:18:23+00:00,Ghana,1674,-11,+22,1685
55,2026-06-19T21:18:23+00:00,Bosnia and Herzegovina,1704,-12,-9,1684
55,2026-06-19T21:18:23+00:00,South Africa,1672,0,+1,1674
55,2026-06-19T21:18:23+00:00,Tunisia,1692,-4,-26,1662
55,2026-06-19T21:18:23+00:00,Saudi Arabia,1640,+2,+17,1659
55,2026-06-19T21:18:23+00:00,New Zealand,1637,+5,+7,1648
55,2026-06-19T21:18:23+00:00,Cape Verde,1626,-2,+24,1648
55,2026-06-19T21:18:23+00:00,Iraq,1651,+4,-11,1645
55,2026-06-19T21:18:23+00:00,Jordan,1656,+3,-14,1644
55,2026-06-19T21:18:23+00:00,Haiti,1626,+8,-6,1628
55,2026-06-19T21:18:23+00:00,Curaçao,1569,+4,-17,1557
55,2026-06-19T21:18:23+00:00,Qatar,1548,+1,+1,1551
56,2026-06-20T00:11:25+00:00,Argentina,2070,-10,+13,2073
56,2026-06-20T00:11:25+00:00,Spain,2086,-13,-24,2048
56,2026-06-20T00:11:25+00:00,England,2033,-6,+14,2042
56,2026-06-20T00:11:25+00:00,France,2020,+6,+14,2041
56,2026-06-20T00:11:25+00:00,Germany,1976,-2,+16,1990
56,2026-06-20T00:11:25+00:00,Brazil,2005,-12,-9,1983
56,2026-06-20T00:11:25+00:00,Portugal,1974,+4,-16,1963
56,2026-06-20T00:11:25+00:00,Norway,1941,+10,+11,1962
56,2026-06-20T00:11:25+00:00,Colombia,1951,-1,+8,1958
56,2026-06-20T00:11:25+00:00,Netherlands,1949,-19,-4,1926
56,2026-06-20T00:11:25+00:00,Uruguay,1924,+6,-17,1913
56,2026-06-20T00:11:25+00:00,Ecuador,1928,+8,-25,1911
56,2026-06-20T00:11:25+00:00,Switzerland,1890,+2,-1,1891
56,2026-06-20T00:11:25+00:00,Belgium,1907,-6,-9,1891
56,2026-06-20T00:11:25+00:00,Morocco,1857,+5,+23,1885
56,2026-06-20T00:11:25+00:00,Senegal,1887,+9,-14,1881
56,2026-06-20T00:11:25+00:00,Turkey,1906,+5,-34,1876
56,2026-06-20T00:11:25+00:00,Japan,1875,-5,+4,1873
56,2026-06-20T00:11:25+00:00,Mexico,1860,-1,+8,1867
56,2026-06-20T00:11:25+00:00,Croatia,1874,+5,-14,1865
56,2026-06-20T00:11:25+00:00,United States,1809,+1,+43,1853
56,2026-06-20T00:11:25+00:00,Austria,1837,-18,+14,1833
56,2026-06-20T00:11:25+00:00,Paraguay,1856,+1,-26,1831
56,2026-06-20T00:11:25+00:00,Canada,1815,-3,+9,1820
56,2026-06-20T00:11:25+00:00,Ivory Coast,1781,+6,+25,1812
56,2026-06-20T00:11:25+00:00,Sweden,1791,-11,+26,1806
56,2026-06-20T00:11:25+00:00,Scotland,1817,-9,-7,1801
56,2026-06-20T00:11:25+00:00,Algeria,1806,+3,-13,1796
56,2026-06-20T00:11:25+00:00,Australia,1768,+7,+17,1793
56,2026-06-20T00:11:25+00:00,South Korea,1763,+6,+13,1782
56,2026-06-20T00:11:25+00:00,Egypt,1764,+6,+9,1779
56,2026-06-20T00:11:25+00:00,Czech Republic,1779,-2,-22,1754
56,2026-06-20T00:11:25+00:00,DR Congo,1734,-6,+16,1743
56,2026-06-20T00:11:25+00:00,Iran,1734,-6,-7,1722
56,2026-06-20T00:11:25+00:00,Panama,1740,+1,-22,1719
56,2026-06-20T00:11:25+00:00,Uzbekistan,1709,+5,-8,1707
56,2026-06-20T00:11:25+00:00,Ghana,1674,-11,+22,1685
56,2026-06-20T00:11:25+00:00,Bosnia and Herzegovina,1704,-12,-9,1684
56,2026-06-20T00:11:25+00:00,South Africa,1672,0,+1,1674
56,2026-06-20T00:11:25+00:00,Tunisia,1692,-4,-26,1662
56,2026-06-20T00:11:25+00:00,Saudi Arabia,1640,+2,+17,1659
56,2026-06-20T00:11:25+00:00,Cape Verde,1626,-2,+24,1648
56,2026-06-20T00:11:25+00:00,New Zealand,1637,+5,+7,1648
56,2026-06-20T00:11:25+00:00,Iraq,1651,+4,-11,1645
56,2026-06-20T00:11:25+00:00,Jordan,1656,+3,-14,1644
56,2026-06-20T00:11:25+00:00,Haiti,1626,+8,-6,1628
56,2026-06-20T00:11:25+00:00,Curaçao,1569,+4,-16,1557
56,2026-06-20T00:11:25+00:00,Qatar,1548,+1,+1,1551
57,2026-06-20T02:57:46+00:00,Argentina,2070,-10,+13,2073
57,2026-06-20T02:57:46+00:00,Spain,2086,-13,-24,2048
57,2026-06-20T02:57:46+00:00,England,2033,-6,+14,2042
57,2026-06-20T02:57:46+00:00,France,2020,+6,+14,2041
57,2026-06-20T02:57:46+00:00,Brazil,2005,-12,+0,1993
57,2026-06-20T02:57:46+00:00,Germany,1976,-2,+16,1990
57,2026-06-20T02:57:46+00:00,Portugal,1974,+4,-16,1963
57,2026-06-20T02:57:46+00:00,Norway,1941,+10,+11,1962
57,2026-06-20T02:57:46+00:00,Colombia,1951,-1,+8,1958
57,2026-06-20T02:57:46+00:00,Netherlands,1949,-19,-4,1926
57,2026-06-20T02:57:46+00:00,Uruguay,1924,+6,-17,1913
57,2026-06-20T02:57:46+00:00,Ecuador,1928,+8,-25,1911
57,2026-06-20T02:57:46+00:00,Switzerland,1890,+2,-1,1891
57,2026-06-20T02:57:46+00:00,Belgium,1907,-6,-9,1891
57,2026-06-20T02:57:46+00:00,Morocco,1857,+5,+23,1885
57,2026-06-20T02:57:46+00:00,Senegal,1887,+9,-14,1881
57,2026-06-20T02:57:46+00:00,Turkey,1906,+5,-34,1876
57,2026-06-20T02:57:46+00:00,Japan,1875,-5,+4,1873
57,2026-06-20T02:57:46+00:00,Mexico,1860,-1,+8,1867
57,2026-06-20T02:57:46+00:00,Croatia,1874,+5,-14,1865
57,2026-06-20T02:57:46+00:00,United States,1809,+1,+43,1853
57,2026-06-20T02:57:46+00:00,Austria,1837,-18,+14,1833
57,2026-06-20T02:57:46+00:00,Paraguay,1856,+1,-26,1831
57,2026-06-20T02:57:46+00:00,Canada,1815,-3,+9,1820
57,2026-06-20T02:57:46+00:00,Ivory Coast,1781,+6,+25,1812
57,2026-06-20T02:57:46+00:00,Sweden,1791,-11,+26,1806
57,2026-06-20T02:57:46+00:00,Scotland,1817,-9,-7,1801
57,2026-06-20T02:57:46+00:00,Algeria,1806,+3,-13,1796
57,2026-06-20T02:57:46+00:00,Australia,1768,+7,+17,1793
57,2026-06-20T02:57:46+00:00,South Korea,1763,+6,+13,1782
57,2026-06-20T02:57:46+00:00,Egypt,1764,+6,+9,1779
57,2026-06-20T02:57:46+00:00,Czech Republic,1779,-2,-22,1754
57,2026-06-20T02:57:46+00:00,DR Congo,1734,-6,+16,1743
57,2026-06-20T02:57:46+00:00,Iran,1734,-6,-7,1722
57,2026-06-20T02:57:46+00:00,Panama,1740,+1,-22,1719
57,2026-06-20T02:57:46+00:00,Uzbekistan,1709,+5,-8,1707
57,2026-06-20T02:57:46+00:00,Ghana,1674,-11,+22,1685
57,2026-06-20T02:57:46+00:00,Bosnia and Herzegovina,1704,-12,-9,1684
57,2026-06-20T02:57:46+00:00,South Africa,1672,0,+1,1674
57,2026-06-20T02:57:46+00:00,Tunisia,1692,-4,-26,1662
57,2026-06-20T02:57:46+00:00,Saudi Arabia,1640,+2,+17,1659
57,2026-06-20T02:57:46+00:00,Cape Verde,1626,-2,+24,1648
57,2026-06-20T02:57:46+00:00,New Zealand,1637,+5,+7,1648
57,2026-06-20T02:57:46+00:00,Iraq,1651,+4,-11,1645
57,2026-06-20T02:57:46+00:00,Jordan,1656,+3,-14,1644
57,2026-06-20T02:57:46+00:00,Haiti,1626,+8,-16,1618
57,2026-06-20T02:57:46+00:00,Curaçao,1569,+4,-16,1557
57,2026-06-20T02:57:46+00:00,Qatar,1548,+1,+1,1551
58,2026-06-20T05:32:02+00:00,Argentina,2070,-10,+13,2073
58,2026-06-20T05:32:02+00:00,Spain,2086,-13,-24,2048
58,2026-06-20T05:32:02+00:00,England,2033,-6,+14,2042
58,2026-06-20T05:32:02+00:00,France,2020,+6,+14,2041
58,2026-06-20T05:32:02+00:00,Brazil,2005,-12,+0,1993
58,2026-06-20T05:32:02+00:00,Germany,1976,-8,+17,1985
58,2026-06-20T05:32:02+00:00,Portugal,1974,+4,-16,1963
58,2026-06-20T05:32:02+00:00,Norway,1941,+10,+11,1962
58,2026-06-20T05:32:02+00:00,Colombia,1951,-1,+8,1958
58,2026-06-20T05:32:02+00:00,Netherlands,1949,-28,-3,1918
58,2026-06-20T05:32:02+00:00,Uruguay,1924,+6,-17,1913
58,2026-06-20T05:32:02+00:00,Ecuador,1928,+8,-25,1911
58,2026-06-20T05:32:02+00:00,Switzerland,1890,+2,-1,1891
58,2026-06-20T05:32:02+00:00,Belgium,1907,-6,-9,1891
58,2026-06-20T05:32:02+00:00,Morocco,1857,+4,+23,1884
58,2026-06-20T05:32:02+00:00,Senegal,1887,+9,-14,1881
58,2026-06-20T05:32:02+00:00,Japan,1875,-5,+3,1872
58,2026-06-20T05:32:02+00:00,Mexico,1860,-1,+8,1867
58,2026-06-20T05:32:02+00:00,Croatia,1874,+5,-14,1865
58,2026-06-20T05:32:02+00:00,Turkey,1906,+5,-54,1856
58,2026-06-20T05:32:02+00:00,United States,1809,+1,+43,1853
58,2026-06-20T05:32:02+00:00,Paraguay,1856,-1,-6,1849
58,2026-06-20T05:32:02+00:00,Austria,1837,-18,+14,1833
58,2026-06-20T05:32:02+00:00,Canada,1815,-4,+9,1819
58,2026-06-20T05:32:02+00:00,Ivory Coast,1781,+6,+25,1812
58,2026-06-20T05:32:02+00:00,Sweden,1791,-11,+26,1806
58,2026-06-20T05:32:02+00:00,Scotland,1817,-9,-7,1801
58,2026-06-20T05:32:02+00:00,Algeria,1806,+3,-13,1796
58,2026-06-20T05:32:02+00:00,Australia,1768,+7,+17,1793
58,2026-06-20T05:32:02+00:00,South Korea,1763,+6,+13,1782
58,2026-06-20T05:32:02+00:00,Egypt,1764,+6,+9,1779
58,2026-06-20T05:32:02+00:00,Czech Republic,1779,-2,-22,1754
58,2026-06-20T05:32:02+00:00,DR Congo,1734,-6,+16,1743
58,2026-06-20T05:32:02+00:00,Iran,1734,-6,-7,1722
58,2026-06-20T05:32:02+00:00,Panama,1740,+1,-22,1719
58,2026-06-20T05:32:02+00:00,Uzbekistan,1709,+5,-8,1707
58,2026-06-20T05:32:02+00:00,Ghana,1674,-11,+22,1685
58,2026-06-20T05:32:02+00:00,Bosnia and Herzegovina,1704,-12,-9,1684
58,2026-06-20T05:32:02+00:00,South Africa,1672,0,+1,1674
58,2026-06-20T05:32:02+00:00,Tunisia,1692,-4,-26,1662
58,2026-06-20T05:32:02+00:00,Saudi Arabia,1640,+2,+17,1659
58,2026-06-20T05:32:02+00:00,Cape Verde,1626,-2,+24,1648
58,2026-06-20T05:32:02+00:00,New Zealand,1637,+5,+7,1648
58,2026-06-20T05:32:02+00:00,Iraq,1651,+4,-11,1645
58,2026-06-20T05:32:02+00:00,Jordan,1656,+3,-14,1644
58,2026-06-20T05:32:02+00:00,Haiti,1626,+8,-16,1618
58,2026-06-20T05:32:02+00:00,Curaçao,1569,+4,-17,1557
58,2026-06-20T05:32:02+00:00,Qatar,1548,+1,+1,1551
59,2026-06-20T19:18:19+00:00,Argentina,2070,-10,+13,2073
59,2026-06-20T19:18:19+00:00,Spain,2086,-13,-24,2048
59,2026-06-20T19:18:19+00:00,England,2033,-6,+14,2042
59,2026-06-20T19:18:19+00:00,France,2020,+6,+14,2041
59,2026-06-20T19:18:19+00:00,Brazil,2005,-12,+0,1993
59,2026-06-20T19:18:19+00:00,Germany,1976,-8,+17,1985
59,2026-06-20T19:18:19+00:00,Portugal,1974,+4,-16,1963
59,2026-06-20T19:18:19+00:00,Norway,1941,+10,+11,1962
59,2026-06-20T19:18:19+00:00,Colombia,1951,-1,+8,1958
59,2026-06-20T19:18:19+00:00,Netherlands,1949,-28,+24,1945
59,2026-06-20T19:18:19+00:00,Uruguay,1924,+6,-17,1913
59,2026-06-20T19:18:19+00:00,Ecuador,1928,+8,-25,1911
59,2026-06-20T19:18:19+00:00,Switzerland,1890,+2,-1,1891
59,2026-06-20T19:18:19+00:00,Belgium,1907,-6,-9,1891
59,2026-06-20T19:18:19+00:00,Morocco,1857,+4,+23,1884
59,2026-06-20T19:18:19+00:00,Senegal,1887,+9,-14,1881
59,2026-06-20T19:18:19+00:00,Japan,1875,-5,+3,1872
59,2026-06-20T19:18:19+00:00,Mexico,1860,-1,+8,1867
59,2026-06-20T19:18:19+00:00,Croatia,1874,+5,-14,1865
59,2026-06-20T19:18:19+00:00,Turkey,1906,+5,-54,1856
59,2026-06-20T19:18:19+00:00,United States,1809,+1,+43,1853
59,2026-06-20T19:18:19+00:00,Paraguay,1856,-1,-6,1849
59,2026-06-20T19:18:19+00:00,Austria,1837,-18,+14,1833
59,2026-06-20T19:18:19+00:00,Canada,1815,-4,+9,1819
59,2026-06-20T19:18:19+00:00,Ivory Coast,1781,+6,+25,1812
59,2026-06-20T19:18:19+00:00,Scotland,1817,-9,-7,1801
59,2026-06-20T19:18:19+00:00,Algeria,1806,+3,-13,1796
59,2026-06-20T19:18:19+00:00,Australia,1768,+7,+17,1793
59,2026-06-20T19:18:19+00:00,South Korea,1763,+6,+13,1782
59,2026-06-20T19:18:19+00:00,Sweden,1791,-11,+0,1779
59,2026-06-20T19:18:19+00:00,Egypt,1764,+6,+9,1779
59,2026-06-20T19:18:19+00:00,Czech Republic,1779,-2,-22,1754
59,2026-06-20T19:18:19+00:00,DR Congo,1734,-6,+16,1743
59,2026-06-20T19:18:19+00:00,Iran,1734,-6,-7,1722
59,2026-06-20T19:18:19+00:00,Panama,1740,+1,-22,1719
59,2026-06-20T19:18:19+00:00,Uzbekistan,1709,+5,-8,1707
59,2026-06-20T19:18:19+00:00,Ghana,1674,-11,+22,1685
59,2026-06-20T19:18:19+00:00,Bosnia and Herzegovina,1704,-12,-9,1684
59,2026-06-20T19:18:19+00:00,South Africa,1672,0,+1,1674
59,2026-06-20T19:18:19+00:00,Tunisia,1692,-4,-26,1662
59,2026-06-20T19:18:19+00:00,Saudi Arabia,1640,+2,+17,1659
59,2026-06-20T19:18:19+00:00,Cape Verde,1626,-2,+24,1648
59,2026-06-20T19:18:19+00:00,New Zealand,1637,+5,+7,1648
59,2026-06-20T19:18:19+00:00,Iraq,1651,+4,-11,1645
59,2026-06-20T19:18:19+00:00,Jordan,1656,+3,-14,1644
59,2026-06-20T19:18:19+00:00,Haiti,1626,+8,-16,1618
59,2026-06-20T19:18:19+00:00,Curaçao,1569,+4,-17,1557
59,2026-06-20T19:18:19+00:00,Qatar,1548,+1,+1,1551
60,2026-06-20T22:48:01+00:00,Argentina,2070,-10,+13,2073
60,2026-06-20T22:48:01+00:00,Spain,2086,-13,-24,2048
60,2026-06-20T22:48:01+00:00,England,2033,-6,+14,2042
60,2026-06-20T22:48:01+00:00,France,2020,+6,+14,2041
60,2026-06-20T22:48:01+00:00,Brazil,2005,-12,+0,1993
60,2026-06-20T22:48:01+00:00,Germany,1976,-2,+20,1993
60,2026-06-20T22:48:01+00:00,Portugal,1974,+4,-16,1963
60,2026-06-20T22:48:01+00:00,Norway,1941,+10,+11,1962
60,2026-06-20T22:48:01+00:00,Colombia,1951,-1,+8,1958
60,2026-06-20T22:48:01+00:00,Netherlands,1949,-19,+22,1953
60,2026-06-20T22:48:01+00:00,Uruguay,1924,+6,-17,1913
60,2026-06-20T22:48:01+00:00,Ecuador,1928,+8,-25,1911
60,2026-06-20T22:48:01+00:00,Belgium,1907,-6,-9,1891
60,2026-06-20T22:48:01+00:00,Switzerland,1890,+2,-1,1891
60,2026-06-20T22:48:01+00:00,Morocco,1857,+5,+23,1885
60,2026-06-20T22:48:01+00:00,Senegal,1887,+9,-14,1881
60,2026-06-20T22:48:01+00:00,Japan,1875,-5,+4,1873
60,2026-06-20T22:48:01+00:00,Mexico,1860,-1,+8,1867
60,2026-06-20T22:48:01+00:00,Croatia,1874,+5,-14,1865
60,2026-06-20T22:48:01+00:00,Turkey,1906,+5,-54,1856
60,2026-06-20T22:48:01+00:00,United States,1809,+1,+43,1853
60,2026-06-20T22:48:01+00:00,Paraguay,1856,-1,-6,1849
60,2026-06-20T22:48:01+00:00,Austria,1837,-18,+14,1833
60,2026-06-20T22:48:01+00:00,Canada,1815,-3,+9,1820
60,2026-06-20T22:48:01+00:00,Ivory Coast,1781,+6,+22,1809
60,2026-06-20T22:48:01+00:00,Scotland,1817,-9,-7,1801
60,2026-06-20T22:48:01+00:00,Algeria,1806,+3,-13,1796
60,2026-06-20T22:48:01+00:00,Australia,1768,+7,+17,1793
60,2026-06-20T22:48:01+00:00,South Korea,1763,+6,+13,1782
60,2026-06-20T22:48:01+00:00,Sweden,1791,-11,+0,1780
60,2026-06-20T22:48:01+00:00,Egypt,1764,+6,+9,1779
60,2026-06-20T22:48:01+00:00,Czech Republic,1779,-2,-22,1754
60,2026-06-20T22:48:01+00:00,DR Congo,1734,-6,+16,1743
60,2026-06-20T22:48:01+00:00,Iran,1734,-6,-7,1722
60,2026-06-20T22:48:01+00:00,Panama,1740,+1,-22,1719
60,2026-06-20T22:48:01+00:00,Uzbekistan,1709,+5,-8,1707
60,2026-06-20T22:48:01+00:00,Ghana,1674,-11,+22,1685
60,2026-06-20T22:48:01+00:00,Bosnia and Herzegovina,1704,-12,-9,1684
60,2026-06-20T22:48:01+00:00,South Africa,1672,0,+1,1674
60,2026-06-20T22:48:01+00:00,Tunisia,1692,-4,-26,1662
60,2026-06-20T22:48:01+00:00,Saudi Arabia,1640,+2,+17,1659
60,2026-06-20T22:48:01+00:00,New Zealand,1637,+5,+7,1648
60,2026-06-20T22:48:01+00:00,Cape Verde,1626,-2,+24,1648
60,2026-06-20T22:48:01+00:00,Iraq,1651,+4,-11,1645
60,2026-06-20T22:48:01+00:00,Jordan,1656,+3,-14,1644
60,2026-06-20T22:48:01+00:00,Haiti,1626,+8,-16,1618
60,2026-06-20T22:48:01+00:00,Curaçao,1569,+4,-16,1557
60,2026-06-20T22:48:01+00:00,Qatar,1548,+1,+1,1551
61,2026-06-21T02:18:53+00:00,Argentina,2070,-10,+13,2073
61,2026-06-21T02:18:53+00:00,Spain,2086,-13,-24,2048
61,2026-06-21T02:18:53+00:00,England,2033,-6,+14,2042
61,2026-06-21T02:18:53+00:00,France,2020,+6,+14,2041
61,2026-06-21T02:18:53+00:00,Germany,1976,-2,+20,1993
61,2026-06-21T02:18:53+00:00,Brazil,2005,-12,+0,1993
61,2026-06-21T02:18:53+00:00,Portugal,1974,+4,-16,1963
61,2026-06-21T02:18:53+00:00,Norway,1941,+10,+11,1962
61,2026-06-21T02:18:53+00:00,Colombia,1951,-1,+8,1958
61,2026-06-21T02:18:53+00:00,Netherlands,1949,-19,+22,1953
61,2026-06-21T02:18:53+00:00,Uruguay,1924,+6,-17,1913
61,2026-06-21T02:18:53+00:00,Switzerland,1890,+2,-1,1891
61,2026-06-21T02:18:53+00:00,Ecuador,1928,+8,-45,1891
61,2026-06-21T02:18:53+00:00,Belgium,1907,-6,-9,1891
61,2026-06-21T02:18:53+00:00,Morocco,1857,+5,+23,1885
61,2026-06-21T02:18:53+00:00,Senegal,1887,+9,-14,1881
61,2026-06-21T02:18:53+00:00,Japan,1875,-5,+4,1873
61,2026-06-21T02:18:53+00:00,Mexico,1860,-1,+8,1867
61,2026-06-21T02:18:53+00:00,Croatia,1874,+5,-14,1865
61,2026-06-21T02:18:53+00:00,Turkey,1906,+5,-54,1856
61,2026-06-21T02:18:53+00:00,United States,1809,+1,+43,1853
61,2026-06-21T02:18:53+00:00,Paraguay,1856,-1,-6,1849
61,2026-06-21T02:18:53+00:00,Austria,1837,-18,+14,1833
61,2026-06-21T02:18:53+00:00,Canada,1815,-3,+9,1820
61,2026-06-21T02:18:53+00:00,Ivory Coast,1781,+6,+22,1809
61,2026-06-21T02:18:53+00:00,Scotland,1817,-9,-7,1801
61,2026-06-21T02:18:53+00:00,Algeria,1806,+3,-13,1796
61,2026-06-21T02:18:53+00:00,Australia,1768,+7,+17,1793
61,2026-06-21T02:18:53+00:00,South Korea,1763,+6,+13,1782
61,2026-06-21T02:18:53+00:00,Sweden,1791,-11,+0,1780
61,2026-06-21T02:18:53+00:00,Egypt,1764,+6,+9,1779
61,2026-06-21T02:18:53+00:00,Czech Republic,1779,-2,-22,1754
61,2026-06-21T02:18:53+00:00,DR Congo,1734,-6,+16,1743
61,2026-06-21T02:18:53+00:00,Iran,1734,-6,-7,1722
61,2026-06-21T02:18:53+00:00,Panama,1740,+1,-22,1719
61,2026-06-21T02:18:53+00:00,Uzbekistan,1709,+5,-8,1707
61,2026-06-21T02:18:53+00:00,Ghana,1674,-11,+22,1685
61,2026-06-21T02:18:53+00:00,Bosnia and Herzegovina,1704,-12,-9,1684
61,2026-06-21T02:18:53+00:00,South Africa,1672,0,+1,1674
61,2026-06-21T02:18:53+00:00,Tunisia,1692,-4,-26,1662
61,2026-06-21T02:18:53+00:00,Saudi Arabia,1640,+2,+17,1659
61,2026-06-21T02:18:53+00:00,New Zealand,1637,+5,+7,1648
61,2026-06-21T02:18:53+00:00,Cape Verde,1626,-2,+24,1648
61,2026-06-21T02:18:53+00:00,Iraq,1651,+4,-11,1645
61,2026-06-21T02:18:53+00:00,Jordan,1656,+3,-14,1644
61,2026-06-21T02:18:53+00:00,Haiti,1626,+8,-16,1618
61,2026-06-21T02:18:53+00:00,Curaçao,1569,+4,+3,1576
61,2026-06-21T02:18:53+00:00,Qatar,1548,+1,+1,1551
62,2026-06-21T10:12:54+00:00,Argentina,2070,-10,+13,2073
62,2026-06-21T10:12:54+00:00,Spain,2086,-13,-24,2048
62,2026-06-21T10:12:54+00:00,England,2033,-6,+14,2042
62,2026-06-21T10:12:54+00:00,France,2020,+6,+14,2041
62,2026-06-21T10:12:54+00:00,Germany,1976,-2,+20,1993
62,2026-06-21T10:12:54+00:00,Brazil,2005,-12,+0,1993
62,2026-06-21T10:12:54+00:00,Portugal,1974,+4,-16,1963
62,2026-06-21T10:12:54+00:00,Norway,1941,+10,+11,1962
62,2026-06-21T10:12:54+00:00,Colombia,1951,-1,+8,1958
62,2026-06-21T10:12:54+00:00,Netherlands,1949,-19,+22,1953
62,2026-06-21T10:12:54+00:00,Uruguay,1924,+6,-17,1913
62,2026-06-21T10:12:54+00:00,Japan,1875,-5,+23,1892
62,2026-06-21T10:12:54+00:00,Ecuador,1928,+8,-45,1891
62,2026-06-21T10:12:54+00:00,Belgium,1907,-6,-9,1891
62,2026-06-21T10:12:54+00:00,Switzerland,1890,+2,-1,1891
62,2026-06-21T10:12:54+00:00,Morocco,1857,+5,+23,1885
62,2026-06-21T10:12:54+00:00,Senegal,1887,+9,-14,1881
62,2026-06-21T10:12:54+00:00,Mexico,1860,-1,+8,1867
62,2026-06-21T10:12:54+00:00,Croatia,1874,+5,-14,1865
62,2026-06-21T10:12:54+00:00,Turkey,1906,+5,-54,1856
62,2026-06-21T10:12:54+00:00,United States,1809,+1,+43,1853
62,2026-06-21T10:12:54+00:00,Paraguay,1856,-1,-6,1849
62,2026-06-21T10:12:54+00:00,Austria,1837,-18,+14,1833
62,2026-06-21T10:12:54+00:00,Canada,1815,-3,+9,1820
62,2026-06-21T10:12:54+00:00,Ivory Coast,1781,+6,+22,1809
62,2026-06-21T10:12:54+00:00,Scotland,1817,-9,-7,1801
62,2026-06-21T10:12:54+00:00,Algeria,1806,+3,-13,1796
62,2026-06-21T10:12:54+00:00,Australia,1768,+7,+17,1793
62,2026-06-21T10:12:54+00:00,South Korea,1763,+6,+13,1782
62,2026-06-21T10:12:54+00:00,Sweden,1791,-11,+0,1780
62,2026-06-21T10:12:54+00:00,Egypt,1764,+6,+9,1779
62,2026-06-21T10:12:54+00:00,Czech Republic,1779,-2,-22,1754
62,2026-06-21T10:12:54+00:00,DR Congo,1734,-6,+16,1743
62,2026-06-21T10:12:54+00:00,Iran,1734,-6,-7,1722
62,2026-06-21T10:12:54+00:00,Panama,1740,+1,-22,1719
62,2026-06-21T10:12:54+00:00,Uzbekistan,1709,+5,-8,1707
62,2026-06-21T10:12:54+00:00,Ghana,1674,-11,+22,1685
62,2026-06-21T10:12:54+00:00,Bosnia and Herzegovina,1704,-12,-9,1684
62,2026-06-21T10:12:54+00:00,South Africa,1672,0,+1,1674
62,2026-06-21T10:12:54+00:00,Saudi Arabia,1640,+2,+17,1659
62,2026-06-21T10:12:54+00:00,Cape Verde,1626,-2,+24,1648
62,2026-06-21T10:12:54+00:00,New Zealand,1637,+5,+7,1648
62,2026-06-21T10:12:54+00:00,Iraq,1651,+4,-11,1645
62,2026-06-21T10:12:54+00:00,Jordan,1656,+3,-14,1644
62,2026-06-21T10:12:54+00:00,Tunisia,1692,-4,-46,1642
62,2026-06-21T10:12:54+00:00,Haiti,1626,+8,-16,1618
62,2026-06-21T10:12:54+00:00,Curaçao,1569,+4,+3,1576
62,2026-06-21T10:12:54+00:00,Qatar,1548,+1,+1,1551
63,2026-06-21T18:29:21+00:00,Argentina,2070,-10,+13,2073
63,2026-06-21T18:29:21+00:00,Spain,2086,-13,-13,2059
63,2026-06-21T18:29:21+00:00,England,2033,-6,+14,2042
63,2026-06-21T18:29:21+00:00,France,2020,+6,+14,2041
63,2026-06-21T18:29:21+00:00,Brazil,2005,-12,+0,1993
63,2026-06-21T18:29:21+00:00,Germany,1976,-2,+20,1993
63,2026-06-21T18:29:21+00:00,Portugal,1974,+4,-16,1963
63,2026-06-21T18:29:21+00:00,Norway,1941,+10,+11,1962
63,2026-06-21T18:29:21+00:00,Colombia,1951,-1,+8,1958
63,2026-06-21T18:29:21+00:00,Netherlands,1949,-19,+22,1953
63,2026-06-21T18:29:21+00:00,Uruguay,1924,+6,-17,1913
63,2026-06-21T18:29:21+00:00,Japan,1875,-5,+23,1892
63,2026-06-21T18:29:21+00:00,Switzerland,1890,+2,-1,1891
63,2026-06-21T18:29:21+00:00,Ecuador,1928,+8,-45,1891
63,2026-06-21T18:29:21+00:00,Belgium,1907,-6,-9,1891
63,2026-06-21T18:29:21+00:00,Morocco,1857,+5,+23,1885
63,2026-06-21T18:29:21+00:00,Senegal,1887,+9,-14,1881
63,2026-06-21T18:29:21+00:00,Mexico,1860,-1,+8,1867
63,2026-06-21T18:29:21+00:00,Croatia,1874,+5,-14,1865
63,2026-06-21T18:29:21+00:00,Turkey,1906,+5,-54,1856
63,2026-06-21T18:29:21+00:00,United States,1809,+1,+43,1853
63,2026-06-21T18:29:21+00:00,Paraguay,1856,-1,-6,1849
63,2026-06-21T18:29:21+00:00,Austria,1837,-18,+14,1833
63,2026-06-21T18:29:21+00:00,Canada,1815,-3,+9,1820
63,2026-06-21T18:29:21+00:00,Ivory Coast,1781,+6,+22,1809
63,2026-06-21T18:29:21+00:00,Scotland,1817,-9,-7,1801
63,2026-06-21T18:29:21+00:00,Algeria,1806,+3,-13,1796
63,2026-06-21T18:29:21+00:00,Australia,1768,+7,+17,1793
63,2026-06-21T18:29:21+00:00,South Korea,1763,+6,+13,1782
63,2026-06-21T18:29:21+00:00,Sweden,1791,-11,+0,1780
63,2026-06-21T18:29:21+00:00,Egypt,1764,+6,+9,1779
63,2026-06-21T18:29:21+00:00,Czech Republic,1779,-2,-22,1754
63,2026-06-21T18:29:21+00:00,DR Congo,1734,-6,+16,1743
63,2026-06-21T18:29:21+00:00,Iran,1734,-6,-7,1722
63,2026-06-21T18:29:21+00:00,Panama,1740,+1,-22,1719
63,2026-06-21T18:29:21+00:00,Uzbekistan,1709,+5,-8,1707
63,2026-06-21T18:29:21+00:00,Ghana,1674,-11,+22,1685
63,2026-06-21T18:29:21+00:00,Bosnia and Herzegovina,1704,-12,-9,1684
63,2026-06-21T18:29:21+00:00,South Africa,1672,0,+1,1674
63,2026-06-21T18:29:21+00:00,Cape Verde,1626,-2,+24,1648
63,2026-06-21T18:29:21+00:00,Saudi Arabia,1640,+2,+6,1648
63,2026-06-21T18:29:21+00:00,New Zealand,1637,+5,+7,1648
63,2026-06-21T18:29:21+00:00,Iraq,1651,+4,-11,1645
63,2026-06-21T18:29:21+00:00,Jordan,1656,+3,-14,1644
63,2026-06-21T18:29:21+00:00,Tunisia,1692,-4,-46,1642
63,2026-06-21T18:29:21+00:00,Haiti,1626,+8,-16,1618
63,2026-06-21T18:29:21+00:00,Curaçao,1569,+4,+3,1576
63,2026-06-21T18:29:21+00:00,Qatar,1548,+1,+1,1551
64,2026-06-21T18:39:38+00:00,Argentina,2070,-10,+13,2073
64,2026-06-21T18:39:38+00:00,Spain,2086,-13,-13,2059
64,2026-06-21T18:39:38+00:00,England,2033,-6,+14,2042
64,2026-06-21T18:39:38+00:00,France,2020,+6,+14,2041
64,2026-06-21T18:39:38+00:00,Brazil,2005,-12,+0,1993
64,2026-06-21T18:39:38+00:00,Germany,1976,-2,+20,1993
64,2026-06-21T18:39:38+00:00,Portugal,1974,+4,-16,1963
64,2026-06-21T18:39:38+00:00,Norway,1941,+10,+11,1962
64,2026-06-21T18:39:38+00:00,Colombia,1951,-1,+8,1958
64,2026-06-21T18:39:38+00:00,Netherlands,1949,-19,+22,1953
64,2026-06-21T18:39:38+00:00,Uruguay,1924,+6,-17,1913
64,2026-06-21T18:39:38+00:00,Japan,1875,-5,+23,1892
64,2026-06-21T18:39:38+00:00,Switzerland,1890,+2,-1,1891
64,2026-06-21T18:39:38+00:00,Ecuador,1928,+8,-45,1891
64,2026-06-21T18:39:38+00:00,Belgium,1907,-6,-9,1891
64,2026-06-21T18:39:38+00:00,Morocco,1857,+5,+23,1885
64,2026-06-21T18:39:38+00:00,Senegal,1887,+9,-14,1881
64,2026-06-21T18:39:38+00:00,Mexico,1860,-1,+8,1867
64,2026-06-21T18:39:38+00:00,Croatia,1874,+5,-14,1865
64,2026-06-21T18:39:38+00:00,Turkey,1906,+5,-54,1856
64,2026-06-21T18:39:38+00:00,United States,1809,+1,+43,1853
64,2026-06-21T18:39:38+00:00,Paraguay,1856,-1,-6,1849
64,2026-06-21T18:39:38+00:00,Austria,1837,-18,+14,1833
64,2026-06-21T18:39:38+00:00,Canada,1815,-3,+9,1820
64,2026-06-21T18:39:38+00:00,Ivory Coast,1781,+6,+22,1809
64,2026-06-21T18:39:38+00:00,Scotland,1817,-9,-7,1801
64,2026-06-21T18:39:38+00:00,Algeria,1806,+3,-13,1796
64,2026-06-21T18:39:38+00:00,Australia,1768,+7,+17,1793
64,2026-06-21T18:39:38+00:00,South Korea,1763,+6,+13,1782
64,2026-06-21T18:39:38+00:00,Sweden,1791,-11,+0,1780
64,2026-06-21T18:39:38+00:00,Egypt,1764,+6,+9,1779
64,2026-06-21T18:39:38+00:00,Czech Republic,1779,-2,-22,1754
64,2026-06-21T18:39:38+00:00,DR Congo,1734,-6,+16,1743
64,2026-06-21T18:39:38+00:00,Iran,1734,-6,-7,1722
64,2026-06-21T18:39:38+00:00,Panama,1740,+1,-22,1719
64,2026-06-21T18:39:38+00:00,Uzbekistan,1709,+5,-8,1707
64,2026-06-21T18:39:38+00:00,Ghana,1674,-11,+22,1685
64,2026-06-21T18:39:38+00:00,Bosnia and Herzegovina,1704,-12,-9,1684
64,2026-06-21T18:39:38+00:00,South Africa,1672,0,+1,1674
64,2026-06-21T18:39:38+00:00,Cape Verde,1626,-2,+24,1648
64,2026-06-21T18:39:38+00:00,Saudi Arabia,1640,+2,+6,1648
64,2026-06-21T18:39:38+00:00,New Zealand,1637,+5,+7,1648
64,2026-06-21T18:39:38+00:00,Iraq,1651,+4,-11,1645
64,2026-06-21T18:39:38+00:00,Jordan,1656,+3,-14,1644
64,2026-06-21T18:39:38+00:00,Tunisia,1692,-4,-46,1642
64,2026-06-21T18:39:38+00:00,Haiti,1626,+8,-16,1618
64,2026-06-21T18:39:38+00:00,Curaçao,1569,+4,+3,1576
64,2026-06-21T18:39:38+00:00,Qatar,1548,+1,+1,1551
65,2026-06-21T21:27:06+00:00,Argentina,2070,-10,+13,2073
65,2026-06-21T21:27:06+00:00,Spain,2086,-13,-13,2059
65,2026-06-21T21:27:06+00:00,England,2033,-6,+14,2042
65,2026-06-21T21:27:06+00:00,France,2020,+6,+14,2041
65,2026-06-21T21:27:06+00:00,Brazil,2005,-12,+0,1993
65,2026-06-21T21:27:06+00:00,Germany,1976,-2,+20,1993
65,2026-06-21T21:27:06+00:00,Portugal,1974,+4,-16,1963
65,2026-06-21T21:27:06+00:00,Norway,1941,+10,+11,1962
65,2026-06-21T21:27:06+00:00,Colombia,1951,-1,+8,1958
65,2026-06-21T21:27:06+00:00,Netherlands,1949,-19,+22,1953
65,2026-06-21T21:27:06+00:00,Uruguay,1924,+6,-17,1913
65,2026-06-21T21:27:06+00:00,Japan,1875,-5,+23,1892
65,2026-06-21T21:27:06+00:00,Switzerland,1890,+2,-1,1891
65,2026-06-21T21:27:06+00:00,Ecuador,1928,+8,-45,1891
65,2026-06-21T21:27:06+00:00,Morocco,1857,+5,+23,1885
65,2026-06-21T21:27:06+00:00,Senegal,1887,+9,-14,1881
65,2026-06-21T21:27:06+00:00,Belgium,1907,-10,-20,1877
65,2026-06-21T21:27:06+00:00,Mexico,1860,-1,+8,1867
65,2026-06-21T21:27:06+00:00,Croatia,1874,+5,-14,1865
65,2026-06-21T21:27:06+00:00,Turkey,1906,+5,-54,1856
65,2026-06-21T21:27:06+00:00,United States,1809,+1,+43,1853
65,2026-06-21T21:27:06+00:00,Paraguay,1856,-1,-6,1849
65,2026-06-21T21:27:06+00:00,Austria,1837,-18,+14,1833
65,2026-06-21T21:27:06+00:00,Canada,1815,-3,+9,1820
65,2026-06-21T21:27:06+00:00,Ivory Coast,1781,+6,+22,1809
65,2026-06-21T21:27:06+00:00,Scotland,1817,-9,-7,1801
65,2026-06-21T21:27:06+00:00,Algeria,1806,+3,-13,1796
65,2026-06-21T21:27:06+00:00,Australia,1768,+7,+17,1793
65,2026-06-21T21:27:06+00:00,South Korea,1763,+6,+13,1782
65,2026-06-21T21:27:06+00:00,Sweden,1791,-11,+0,1780
65,2026-06-21T21:27:06+00:00,Egypt,1764,+6,+9,1779
65,2026-06-21T21:27:06+00:00,Czech Republic,1779,-2,-22,1754
65,2026-06-21T21:27:06+00:00,DR Congo,1734,-6,+16,1743
65,2026-06-21T21:27:06+00:00,Iran,1734,-6,+4,1733
65,2026-06-21T21:27:06+00:00,Panama,1740,+1,-22,1719
65,2026-06-21T21:27:06+00:00,Uzbekistan,1709,+5,-8,1707
65,2026-06-21T21:27:06+00:00,Ghana,1674,-11,+22,1685
65,2026-06-21T21:27:06+00:00,Bosnia and Herzegovina,1704,-12,-9,1684
65,2026-06-21T21:27:06+00:00,South Africa,1672,0,+1,1674
65,2026-06-21T21:27:06+00:00,New Zealand,1637,+5,+7,1648
65,2026-06-21T21:27:06+00:00,Cape Verde,1626,-2,+24,1648
65,2026-06-21T21:27:06+00:00,Saudi Arabia,1640,+2,+6,1648
65,2026-06-21T21:27:06+00:00,Iraq,1651,+4,-11,1645
65,2026-06-21T21:27:06+00:00,Jordan,1656,+3,-14,1644
65,2026-06-21T21:27:06+00:00,Tunisia,1692,-4,-46,1642
65,2026-06-21T21:27:06+00:00,Haiti,1626,+8,-16,1618
65,2026-06-21T21:27:06+00:00,Curaçao,1569,+4,+3,1576
65,2026-06-21T21:27:06+00:00,Qatar,1548,+1,+1,1551
66,2026-06-22T00:40:36+00:00,Argentina,2070,-10,+13,2073
66,2026-06-22T00:40:36+00:00,Spain,2086,-13,-13,2059
66,2026-06-22T00:40:36+00:00,England,2033,-6,+14,2042
66,2026-06-22T00:40:36+00:00,France,2020,+6,+14,2041
66,2026-06-22T00:40:36+00:00,Germany,1976,-2,+20,1993
66,2026-06-22T00:40:36+00:00,Brazil,2005,-12,+0,1993
66,2026-06-22T00:40:36+00:00,Portugal,1974,+4,-16,1963
66,2026-06-22T00:40:36+00:00,Norway,1941,+10,+11,1962
66,2026-06-22T00:40:36+00:00,Colombia,1951,-1,+8,1958
66,2026-06-22T00:40:36+00:00,Netherlands,1949,-19,+22,1953
66,2026-06-22T00:40:36+00:00,Uruguay,1924,+7,-32,1899
66,2026-06-22T00:40:36+00:00,Japan,1875,-5,+23,1892
66,2026-06-22T00:40:36+00:00,Ecuador,1928,+8,-45,1891
66,2026-06-22T00:40:36+00:00,Switzerland,1890,+2,-1,1891
66,2026-06-22T00:40:36+00:00,Morocco,1857,+5,+23,1885
66,2026-06-22T00:40:36+00:00,Senegal,1887,+9,-14,1881
66,2026-06-22T00:40:36+00:00,Belgium,1907,-10,-20,1877
66,2026-06-22T00:40:36+00:00,Mexico,1860,-1,+8,1867
66,2026-06-22T00:40:36+00:00,Croatia,1874,+5,-14,1865
66,2026-06-22T00:40:36+00:00,Turkey,1906,+5,-54,1856
66,2026-06-22T00:40:36+00:00,United States,1809,+1,+43,1853
66,2026-06-22T00:40:36+00:00,Paraguay,1856,-1,-6,1849
66,2026-06-22T00:40:36+00:00,Austria,1837,-18,+14,1833
66,2026-06-22T00:40:36+00:00,Canada,1815,-3,+9,1820
66,2026-06-22T00:40:36+00:00,Ivory Coast,1781,+6,+22,1809
66,2026-06-22T00:40:36+00:00,Scotland,1817,-9,-7,1801
66,2026-06-22T00:40:36+00:00,Algeria,1806,+3,-13,1796
66,2026-06-22T00:40:36+00:00,Australia,1768,+7,+17,1793
66,2026-06-22T00:40:36+00:00,South Korea,1763,+6,+13,1782
66,2026-06-22T00:40:36+00:00,Sweden,1791,-11,+0,1780
66,2026-06-22T00:40:36+00:00,Egypt,1764,+6,+9,1779
66,2026-06-22T00:40:36+00:00,Czech Republic,1779,-2,-22,1754
66,2026-06-22T00:40:36+00:00,DR Congo,1734,-6,+16,1743
66,2026-06-22T00:40:36+00:00,Iran,1734,-6,+4,1733
66,2026-06-22T00:40:36+00:00,Panama,1740,+1,-22,1719
66,2026-06-22T00:40:36+00:00,Uzbekistan,1709,+5,-8,1707
66,2026-06-22T00:40:36+00:00,Ghana,1674,-11,+22,1685
66,2026-06-22T00:40:36+00:00,Bosnia and Herzegovina,1704,-12,-9,1684
66,2026-06-22T00:40:36+00:00,South Africa,1672,0,+1,1674
66,2026-06-22T00:40:36+00:00,Cape Verde,1626,-2,+39,1663
66,2026-06-22T00:40:36+00:00,Saudi Arabia,1640,+2,+6,1648
66,2026-06-22T00:40:36+00:00,New Zealand,1637,+5,+7,1648
66,2026-06-22T00:40:36+00:00,Iraq,1651,+4,-11,1645
66,2026-06-22T00:40:36+00:00,Jordan,1656,+3,-14,1644
66,2026-06-22T00:40:36+00:00,Tunisia,1692,-4,-46,1642
66,2026-06-22T00:40:36+00:00,Haiti,1626,+8,-16,1618
66,2026-06-22T00:40:36+00:00,Curaçao,1569,+4,+3,1576
66,2026-06-22T00:40:36+00:00,Qatar,1548,+1,+1,1551
67,2026-06-22T03:08:09+00:00,Argentina,2070,-10,+13,2073
67,2026-06-22T03:08:09+00:00,Spain,2086,-13,-13,2059
67,2026-06-22T03:08:09+00:00,England,2033,-6,+14,2042
67,2026-06-22T03:08:09+00:00,France,2020,+6,+14,2041
67,2026-06-22T03:08:09+00:00,Brazil,2005,-12,+0,1993
67,2026-06-22T03:08:09+00:00,Germany,1976,-2,+20,1993
67,2026-06-22T03:08:09+00:00,Portugal,1974,+4,-16,1963
67,2026-06-22T03:08:09+00:00,Norway,1941,+10,+11,1962
67,2026-06-22T03:08:09+00:00,Colombia,1951,-1,+8,1958
67,2026-06-22T03:08:09+00:00,Netherlands,1949,-19,+22,1953
67,2026-06-22T03:08:09+00:00,Uruguay,1924,+7,-32,1899
67,2026-06-22T03:08:09+00:00,Japan,1875,-5,+23,1892
67,2026-06-22T03:08:09+00:00,Ecuador,1928,+8,-45,1891
67,2026-06-22T03:08:09+00:00,Switzerland,1890,+2,-1,1891
67,2026-06-22T03:08:09+00:00,Morocco,1857,+5,+23,1885
67,2026-06-22T03:08:09+00:00,Senegal,1887,+9,-14,1881
67,2026-06-22T03:08:09+00:00,Belgium,1907,-10,-20,1877
67,2026-06-22T03:08:09+00:00,Mexico,1860,-1,+8,1867
67,2026-06-22T03:08:09+00:00,Croatia,1874,+5,-14,1865
67,2026-06-22T03:08:09+00:00,Turkey,1906,+5,-54,1856
67,2026-06-22T03:08:09+00:00,United States,1809,+1,+43,1853
67,2026-06-22T03:08:09+00:00,Paraguay,1856,-1,-6,1849
67,2026-06-22T03:08:09+00:00,Austria,1837,-18,+14,1833
67,2026-06-22T03:08:09+00:00,Canada,1815,-3,+9,1820
67,2026-06-22T03:08:09+00:00,Ivory Coast,1781,+6,+22,1809
67,2026-06-22T03:08:09+00:00,Scotland,1817,-9,-7,1801
67,2026-06-22T03:08:09+00:00,Algeria,1806,+3,-13,1796
67,2026-06-22T03:08:09+00:00,Egypt,1764,+6,+24,1794
67,2026-06-22T03:08:09+00:00,Australia,1768,+7,+17,1793
67,2026-06-22T03:08:09+00:00,South Korea,1763,+6,+13,1782
67,2026-06-22T03:08:09+00:00,Sweden,1791,-11,+0,1780
67,2026-06-22T03:08:09+00:00,Czech Republic,1779,-2,-22,1754
67,2026-06-22T03:08:09+00:00,DR Congo,1734,-6,+16,1743
67,2026-06-22T03:08:09+00:00,Iran,1734,-6,+4,1733
67,2026-06-22T03:08:09+00:00,Panama,1740,+1,-22,1719
67,2026-06-22T03:08:09+00:00,Uzbekistan,1709,+5,-8,1707
67,2026-06-22T03:08:09+00:00,Ghana,1674,-11,+22,1685
67,2026-06-22T03:08:09+00:00,Bosnia and Herzegovina,1704,-12,-9,1684
67,2026-06-22T03:08:09+00:00,South Africa,1672,0,+1,1674
67,2026-06-22T03:08:09+00:00,Cape Verde,1626,-2,+39,1663
67,2026-06-22T03:08:09+00:00,Saudi Arabia,1640,+2,+6,1648
67,2026-06-22T03:08:09+00:00,Iraq,1651,+4,-11,1645
67,2026-06-22T03:08:09+00:00,Jordan,1656,+3,-14,1644
67,2026-06-22T03:08:09+00:00,Tunisia,1692,-4,-46,1642
67,2026-06-22T03:08:09+00:00,New Zealand,1637,+5,-8,1633
67,2026-06-22T03:08:09+00:00,Haiti,1626,+8,-16,1618
67,2026-06-22T03:08:09+00:00,Curaçao,1569,+4,+3,1576
67,2026-06-22T03:08:09+00:00,Qatar,1548,+1,+1,1551
68,2026-06-22T19:35:26+00:00,Argentina,2070,-10,+21,2082
68,2026-06-22T19:35:26+00:00,Spain,2086,-13,-13,2059
68,2026-06-22T19:35:26+00:00,England,2033,-6,+14,2042
68,2026-06-22T19:35:26+00:00,France,2020,+6,+14,2041
68,2026-06-22T19:35:26+00:00,Germany,1976,-2,+20,1993
68,2026-06-22T19:35:26+00:00,Brazil,2005,-12,+0,1993
68,2026-06-22T19:35:26+00:00,Portugal,1974,+4,-16,1963
68,2026-06-22T19:35:26+00:00,Norway,1941,+10,+11,1962
68,2026-06-22T19:35:26+00:00,Colombia,1951,-1,+8,1958
68,2026-06-22T19:35:26+00:00,Netherlands,1949,-19,+22,1953
68,2026-06-22T19:35:26+00:00,Uruguay,1924,+7,-32,1899
68,2026-06-22T19:35:26+00:00,Japan,1875,-5,+23,1892
68,2026-06-22T19:35:26+00:00,Switzerland,1890,+2,-1,1891
68,2026-06-22T19:35:26+00:00,Ecuador,1928,+8,-45,1891
68,2026-06-22T19:35:26+00:00,Morocco,1857,+5,+23,1885
68,2026-06-22T19:35:26+00:00,Senegal,1887,+9,-14,1881
68,2026-06-22T19:35:26+00:00,Belgium,1907,-10,-20,1877
68,2026-06-22T19:35:26+00:00,Mexico,1860,-1,+8,1867
68,2026-06-22T19:35:26+00:00,Croatia,1874,+5,-14,1865
68,2026-06-22T19:35:26+00:00,Turkey,1906,+5,-54,1856
68,2026-06-22T19:35:26+00:00,United States,1809,+1,+43,1853
68,2026-06-22T19:35:26+00:00,Paraguay,1856,-1,-6,1849
68,2026-06-22T19:35:26+00:00,Austria,1837,-18,+5,1825
68,2026-06-22T19:35:26+00:00,Canada,1815,-3,+9,1820
68,2026-06-22T19:35:26+00:00,Ivory Coast,1781,+6,+22,1809
68,2026-06-22T19:35:26+00:00,Scotland,1817,-9,-7,1801
68,2026-06-22T19:35:26+00:00,Algeria,1806,+3,-13,1796
68,2026-06-22T19:35:26+00:00,Egypt,1764,+6,+24,1794
68,2026-06-22T19:35:26+00:00,Australia,1768,+7,+17,1793
68,2026-06-22T19:35:26+00:00,South Korea,1763,+6,+13,1782
68,2026-06-22T19:35:26+00:00,Sweden,1791,-11,+0,1780
68,2026-06-22T19:35:26+00:00,Czech Republic,1779,-2,-22,1754
68,2026-06-22T19:35:26+00:00,DR Congo,1734,-6,+16,1743
68,2026-06-22T19:35:26+00:00,Iran,1734,-6,+4,1733
68,2026-06-22T19:35:26+00:00,Panama,1740,+1,-22,1719
68,2026-06-22T19:35:26+00:00,Uzbekistan,1709,+5,-8,1707
68,2026-06-22T19:35:26+00:00,Ghana,1674,-11,+22,1685
68,2026-06-22T19:35:26+00:00,Bosnia and Herzegovina,1704,-12,-9,1684
68,2026-06-22T19:35:26+00:00,South Africa,1672,0,+1,1674
68,2026-06-22T19:35:26+00:00,Cape Verde,1626,-2,+39,1663
68,2026-06-22T19:35:26+00:00,Saudi Arabia,1640,+2,+6,1648
68,2026-06-22T19:35:26+00:00,Iraq,1651,+4,-11,1645
68,2026-06-22T19:35:26+00:00,Jordan,1656,+3,-14,1644
68,2026-06-22T19:35:26+00:00,Tunisia,1692,-4,-46,1642
68,2026-06-22T19:35:26+00:00,New Zealand,1637,+5,-8,1633
68,2026-06-22T19:35:26+00:00,Haiti,1626,+8,-16,1618
68,2026-06-22T19:35:26+00:00,Curaçao,1569,+4,+3,1576
68,2026-06-22T19:35:26+00:00,Qatar,1548,+1,+1,1551
69,2026-06-23T03:03:41+00:00,Argentina,2070,-10,+21,2082
69,2026-06-23T03:03:41+00:00,Spain,2086,-13,-13,2059
69,2026-06-23T03:03:41+00:00,France,2020,+6,+21,2047
69,2026-06-23T03:03:41+00:00,England,2033,-6,+14,2042
69,2026-06-23T03:03:41+00:00,Germany,1976,-2,+20,1993
69,2026-06-23T03:03:41+00:00,Brazil,2005,-12,+0,1993
69,2026-06-23T03:03:41+00:00,Norway,1941,+10,+20,1971
69,2026-06-23T03:03:41+00:00,Portugal,1974,+4,-16,1963
69,2026-06-23T03:03:41+00:00,Colombia,1951,-1,+8,1958
69,2026-06-23T03:03:41+00:00,Netherlands,1949,-19,+22,1953
69,2026-06-23T03:03:41+00:00,Uruguay,1924,+7,-32,1899
69,2026-06-23T03:03:41+00:00,Japan,1875,-5,+23,1892
69,2026-06-23T03:03:41+00:00,Switzerland,1890,+2,-1,1891
69,2026-06-23T03:03:41+00:00,Ecuador,1928,+8,-45,1891
69,2026-06-23T03:03:41+00:00,Morocco,1857,+5,+23,1885
69,2026-06-23T03:03:41+00:00,Belgium,1907,-10,-20,1877
69,2026-06-23T03:03:41+00:00,Senegal,1887,+9,-23,1872
69,2026-06-23T03:03:41+00:00,Mexico,1860,-1,+8,1867
69,2026-06-23T03:03:41+00:00,Croatia,1874,+5,-14,1865
69,2026-06-23T03:03:41+00:00,Turkey,1906,+5,-54,1856
69,2026-06-23T03:03:41+00:00,United States,1809,+1,+43,1853
69,2026-06-23T03:03:41+00:00,Paraguay,1856,-1,-6,1849
69,2026-06-23T03:03:41+00:00,Austria,1837,-18,+5,1825
69,2026-06-23T03:03:41+00:00,Canada,1815,-3,+9,1820
69,2026-06-23T03:03:41+00:00,Ivory Coast,1781,+6,+22,1809
69,2026-06-23T03:03:41+00:00,Scotland,1817,-9,-7,1801
69,2026-06-23T03:03:41+00:00,Algeria,1806,+3,-13,1796
69,2026-06-23T03:03:41+00:00,Egypt,1764,+6,+24,1794
69,2026-06-23T03:03:41+00:00,Australia,1768,+7,+17,1793
69,2026-06-23T03:03:41+00:00,South Korea,1763,+6,+13,1782
69,2026-06-23T03:03:41+00:00,Sweden,1791,-11,+0,1780
69,2026-06-23T03:03:41+00:00,Czech Republic,1779,-2,-22,1754
69,2026-06-23T03:03:41+00:00,DR Congo,1734,-6,+16,1743
69,2026-06-23T03:03:41+00:00,Iran,1734,-6,+4,1733
69,2026-06-23T03:03:41+00:00,Panama,1740,+1,-22,1719
69,2026-06-23T03:03:41+00:00,Uzbekistan,1709,+5,-8,1707
69,2026-06-23T03:03:41+00:00,Ghana,1674,-11,+22,1685
69,2026-06-23T03:03:41+00:00,Bosnia and Herzegovina,1704,-12,-9,1684
69,2026-06-23T03:03:41+00:00,South Africa,1672,0,+1,1674
69,2026-06-23T03:03:41+00:00,Cape Verde,1626,-2,+39,1663
69,2026-06-23T03:03:41+00:00,Saudi Arabia,1640,+2,+6,1648
69,2026-06-23T03:03:41+00:00,Jordan,1656,+3,-14,1644
69,2026-06-23T03:03:41+00:00,Tunisia,1692,-4,-46,1642
69,2026-06-23T03:03:41+00:00,Iraq,1651,+4,-17,1639
69,2026-06-23T03:03:41+00:00,New Zealand,1637,+5,-8,1633
69,2026-06-23T03:03:41+00:00,Haiti,1626,+8,-16,1618
69,2026-06-23T03:03:41+00:00,Curaçao,1569,+4,+3,1576
69,2026-06-23T03:03:41+00:00,Qatar,1548,+1,+1,1551
70,2026-06-23T03:06:39+00:00,Argentina,2070,-10,+21,2082
70,2026-06-23T03:06:39+00:00,Spain,2086,-13,-13,2059
70,2026-06-23T03:06:39+00:00,France,2020,+6,+21,2047
70,2026-06-23T03:06:39+00:00,England,2033,-6,+14,2042
70,2026-06-23T03:06:39+00:00,Germany,1976,-2,+20,1993
70,2026-06-23T03:06:39+00:00,Brazil,2005,-12,+0,1993
70,2026-06-23T03:06:39+00:00,Norway,1941,+10,+20,1971
70,2026-06-23T03:06:39+00:00,Portugal,1974,+4,-16,1963
70,2026-06-23T03:06:39+00:00,Colombia,1951,-1,+8,1958
70,2026-06-23T03:06:39+00:00,Netherlands,1949,-19,+22,1953
70,2026-06-23T03:06:39+00:00,Uruguay,1924,+7,-32,1899
70,2026-06-23T03:06:39+00:00,Japan,1875,-5,+23,1892
70,2026-06-23T03:06:39+00:00,Switzerland,1890,+2,-1,1891
70,2026-06-23T03:06:39+00:00,Ecuador,1928,+8,-45,1891
70,2026-06-23T03:06:39+00:00,Morocco,1857,+5,+23,1885
70,2026-06-23T03:06:39+00:00,Belgium,1907,-10,-20,1877
70,2026-06-23T03:06:39+00:00,Senegal,1887,+9,-23,1872
70,2026-06-23T03:06:39+00:00,Mexico,1860,-1,+8,1867
70,2026-06-23T03:06:39+00:00,Croatia,1874,+5,-14,1865
70,2026-06-23T03:06:39+00:00,Turkey,1906,+5,-54,1856
70,2026-06-23T03:06:39+00:00,United States,1809,+1,+43,1853
70,2026-06-23T03:06:39+00:00,Paraguay,1856,-1,-6,1849
70,2026-06-23T03:06:39+00:00,Austria,1837,-18,+5,1825
70,2026-06-23T03:06:39+00:00,Canada,1815,-3,+9,1820
70,2026-06-23T03:06:39+00:00,Ivory Coast,1781,+6,+22,1809
70,2026-06-23T03:06:39+00:00,Scotland,1817,-9,-7,1801
70,2026-06-23T03:06:39+00:00,Algeria,1806,+3,-13,1796
70,2026-06-23T03:06:39+00:00,Egypt,1764,+6,+24,1794
70,2026-06-23T03:06:39+00:00,Australia,1768,+7,+17,1793
70,2026-06-23T03:06:39+00:00,South Korea,1763,+6,+13,1782
70,2026-06-23T03:06:39+00:00,Sweden,1791,-11,+0,1780
70,2026-06-23T03:06:39+00:00,Czech Republic,1779,-2,-22,1754
70,2026-06-23T03:06:39+00:00,DR Congo,1734,-6,+16,1743
70,2026-06-23T03:06:39+00:00,Iran,1734,-6,+4,1733
70,2026-06-23T03:06:39+00:00,Panama,1740,+1,-22,1719
70,2026-06-23T03:06:39+00:00,Uzbekistan,1709,+5,-8,1707
70,2026-06-23T03:06:39+00:00,Ghana,1674,-11,+22,1685
70,2026-06-23T03:06:39+00:00,Bosnia and Herzegovina,1704,-12,-9,1684
70,2026-06-23T03:06:39+00:00,South Africa,1672,0,+1,1674
70,2026-06-23T03:06:39+00:00,Cape Verde,1626,-2,+39,1663
70,2026-06-23T03:06:39+00:00,Saudi Arabia,1640,+2,+6,1648
70,2026-06-23T03:06:39+00:00,Jordan,1656,+3,-14,1644
70,2026-06-23T03:06:39+00:00,Tunisia,1692,-4,-46,1642
70,2026-06-23T03:06:39+00:00,Iraq,1651,+4,-17,1639
70,2026-06-23T03:06:39+00:00,New Zealand,1637,+5,-8,1633
70,2026-06-23T03:06:39+00:00,Haiti,1626,+8,-16,1618
70,2026-06-23T03:06:39+00:00,Curaçao,1569,+4,+3,1576
70,2026-06-23T03:06:39+00:00,Qatar,1548,+1,+1,1551
71,2026-06-23T05:10:07+00:00,Argentina,2070,-10,+21,2082
71,2026-06-23T05:10:07+00:00,Spain,2086,-13,-13,2059
71,2026-06-23T05:10:07+00:00,France,2020,+6,+21,2047
71,2026-06-23T05:10:07+00:00,England,2033,-6,+14,2042
71,2026-06-23T05:10:07+00:00,Germany,1976,-2,+20,1993
71,2026-06-23T05:10:07+00:00,Brazil,2005,-12,+0,1993
71,2026-06-23T05:10:07+00:00,Norway,1941,+10,+20,1971
71,2026-06-23T05:10:07+00:00,Portugal,1974,+4,-16,1963
71,2026-06-23T05:10:07+00:00,Colombia,1951,-1,+8,1958
71,2026-06-23T05:10:07+00:00,Netherlands,1949,-19,+22,1953
71,2026-06-23T05:10:07+00:00,Uruguay,1924,+7,-32,1899
71,2026-06-23T05:10:07+00:00,Japan,1875,-5,+23,1892
71,2026-06-23T05:10:07+00:00,Ecuador,1928,+8,-45,1891
71,2026-06-23T05:10:07+00:00,Switzerland,1890,+2,-1,1891
71,2026-06-23T05:10:07+00:00,Morocco,1857,+5,+23,1885
71,2026-06-23T05:10:07+00:00,Belgium,1907,-10,-20,1877
71,2026-06-23T05:10:07+00:00,Senegal,1887,+9,-23,1872
71,2026-06-23T05:10:07+00:00,Mexico,1860,-1,+8,1867
71,2026-06-23T05:10:07+00:00,Croatia,1874,+5,-14,1865
71,2026-06-23T05:10:07+00:00,Turkey,1906,+5,-54,1856
71,2026-06-23T05:10:07+00:00,United States,1809,+1,+43,1853
71,2026-06-23T05:10:07+00:00,Paraguay,1856,-1,-6,1849
71,2026-06-23T05:10:07+00:00,Austria,1837,-18,+5,1825
71,2026-06-23T05:10:07+00:00,Canada,1815,-3,+9,1820
71,2026-06-23T05:10:07+00:00,Ivory Coast,1781,+6,+22,1809
71,2026-06-23T05:10:07+00:00,Algeria,1806,+3,-5,1804
71,2026-06-23T05:10:07+00:00,Scotland,1817,-9,-7,1801
71,2026-06-23T05:10:07+00:00,Egypt,1764,+6,+24,1794
71,2026-06-23T05:10:07+00:00,Australia,1768,+7,+17,1793
71,2026-06-23T05:10:07+00:00,South Korea,1763,+6,+13,1782
71,2026-06-23T05:10:07+00:00,Sweden,1791,-11,+0,1780
71,2026-06-23T05:10:07+00:00,Czech Republic,1779,-2,-22,1754
71,2026-06-23T05:10:07+00:00,DR Congo,1734,-6,+16,1743
71,2026-06-23T05:10:07+00:00,Iran,1734,-6,+4,1733
71,2026-06-23T05:10:07+00:00,Panama,1740,+1,-22,1719
71,2026-06-23T05:10:07+00:00,Uzbekistan,1709,+5,-8,1707
71,2026-06-23T05:10:07+00:00,Ghana,1674,-11,+22,1685
71,2026-06-23T05:10:07+00:00,Bosnia and Herzegovina,1704,-12,-9,1684
71,2026-06-23T05:10:07+00:00,South Africa,1672,0,+1,1674
71,2026-06-23T05:10:07+00:00,Cape Verde,1626,-2,+39,1663
71,2026-06-23T05:10:07+00:00,Saudi Arabia,1640,+2,+6,1648
71,2026-06-23T05:10:07+00:00,Tunisia,1692,-4,-46,1642
71,2026-06-23T05:10:07+00:00,Iraq,1651,+4,-17,1639
71,2026-06-23T05:10:07+00:00,Jordan,1656,+3,-22,1637
71,2026-06-23T05:10:07+00:00,New Zealand,1637,+5,-8,1633
71,2026-06-23T05:10:07+00:00,Haiti,1626,+8,-16,1618
71,2026-06-23T05:10:07+00:00,Curaçao,1569,+4,+3,1576
71,2026-06-23T05:10:07+00:00,Qatar,1548,+1,+1,1551
72,2026-06-23T19:29:30+00:00,Argentina,2070,-10,+21,2082
72,2026-06-23T19:29:30+00:00,Spain,2086,-13,-13,2059
72,2026-06-23T19:29:30+00:00,France,2020,+6,+21,2047
72,2026-06-23T19:29:30+00:00,England,2033,-6,+14,2042
72,2026-06-23T19:29:30+00:00,Brazil,2005,-12,+0,1993
72,2026-06-23T19:29:30+00:00,Germany,1976,-2,+20,1993
72,2026-06-23T19:29:30+00:00,Portugal,1974,+4,+5,1983
72,2026-06-23T19:29:30+00:00,Norway,1941,+10,+20,1971
72,2026-06-23T19:29:30+00:00,Colombia,1951,-1,+8,1958
72,2026-06-23T19:29:30+00:00,Netherlands,1949,-19,+22,1953
72,2026-06-23T19:29:30+00:00,Uruguay,1924,+7,-32,1899
72,2026-06-23T19:29:30+00:00,Japan,1875,-5,+23,1892
72,2026-06-23T19:29:30+00:00,Switzerland,1890,+2,-1,1891
72,2026-06-23T19:29:30+00:00,Ecuador,1928,+8,-45,1891
72,2026-06-23T19:29:30+00:00,Morocco,1857,+5,+23,1885
72,2026-06-23T19:29:30+00:00,Belgium,1907,-10,-20,1877
72,2026-06-23T19:29:30+00:00,Senegal,1887,+9,-23,1872
72,2026-06-23T19:29:30+00:00,Mexico,1860,-1,+8,1867
72,2026-06-23T19:29:30+00:00,Croatia,1874,+5,-14,1865
72,2026-06-23T19:29:30+00:00,Turkey,1906,+5,-54,1856
72,2026-06-23T19:29:30+00:00,United States,1809,+1,+43,1853
72,2026-06-23T19:29:30+00:00,Paraguay,1856,-1,-6,1849
72,2026-06-23T19:29:30+00:00,Austria,1837,-18,+5,1825
72,2026-06-23T19:29:30+00:00,Canada,1815,-3,+9,1820
72,2026-06-23T19:29:30+00:00,Ivory Coast,1781,+6,+22,1809
72,2026-06-23T19:29:30+00:00,Algeria,1806,+3,-5,1804
72,2026-06-23T19:29:30+00:00,Scotland,1817,-9,-7,1801
72,2026-06-23T19:29:30+00:00,Egypt,1764,+6,+24,1794
72,2026-06-23T19:29:30+00:00,Australia,1768,+7,+17,1793
72,2026-06-23T19:29:30+00:00,South Korea,1763,+6,+13,1782
72,2026-06-23T19:29:30+00:00,Sweden,1791,-11,+0,1780
72,2026-06-23T19:29:30+00:00,Czech Republic,1779,-2,-22,1754
72,2026-06-23T19:29:30+00:00,DR Congo,1734,-6,+16,1743
72,2026-06-23T19:29:30+00:00,Iran,1734,-6,+4,1733
72,2026-06-23T19:29:30+00:00,Panama,1740,+1,-22,1719
72,2026-06-23T19:29:30+00:00,Uzbekistan,1709,+5,-28,1686
72,2026-06-23T19:29:30+00:00,Ghana,1674,-11,+22,1685
72,2026-06-23T19:29:30+00:00,Bosnia and Herzegovina,1704,-12,-9,1684
72,2026-06-23T19:29:30+00:00,South Africa,1672,0,+1,1674
72,2026-06-23T19:29:30+00:00,Cape Verde,1626,-2,+39,1663
72,2026-06-23T19:29:30+00:00,Saudi Arabia,1640,+2,+6,1648
72,2026-06-23T19:29:30+00:00,Tunisia,1692,-4,-46,1642
72,2026-06-23T19:29:30+00:00,Iraq,1651,+4,-17,1639
72,2026-06-23T19:29:30+00:00,Jordan,1656,+3,-22,1637
72,2026-06-23T19:29:30+00:00,New Zealand,1637,+5,-8,1633
72,2026-06-23T19:29:30+00:00,Haiti,1626,+8,-16,1618
72,2026-06-23T19:29:30+00:00,Curaçao,1569,+4,+3,1576
72,2026-06-23T19:29:30+00:00,Qatar,1548,+1,+1,1551
73,2026-06-23T22:17:22+00:00,Argentina,2070,-10,+21,2082
73,2026-06-23T22:17:22+00:00,Spain,2086,-13,-13,2059
73,2026-06-23T22:17:22+00:00,France,2020,+6,+21,2047
73,2026-06-23T22:17:22+00:00,England,2033,-6,-7,2020
73,2026-06-23T22:17:22+00:00,Germany,1976,-2,+20,1993
73,2026-06-23T22:17:22+00:00,Brazil,2005,-12,+0,1993
73,2026-06-23T22:17:22+00:00,Portugal,1974,+4,+5,1983
73,2026-06-23T22:17:22+00:00,Norway,1941,+10,+20,1971
73,2026-06-23T22:17:22+00:00,Colombia,1951,-1,+8,1958
73,2026-06-23T22:17:22+00:00,Netherlands,1949,-19,+22,1953
73,2026-06-23T22:17:22+00:00,Uruguay,1924,+7,-32,1899
73,2026-06-23T22:17:22+00:00,Japan,1875,-5,+23,1892
73,2026-06-23T22:17:22+00:00,Switzerland,1890,+2,-1,1891
73,2026-06-23T22:17:22+00:00,Ecuador,1928,+8,-45,1891
73,2026-06-23T22:17:22+00:00,Morocco,1857,+5,+23,1885
73,2026-06-23T22:17:22+00:00,Belgium,1907,-10,-20,1877
73,2026-06-23T22:17:22+00:00,Senegal,1887,+9,-23,1872
73,2026-06-23T22:17:22+00:00,Mexico,1860,-1,+8,1867
73,2026-06-23T22:17:22+00:00,Croatia,1874,+5,-14,1865
73,2026-06-23T22:17:22+00:00,Turkey,1906,+5,-54,1856
73,2026-06-23T22:17:22+00:00,United States,1809,+1,+43,1853
73,2026-06-23T22:17:22+00:00,Paraguay,1856,-1,-6,1849
73,2026-06-23T22:17:22+00:00,Austria,1837,-18,+5,1825
73,2026-06-23T22:17:22+00:00,Canada,1815,-3,+9,1820
73,2026-06-23T22:17:22+00:00,Ivory Coast,1781,+6,+22,1809
73,2026-06-23T22:17:22+00:00,Algeria,1806,+3,-5,1804
73,2026-06-23T22:17:22+00:00,Scotland,1817,-9,-7,1801
73,2026-06-23T22:17:22+00:00,Egypt,1764,+6,+24,1794
73,2026-06-23T22:17:22+00:00,Australia,1768,+7,+17,1793
73,2026-06-23T22:17:22+00:00,South Korea,1763,+6,+13,1782
73,2026-06-23T22:17:22+00:00,Sweden,1791,-11,+0,1780
73,2026-06-23T22:17:22+00:00,Czech Republic,1779,-2,-22,1754
73,2026-06-23T22:17:22+00:00,DR Congo,1734,-6,+16,1743
73,2026-06-23T22:17:22+00:00,Iran,1734,-6,+4,1733
73,2026-06-23T22:17:22+00:00,Panama,1740,+1,-22,1719
73,2026-06-23T22:17:22+00:00,Ghana,1674,-11,+44,1707
73,2026-06-23T22:17:22+00:00,Uzbekistan,1709,+5,-28,1686
73,2026-06-23T22:17:22+00:00,Bosnia and Herzegovina,1704,-12,-9,1684
73,2026-06-23T22:17:22+00:00,South Africa,1672,0,+1,1674
73,2026-06-23T22:17:22+00:00,Cape Verde,1626,-2,+39,1663
73,2026-06-23T22:17:22+00:00,Saudi Arabia,1640,+2,+6,1648
73,2026-06-23T22:17:22+00:00,Tunisia,1692,-4,-46,1642
73,2026-06-23T22:17:22+00:00,Iraq,1651,+4,-17,1639
73,2026-06-23T22:17:22+00:00,Jordan,1656,+3,-22,1637
73,2026-06-23T22:17:22+00:00,New Zealand,1637,+5,-8,1633
73,2026-06-23T22:17:22+00:00,Haiti,1626,+8,-16,1618
73,2026-06-23T22:17:22+00:00,Curaçao,1569,+4,+3,1576
73,2026-06-23T22:17:22+00:00,Qatar,1548,+1,+1,1551
74,2026-06-24T01:54:36+00:00,Argentina,2070,-10,+21,2082
74,2026-06-24T01:54:36+00:00,Spain,2086,-13,-13,2059
74,2026-06-24T01:54:36+00:00,France,2020,+6,+21,2047
74,2026-06-24T01:54:36+00:00,England,2033,-6,-7,2020
74,2026-06-24T01:54:36+00:00,Germany,1976,-2,+20,1993
74,2026-06-24T01:54:36+00:00,Brazil,2005,-12,+0,1993
74,2026-06-24T01:54:36+00:00,Portugal,1974,+4,+5,1983
74,2026-06-24T01:54:36+00:00,Norway,1941,+10,+20,1971
74,2026-06-24T01:54:36+00:00,Colombia,1951,-1,+8,1958
74,2026-06-24T01:54:36+00:00,Netherlands,1949,-19,+22,1953
74,2026-06-24T01:54:36+00:00,Uruguay,1924,+7,-32,1899
74,2026-06-24T01:54:36+00:00,Japan,1875,-5,+23,1892
74,2026-06-24T01:54:36+00:00,Ecuador,1928,+8,-45,1891
74,2026-06-24T01:54:36+00:00,Switzerland,1890,+2,-1,1891
74,2026-06-24T01:54:36+00:00,Morocco,1857,+5,+23,1885
74,2026-06-24T01:54:36+00:00,Belgium,1907,-10,-20,1877
74,2026-06-24T01:54:36+00:00,Croatia,1874,+5,-7,1872
74,2026-06-24T01:54:36+00:00,Senegal,1887,+9,-23,1872
74,2026-06-24T01:54:36+00:00,Mexico,1860,-1,+8,1867
74,2026-06-24T01:54:36+00:00,Turkey,1906,+5,-54,1856
74,2026-06-24T01:54:36+00:00,United States,1809,+1,+43,1853
74,2026-06-24T01:54:36+00:00,Paraguay,1856,-1,-6,1849
74,2026-06-24T01:54:36+00:00,Austria,1837,-18,+5,1825
74,2026-06-24T01:54:36+00:00,Canada,1815,-3,+9,1820
74,2026-06-24T01:54:36+00:00,Ivory Coast,1781,+6,+22,1809
74,2026-06-24T01:54:36+00:00,Algeria,1806,+3,-5,1804
74,2026-06-24T01:54:36+00:00,Scotland,1817,-9,-7,1801
74,2026-06-24T01:54:36+00:00,Egypt,1764,+6,+24,1794
74,2026-06-24T01:54:36+00:00,Australia,1768,+7,+17,1793
74,2026-06-24T01:54:36+00:00,South Korea,1763,+6,+13,1782
74,2026-06-24T01:54:36+00:00,Sweden,1791,-11,+0,1780
74,2026-06-24T01:54:36+00:00,Czech Republic,1779,-2,-22,1754
74,2026-06-24T01:54:36+00:00,DR Congo,1734,-6,+16,1743
74,2026-06-24T01:54:36+00:00,Iran,1734,-6,+4,1733
74,2026-06-24T01:54:36+00:00,Panama,1740,+1,-29,1712
74,2026-06-24T01:54:36+00:00,Ghana,1674,-11,+44,1707
74,2026-06-24T01:54:36+00:00,Uzbekistan,1709,+5,-28,1686
74,2026-06-24T01:54:36+00:00,Bosnia and Herzegovina,1704,-12,-9,1684
74,2026-06-24T01:54:36+00:00,South Africa,1672,0,+1,1674
74,2026-06-24T01:54:36+00:00,Cape Verde,1626,-2,+39,1663
74,2026-06-24T01:54:36+00:00,Saudi Arabia,1640,+2,+6,1648
74,2026-06-24T01:54:36+00:00,Tunisia,1692,-4,-46,1642
74,2026-06-24T01:54:36+00:00,Iraq,1651,+4,-17,1639
74,2026-06-24T01:54:36+00:00,Jordan,1656,+3,-22,1637
74,2026-06-24T01:54:36+00:00,New Zealand,1637,+5,-8,1633
74,2026-06-24T01:54:36+00:00,Haiti,1626,+8,-16,1618
74,2026-06-24T01:54:36+00:00,Curaçao,1569,+4,+3,1576
74,2026-06-24T01:54:36+00:00,Qatar,1548,+1,+1,1551
75,2026-06-24T04:18:37+00:00,Argentina,2070,-10,+21,2082
75,2026-06-24T04:18:37+00:00,Spain,2086,-13,-13,2059
75,2026-06-24T04:18:37+00:00,France,2020,+6,+21,2047
75,2026-06-24T04:18:37+00:00,England,2033,-6,-7,2020
75,2026-06-24T04:18:37+00:00,Brazil,2005,-12,+0,1993
75,2026-06-24T04:18:37+00:00,Germany,1976,-2,+20,1993
75,2026-06-24T04:18:37+00:00,Portugal,1974,+4,+5,1983
75,2026-06-24T04:18:37+00:00,Norway,1941,+10,+20,1971
75,2026-06-24T04:18:37+00:00,Colombia,1951,-1,+8,1959
75,2026-06-24T04:18:37+00:00,Netherlands,1949,-19,+22,1953
75,2026-06-24T04:18:37+00:00,Uruguay,1924,+7,-32,1899
75,2026-06-24T04:18:37+00:00,Japan,1875,-5,+23,1892
75,2026-06-24T04:18:37+00:00,Ecuador,1928,+8,-45,1891
75,2026-06-24T04:18:37+00:00,Switzerland,1890,+2,-1,1891
75,2026-06-24T04:18:37+00:00,Morocco,1857,+5,+23,1885
75,2026-06-24T04:18:37+00:00,Belgium,1907,-10,-20,1877
75,2026-06-24T04:18:37+00:00,Senegal,1887,+9,-23,1872
75,2026-06-24T04:18:37+00:00,Croatia,1874,+5,-7,1872
75,2026-06-24T04:18:37+00:00,Mexico,1860,-1,+8,1867
75,2026-06-24T04:18:37+00:00,Turkey,1906,+5,-54,1856
75,2026-06-24T04:18:37+00:00,United States,1809,+1,+43,1853
75,2026-06-24T04:18:37+00:00,Paraguay,1856,-1,-6,1849
75,2026-06-24T04:18:37+00:00,Austria,1837,-18,+5,1825
75,2026-06-24T04:18:37+00:00,Canada,1815,-3,+9,1820
75,2026-06-24T04:18:37+00:00,Ivory Coast,1781,+6,+22,1809
75,2026-06-24T04:18:37+00:00,Algeria,1806,+3,-5,1804
75,2026-06-24T04:18:37+00:00,Scotland,1817,-9,-7,1801
75,2026-06-24T04:18:37+00:00,Egypt,1764,+6,+24,1794
75,2026-06-24T04:18:37+00:00,Australia,1768,+7,+17,1793
75,2026-06-24T04:18:37+00:00,South Korea,1763,+6,+13,1782
75,2026-06-24T04:18:37+00:00,Sweden,1791,-11,+0,1780
75,2026-06-24T04:18:37+00:00,Czech Republic,1779,-2,-22,1754
75,2026-06-24T04:18:37+00:00,DR Congo,1734,-6,+15,1743
75,2026-06-24T04:18:37+00:00,Iran,1734,-6,+4,1733
75,2026-06-24T04:18:37+00:00,Panama,1740,+1,-29,1712
75,2026-06-24T04:18:37+00:00,Ghana,1674,-11,+44,1707
75,2026-06-24T04:18:37+00:00,Uzbekistan,1709,+5,-28,1686
75,2026-06-24T04:18:37+00:00,Bosnia and Herzegovina,1704,-12,-9,1684
75,2026-06-24T04:18:37+00:00,South Africa,1672,0,+1,1674
75,2026-06-24T04:18:37+00:00,Cape Verde,1626,-2,+39,1663
75,2026-06-24T04:18:37+00:00,Saudi Arabia,1640,+2,+6,1648
75,2026-06-24T04:18:37+00:00,Tunisia,1692,-4,-46,1642
75,2026-06-24T04:18:37+00:00,Iraq,1651,+4,-17,1639
75,2026-06-24T04:18:37+00:00,Jordan,1656,+3,-22,1637
75,2026-06-24T04:18:37+00:00,New Zealand,1637,+5,-8,1633
75,2026-06-24T04:18:37+00:00,Haiti,1626,+8,-16,1618
75,2026-06-24T04:18:37+00:00,Curaçao,1569,+4,+3,1576
75,2026-06-24T04:18:37+00:00,Qatar,1548,+1,+1,1551
76,2026-06-24T18:07:35+00:00,Argentina,2069,-10,+19,2078
76,2026-06-24T18:07:35+00:00,Spain,2067,-12,-13,2042
76,2026-06-24T18:07:35+00:00,France,2013,+6,+21,2041
76,2026-06-24T18:07:35+00:00,England,2017,-7,-6,2004
76,2026-06-24T18:07:35+00:00,Brazil,2014,-24,-2,1988
76,2026-06-24T18:07:35+00:00,Germany,1953,-9,+21,1965
76,2026-06-24T18:07:35+00:00,Portugal,1955,+1,+6,1962
76,2026-06-24T18:07:35+00:00,Norway,1927,+9,+21,1957
76,2026-06-24T18:07:35+00:00,Colombia,1949,-4,+8,1954
76,2026-06-24T18:07:35+00:00,Netherlands,1940,-14,+23,1949
76,2026-06-24T18:07:35+00:00,Uruguay,1927,+1,-32,1896
76,2026-06-24T18:07:35+00:00,Japan,1886,-15,+22,1893
76,2026-06-24T18:07:35+00:00,Ecuador,1925,+8,-45,1888
76,2026-06-24T18:07:35+00:00,Switzerland,1872,+4,+0,1876
76,2026-06-24T18:07:35+00:00,Morocco,1841,+5,+24,1870
76,2026-06-24T18:07:35+00:00,Senegal,1888,+8,-25,1870
76,2026-06-24T18:07:35+00:00,Croatia,1864,+5,-6,1862
76,2026-06-24T18:07:35+00:00,Mexico,1844,0,+9,1854
76,2026-06-24T18:07:35+00:00,Belgium,1878,-10,-18,1850
76,2026-06-24T18:07:35+00:00,Paraguay,1857,0,-9,1847
76,2026-06-24T18:07:35+00:00,Turkey,1882,+3,-51,1835
76,2026-06-24T18:07:35+00:00,Austria,1821,-12,+6,1815
76,2026-06-24T18:07:35+00:00,Australia,1781,+7,+13,1801
76,2026-06-24T18:07:35+00:00,Canada,1792,-5,+11,1798
76,2026-06-24T18:07:35+00:00,Ivory Coast,1771,+4,+22,1797
76,2026-06-24T18:07:35+00:00,United States,1778,-31,+47,1795
76,2026-06-24T18:07:35+00:00,Scotland,1796,-5,-6,1785
76,2026-06-24T18:07:35+00:00,Algeria,1785,+2,-3,1784
76,2026-06-24T18:07:35+00:00,South Korea,1767,+6,+10,1783
76,2026-06-24T18:07:35+00:00,Egypt,1750,+5,+25,1780
76,2026-06-24T18:07:35+00:00,Sweden,1782,-10,+1,1773
76,2026-06-24T18:07:35+00:00,DR Congo,1735,-6,+13,1742
76,2026-06-24T18:07:35+00:00,Czech Republic,1756,-5,-20,1732
76,2026-06-24T18:07:35+00:00,Iran,1727,-7,+4,1724
76,2026-06-24T18:07:35+00:00,Panama,1742,+2,-30,1714
76,2026-06-24T18:07:35+00:00,Ghana,1676,-12,+43,1707
76,2026-06-24T18:07:35+00:00,Uzbekistan,1696,+6,-28,1674
76,2026-06-24T18:07:35+00:00,Bosnia and Herzegovina,1695,-13,-10,1672
76,2026-06-24T18:07:35+00:00,South Africa,1664,-2,+0,1662
76,2026-06-24T18:07:35+00:00,Cape Verde,1612,-6,+40,1645
76,2026-06-24T18:07:35+00:00,Saudi Arabia,1636,+2,+5,1643
76,2026-06-24T18:07:35+00:00,New Zealand,1649,+5,-11,1643
76,2026-06-24T18:07:35+00:00,Tunisia,1692,-4,-46,1642
76,2026-06-24T18:07:35+00:00,Jordan,1650,+2,-22,1630
76,2026-06-24T18:07:35+00:00,Iraq,1638,+4,-17,1626
76,2026-06-24T18:07:35+00:00,Haiti,1627,+7,-17,1617
76,2026-06-24T18:07:35+00:00,Curaçao,1573,+4,+2,1579
76,2026-06-24T18:07:35+00:00,Qatar,1556,+1,-1,1556
77,2026-06-24T21:54:40+00:00,Argentina,2069,-10,+19,2078
77,2026-06-24T21:54:40+00:00,Spain,2067,-12,-13,2042
77,2026-06-24T21:54:40+00:00,France,2013,+6,+21,2041
77,2026-06-24T21:54:40+00:00,England,2017,-7,-6,2004
77,2026-06-24T21:54:40+00:00,Brazil,2014,-24,-2,1988
77,2026-06-24T21:54:40+00:00,Germany,1953,-9,+21,1965
77,2026-06-24T21:54:40+00:00,Portugal,1955,+1,+6,1962
77,2026-06-24T21:54:40+00:00,Norway,1927,+9,+21,1957
77,2026-06-24T21:54:40+00:00,Colombia,1949,-4,+8,1954
77,2026-06-24T21:54:40+00:00,Netherlands,1940,-14,+23,1949
77,2026-06-24T21:54:40+00:00,Uruguay,1927,+1,-32,1896
77,2026-06-24T21:54:40+00:00,Japan,1886,-15,+22,1893
77,2026-06-24T21:54:40+00:00,Switzerland,1872,+4,+16,1892
77,2026-06-24T21:54:40+00:00,Ecuador,1925,+8,-45,1888
77,2026-06-24T21:54:40+00:00,Morocco,1841,+5,+24,1870
77,2026-06-24T21:54:40+00:00,Senegal,1888,+8,-25,1870
77,2026-06-24T21:54:40+00:00,Croatia,1864,+5,-6,1862
77,2026-06-24T21:54:40+00:00,Mexico,1844,0,+9,1854
77,2026-06-24T21:54:40+00:00,Belgium,1878,-10,-18,1850
77,2026-06-24T21:54:40+00:00,Paraguay,1857,0,-9,1847
77,2026-06-24T21:54:40+00:00,Turkey,1882,+3,-51,1835
77,2026-06-24T21:54:40+00:00,Austria,1821,-12,+6,1815
77,2026-06-24T21:54:40+00:00,Australia,1781,+7,+13,1801
77,2026-06-24T21:54:40+00:00,Ivory Coast,1771,+4,+22,1797
77,2026-06-24T21:54:40+00:00,United States,1778,-31,+47,1795
77,2026-06-24T21:54:40+00:00,Scotland,1796,-5,-6,1785
77,2026-06-24T21:54:40+00:00,Algeria,1785,+2,-3,1784
77,2026-06-24T21:54:40+00:00,Canada,1792,-3,-5,1784
77,2026-06-24T21:54:40+00:00,South Korea,1767,+6,+10,1783
77,2026-06-24T21:54:40+00:00,Egypt,1750,+5,+25,1780
77,2026-06-24T21:54:40+00:00,Sweden,1782,-10,+1,1773
77,2026-06-24T21:54:40+00:00,DR Congo,1735,-6,+13,1742
77,2026-06-24T21:54:40+00:00,Czech Republic,1756,-5,-20,1732
77,2026-06-24T21:54:40+00:00,Iran,1727,-7,+4,1724
77,2026-06-24T21:54:40+00:00,Panama,1742,+2,-30,1714
77,2026-06-24T21:54:40+00:00,Ghana,1676,-12,+43,1707
77,2026-06-24T21:54:40+00:00,Bosnia and Herzegovina,1695,-13,+6,1688
77,2026-06-24T21:54:40+00:00,Uzbekistan,1696,+6,-28,1674
77,2026-06-24T21:54:40+00:00,South Africa,1664,-2,+0,1662
77,2026-06-24T21:54:40+00:00,Cape Verde,1612,-6,+40,1645
77,2026-06-24T21:54:40+00:00,New Zealand,1649,+5,-11,1643
77,2026-06-24T21:54:40+00:00,Saudi Arabia,1636,+2,+5,1643
77,2026-06-24T21:54:40+00:00,Tunisia,1692,-4,-46,1642
77,2026-06-24T21:54:40+00:00,Jordan,1650,+2,-22,1630
77,2026-06-24T21:54:40+00:00,Iraq,1638,+4,-17,1626
77,2026-06-24T21:54:40+00:00,Haiti,1627,+7,-17,1617
77,2026-06-24T21:54:40+00:00,Curaçao,1573,+4,+2,1579
77,2026-06-24T21:54:40+00:00,Qatar,1556,+1,-17,1540
78,2026-06-25T00:16:42+00:00,Argentina,2069,-10,+19,2078
78,2026-06-25T00:16:42+00:00,Spain,2067,-12,-13,2042
78,2026-06-25T00:16:42+00:00,France,2013,+6,+21,2041
78,2026-06-25T00:16:42+00:00,Brazil,2014,-24,+15,2005
78,2026-06-25T00:16:42+00:00,England,2017,-7,-6,2004
78,2026-06-25T00:16:42+00:00,Germany,1953,-9,+21,1965
78,2026-06-25T00:16:42+00:00,Portugal,1955,+1,+6,1962
78,2026-06-25T00:16:42+00:00,Norway,1927,+9,+21,1957
78,2026-06-25T00:16:42+00:00,Colombia,1949,-4,+8,1954
78,2026-06-25T00:16:42+00:00,Netherlands,1940,-14,+23,1949
78,2026-06-25T00:16:42+00:00,Uruguay,1927,+1,-32,1896
78,2026-06-25T00:16:42+00:00,Japan,1886,-15,+22,1893
78,2026-06-25T00:16:42+00:00,Switzerland,1872,+4,+16,1892
78,2026-06-25T00:16:42+00:00,Ecuador,1925,+8,-45,1888
78,2026-06-25T00:16:42+00:00,Morocco,1841,+5,+35,1881
78,2026-06-25T00:16:42+00:00,Senegal,1888,+8,-25,1870
78,2026-06-25T00:16:42+00:00,Croatia,1864,+5,-6,1862
78,2026-06-25T00:16:42+00:00,Mexico,1844,0,+9,1854
78,2026-06-25T00:16:42+00:00,Belgium,1878,-10,-18,1850
78,2026-06-25T00:16:42+00:00,Paraguay,1857,0,-9,1847
78,2026-06-25T00:16:42+00:00,Turkey,1882,+3,-51,1835
78,2026-06-25T00:16:42+00:00,Austria,1821,-12,+6,1815
78,2026-06-25T00:16:42+00:00,Australia,1781,+7,+13,1801
78,2026-06-25T00:16:42+00:00,Ivory Coast,1771,+4,+22,1797
78,2026-06-25T00:16:42+00:00,United States,1778,-31,+47,1795
78,2026-06-25T00:16:42+00:00,Algeria,1785,+2,-3,1784
78,2026-06-25T00:16:42+00:00,Canada,1792,-3,-5,1784
78,2026-06-25T00:16:42+00:00,South Korea,1767,+6,+10,1783
78,2026-06-25T00:16:42+00:00,Egypt,1750,+5,+25,1780
78,2026-06-25T00:16:42+00:00,Sweden,1782,-10,+1,1773
78,2026-06-25T00:16:42+00:00,Scotland,1796,-5,-23,1768
78,2026-06-25T00:16:42+00:00,DR Congo,1735,-6,+13,1742
78,2026-06-25T00:16:42+00:00,Czech Republic,1756,-5,-20,1732
78,2026-06-25T00:16:42+00:00,Iran,1727,-7,+4,1724
78,2026-06-25T00:16:42+00:00,Panama,1742,+2,-30,1714
78,2026-06-25T00:16:42+00:00,Ghana,1676,-12,+43,1707
78,2026-06-25T00:16:42+00:00,Bosnia and Herzegovina,1695,-13,+6,1688
78,2026-06-25T00:16:42+00:00,Uzbekistan,1696,+6,-28,1674
78,2026-06-25T00:16:42+00:00,South Africa,1664,-2,+0,1662
78,2026-06-25T00:16:42+00:00,Cape Verde,1612,-6,+40,1645
78,2026-06-25T00:16:42+00:00,Saudi Arabia,1636,+2,+5,1643
78,2026-06-25T00:16:42+00:00,New Zealand,1649,+5,-11,1643
78,2026-06-25T00:16:42+00:00,Tunisia,1692,-4,-46,1642
78,2026-06-25T00:16:42+00:00,Jordan,1650,+2,-22,1630
78,2026-06-25T00:16:42+00:00,Iraq,1638,+4,-17,1626
78,2026-06-25T00:16:42+00:00,Haiti,1627,+7,-28,1606
78,2026-06-25T00:16:42+00:00,Curaçao,1573,+4,+2,1579
78,2026-06-25T00:16:42+00:00,Qatar,1556,+1,-17,1540
79,2026-06-25T03:26:32+00:00,Argentina,2069,-10,+19,2078
79,2026-06-25T03:26:32+00:00,Spain,2067,-12,-13,2042
79,2026-06-25T03:26:32+00:00,France,2013,+6,+21,2041
79,2026-06-25T03:26:32+00:00,Brazil,2014,-24,+15,2005
79,2026-06-25T03:26:32+00:00,England,2017,-7,-6,2004
79,2026-06-25T03:26:32+00:00,Germany,1953,-9,+21,1965
79,2026-06-25T03:26:32+00:00,Portugal,1955,+1,+6,1962
79,2026-06-25T03:26:32+00:00,Norway,1927,+9,+21,1957
79,2026-06-25T03:26:32+00:00,Colombia,1949,-4,+8,1954
79,2026-06-25T03:26:32+00:00,Netherlands,1940,-14,+23,1949
79,2026-06-25T03:26:32+00:00,Uruguay,1927,+1,-32,1896
79,2026-06-25T03:26:32+00:00,Japan,1886,-15,+22,1893
79,2026-06-25T03:26:32+00:00,Switzerland,1872,+4,+16,1892
79,2026-06-25T03:26:32+00:00,Ecuador,1925,+8,-45,1888
79,2026-06-25T03:26:32+00:00,Morocco,1841,+5,+35,1881
79,2026-06-25T03:26:32+00:00,Senegal,1888,+8,-25,1870
79,2026-06-25T03:26:32+00:00,Mexico,1844,0,+22,1867
79,2026-06-25T03:26:32+00:00,Croatia,1864,+5,-6,1862
79,2026-06-25T03:26:32+00:00,Belgium,1878,-10,-18,1850
79,2026-06-25T03:26:32+00:00,Paraguay,1857,0,-9,1847
79,2026-06-25T03:26:32+00:00,Turkey,1882,+3,-51,1835
79,2026-06-25T03:26:32+00:00,Austria,1821,-12,+6,1815
79,2026-06-25T03:26:32+00:00,Australia,1781,+7,+13,1801
79,2026-06-25T03:26:32+00:00,Ivory Coast,1771,+4,+22,1797
79,2026-06-25T03:26:32+00:00,United States,1778,-31,+47,1795
79,2026-06-25T03:26:32+00:00,Canada,1792,-3,-5,1784
79,2026-06-25T03:26:32+00:00,Algeria,1785,+2,-3,1784
79,2026-06-25T03:26:32+00:00,Egypt,1750,+5,+25,1780
79,2026-06-25T03:26:32+00:00,Sweden,1782,-10,+1,1773
79,2026-06-25T03:26:32+00:00,Scotland,1796,-5,-23,1768
79,2026-06-25T03:26:32+00:00,South Korea,1767,+6,-14,1759
79,2026-06-25T03:26:32+00:00,DR Congo,1735,-6,+13,1742
79,2026-06-25T03:26:32+00:00,Iran,1727,-7,+4,1724
79,2026-06-25T03:26:32+00:00,Czech Republic,1756,-5,-33,1719
79,2026-06-25T03:26:32+00:00,Panama,1742,+2,-30,1714
79,2026-06-25T03:26:32+00:00,Ghana,1676,-12,+43,1707
79,2026-06-25T03:26:32+00:00,Bosnia and Herzegovina,1695,-13,+6,1688
79,2026-06-25T03:26:32+00:00,South Africa,1664,0,+24,1687
79,2026-06-25T03:26:32+00:00,Uzbekistan,1696,+6,-28,1674
79,2026-06-25T03:26:32+00:00,Cape Verde,1612,-6,+40,1645
79,2026-06-25T03:26:32+00:00,New Zealand,1649,+5,-11,1643
79,2026-06-25T03:26:32+00:00,Saudi Arabia,1636,+2,+5,1643
79,2026-06-25T03:26:32+00:00,Tunisia,1692,-4,-46,1642
79,2026-06-25T03:26:32+00:00,Jordan,1650,+2,-22,1630
79,2026-06-25T03:26:32+00:00,Iraq,1638,+4,-17,1626
79,2026-06-25T03:26:32+00:00,Haiti,1627,+7,-28,1606
79,2026-06-25T03:26:32+00:00,Curaçao,1573,+4,+2,1579
79,2026-06-25T03:26:32+00:00,Qatar,1556,+1,-17,1540
80,2026-06-25T05:40:39+00:00,Argentina,2069,-10,+19,2078
80,2026-06-25T05:40:39+00:00,Spain,2067,-12,-13,2042
80,2026-06-25T05:40:39+00:00,France,2013,+6,+21,2041
80,2026-06-25T05:40:39+00:00,Brazil,2014,-24,+15,2005
80,2026-06-25T05:40:39+00:00,England,2017,-7,-6,2004
80,2026-06-25T05:40:39+00:00,Germany,1953,-9,+21,1965
80,2026-06-25T05:40:39+00:00,Portugal,1955,+1,+6,1962
80,2026-06-25T05:40:39+00:00,Norway,1927,+9,+21,1957
80,2026-06-25T05:40:39+00:00,Colombia,1949,-4,+8,1954
80,2026-06-25T05:40:39+00:00,Netherlands,1940,-14,+23,1949
80,2026-06-25T05:40:39+00:00,Uruguay,1927,+1,-32,1896
80,2026-06-25T05:40:39+00:00,Japan,1886,-15,+22,1893
80,2026-06-25T05:40:39+00:00,Switzerland,1872,+4,+16,1892
80,2026-06-25T05:40:39+00:00,Ecuador,1925,+8,-45,1888
80,2026-06-25T05:40:39+00:00,Morocco,1841,+5,+35,1881
80,2026-06-25T05:40:39+00:00,Senegal,1888,+8,-25,1870
80,2026-06-25T05:40:39+00:00,Mexico,1844,0,+22,1867
80,2026-06-25T05:40:39+00:00,Croatia,1864,+5,-6,1862
80,2026-06-25T05:40:39+00:00,Belgium,1878,-10,-18,1850
80,2026-06-25T05:40:39+00:00,Paraguay,1857,0,-9,1847
80,2026-06-25T05:40:39+00:00,Turkey,1882,+3,-51,1835
80,2026-06-25T05:40:39+00:00,Austria,1821,-12,+6,1815
80,2026-06-25T05:40:39+00:00,Australia,1781,+7,+13,1801
80,2026-06-25T05:40:39+00:00,Ivory Coast,1771,+4,+22,1797
80,2026-06-25T05:40:39+00:00,United States,1778,-31,+47,1795
80,2026-06-25T05:40:39+00:00,Canada,1792,-3,-5,1784
80,2026-06-25T05:40:39+00:00,Algeria,1785,+2,-3,1784
80,2026-06-25T05:40:39+00:00,Egypt,1750,+5,+25,1780
80,2026-06-25T05:40:39+00:00,Sweden,1782,-10,+1,1773
80,2026-06-25T05:40:39+00:00,Scotland,1796,-5,-23,1768
80,2026-06-25T05:40:39+00:00,South Korea,1767,+6,-14,1759
80,2026-06-25T05:40:39+00:00,DR Congo,1735,-6,+13,1742
80,2026-06-25T05:40:39+00:00,Iran,1727,-7,+4,1724
80,2026-06-25T05:40:39+00:00,Czech Republic,1756,-5,-33,1719
80,2026-06-25T05:40:39+00:00,Panama,1742,+2,-30,1714
80,2026-06-25T05:40:39+00:00,Ghana,1676,-12,+43,1707
80,2026-06-25T05:40:39+00:00,Bosnia and Herzegovina,1695,-13,+6,1688
80,2026-06-25T05:40:39+00:00,South Africa,1664,0,+24,1687
80,2026-06-25T05:40:39+00:00,Uzbekistan,1696,+6,-28,1674
80,2026-06-25T05:40:39+00:00,Cape Verde,1612,-6,+40,1645
80,2026-06-25T05:40:39+00:00,New Zealand,1649,+5,-11,1643
80,2026-06-25T05:40:39+00:00,Saudi Arabia,1636,+2,+5,1643
80,2026-06-25T05:40:39+00:00,Tunisia,1692,-4,-46,1642
80,2026-06-25T05:40:39+00:00,Jordan,1650,+2,-22,1630
80,2026-06-25T05:40:39+00:00,Iraq,1638,+4,-17,1626
80,2026-06-25T05:40:39+00:00,Haiti,1627,+7,-28,1606
80,2026-06-25T05:40:39+00:00,Curaçao,1573,+4,+2,1579
80,2026-06-25T05:40:39+00:00,Qatar,1556,+1,-17,1540
81,2026-06-26T00:09:51+00:00,Argentina,2070,-10,+21,2081
81,2026-06-26T00:09:51+00:00,Spain,2086,-13,-13,2059
81,2026-06-26T00:09:51+00:00,France,2020,+6,+21,2047
81,2026-06-26T00:09:51+00:00,England,2033,-6,-7,2020
81,2026-06-26T00:09:51+00:00,Brazil,2005,-22,+18,2001
81,2026-06-26T00:09:51+00:00,Portugal,1974,+4,+5,1983
81,2026-06-26T00:09:51+00:00,Norway,1941,+10,+20,1971
81,2026-06-26T00:09:51+00:00,Germany,1976,-8,-4,1965
81,2026-06-26T00:09:51+00:00,Colombia,1951,-1,+8,1959
81,2026-06-26T00:09:51+00:00,Netherlands,1949,-19,+22,1953
81,2026-06-26T00:09:51+00:00,Ecuador,1928,+8,-22,1915
81,2026-06-26T00:09:51+00:00,Switzerland,1890,+2,+15,1907
81,2026-06-26T00:09:51+00:00,Morocco,1857,+5,+33,1895
81,2026-06-26T00:09:51+00:00,Uruguay,1924,+1,-31,1894
81,2026-06-26T00:09:51+00:00,Japan,1875,-14,+23,1884
81,2026-06-26T00:09:51+00:00,Mexico,1860,-1,+21,1881
81,2026-06-26T00:09:51+00:00,Belgium,1907,-10,-20,1877
81,2026-06-26T00:09:51+00:00,Croatia,1874,+5,-7,1872
81,2026-06-26T00:09:51+00:00,Senegal,1887,+8,-23,1871
81,2026-06-26T00:09:51+00:00,Turkey,1906,+5,-54,1856
81,2026-06-26T00:09:51+00:00,Paraguay,1856,-1,-6,1849
81,2026-06-26T00:09:51+00:00,Austria,1837,-18,+6,1825
81,2026-06-26T00:09:51+00:00,United States,1809,-28,+43,1824
81,2026-06-26T00:09:51+00:00,Ivory Coast,1781,+3,+33,1817
81,2026-06-26T00:09:51+00:00,Algeria,1806,+3,-5,1804
81,2026-06-26T00:09:51+00:00,Canada,1815,-3,-7,1804
81,2026-06-26T00:09:51+00:00,Australia,1768,+7,+17,1793
81,2026-06-26T00:09:51+00:00,Egypt,1764,+5,+24,1793
81,2026-06-26T00:09:51+00:00,Scotland,1817,-9,-25,1783
81,2026-06-26T00:09:51+00:00,Sweden,1791,-11,+0,1780
81,2026-06-26T00:09:51+00:00,South Korea,1763,+6,-10,1759
81,2026-06-26T00:09:51+00:00,DR Congo,1734,-6,+15,1743
81,2026-06-26T00:09:51+00:00,Czech Republic,1779,-3,-36,1740
81,2026-06-26T00:09:51+00:00,Iran,1734,-6,+4,1733
81,2026-06-26T00:09:51+00:00,Panama,1740,+1,-29,1712
81,2026-06-26T00:09:51+00:00,Ghana,1674,-11,+44,1707
81,2026-06-26T00:09:51+00:00,Bosnia and Herzegovina,1704,-12,+5,1698
81,2026-06-26T00:09:51+00:00,South Africa,1672,0,+24,1697
81,2026-06-26T00:09:51+00:00,Uzbekistan,1709,+5,-28,1686
81,2026-06-26T00:09:51+00:00,Cape Verde,1626,-6,+39,1659
81,2026-06-26T00:09:51+00:00,Saudi Arabia,1640,+2,+5,1648
81,2026-06-26T00:09:51+00:00,Tunisia,1692,-4,-46,1642
81,2026-06-26T00:09:51+00:00,Iraq,1651,+4,-17,1639
81,2026-06-26T00:09:51+00:00,Jordan,1656,+3,-22,1637
81,2026-06-26T00:09:51+00:00,New Zealand,1637,+5,-8,1633
81,2026-06-26T00:09:51+00:00,Haiti,1626,+8,-26,1608
81,2026-06-26T00:09:51+00:00,Curaçao,1569,+4,-8,1565
81,2026-06-26T00:09:51+00:00,Qatar,1548,+1,-13,1536
82,2026-06-26T00:52:02+00:00,Argentina,2070,-10,+21,2081
82,2026-06-26T00:52:02+00:00,Spain,2086,-13,-13,2059
82,2026-06-26T00:52:02+00:00,France,2020,+6,+21,2047
82,2026-06-26T00:52:02+00:00,England,2033,-6,-7,2020
82,2026-06-26T00:52:02+00:00,Brazil,2005,-22,+18,2001
82,2026-06-26T00:52:02+00:00,Portugal,1974,+4,+5,1983
82,2026-06-26T00:52:02+00:00,Norway,1941,+10,+20,1971
82,2026-06-26T00:52:02+00:00,Germany,1976,-8,-4,1965
82,2026-06-26T00:52:02+00:00,Colombia,1951,-1,+8,1959
82,2026-06-26T00:52:02+00:00,Netherlands,1949,-19,+22,1953
82,2026-06-26T00:52:02+00:00,Ecuador,1928,+8,-22,1915
82,2026-06-26T00:52:02+00:00,Switzerland,1890,+2,+15,1907
82,2026-06-26T00:52:02+00:00,Morocco,1857,+5,+33,1895
82,2026-06-26T00:52:02+00:00,Uruguay,1924,+1,-31,1894
82,2026-06-26T00:52:02+00:00,Japan,1875,-14,+23,1884
82,2026-06-26T00:52:02+00:00,Mexico,1860,-1,+21,1881
82,2026-06-26T00:52:02+00:00,Belgium,1907,-10,-20,1877
82,2026-06-26T00:52:02+00:00,Croatia,1874,+5,-7,1872
82,2026-06-26T00:52:02+00:00,Senegal,1887,+8,-23,1871
82,2026-06-26T00:52:02+00:00,Turkey,1906,+5,-54,1856
82,2026-06-26T00:52:02+00:00,Paraguay,1856,-1,-6,1849
82,2026-06-26T00:52:02+00:00,Austria,1837,-18,+6,1825
82,2026-06-26T00:52:02+00:00,United States,1809,-28,+43,1824
82,2026-06-26T00:52:02+00:00,Ivory Coast,1781,+3,+33,1817
82,2026-06-26T00:52:02+00:00,Algeria,1806,+3,-5,1804
82,2026-06-26T00:52:02+00:00,Canada,1815,-3,-7,1804
82,2026-06-26T00:52:02+00:00,Australia,1768,+7,+17,1793
82,2026-06-26T00:52:02+00:00,Egypt,1764,+5,+24,1793
82,2026-06-26T00:52:02+00:00,Scotland,1817,-9,-25,1783
82,2026-06-26T00:52:02+00:00,Sweden,1791,-11,+0,1780
82,2026-06-26T00:52:02+00:00,South Korea,1763,+6,-10,1759
82,2026-06-26T00:52:02+00:00,DR Congo,1734,-6,+15,1743
82,2026-06-26T00:52:02+00:00,Czech Republic,1779,-3,-36,1740
82,2026-06-26T00:52:02+00:00,Iran,1734,-6,+4,1733
82,2026-06-26T00:52:02+00:00,Panama,1740,+1,-29,1712
82,2026-06-26T00:52:02+00:00,Ghana,1674,-11,+44,1707
82,2026-06-26T00:52:02+00:00,Bosnia and Herzegovina,1704,-12,+5,1698
82,2026-06-26T00:52:02+00:00,South Africa,1672,0,+24,1697
82,2026-06-26T00:52:02+00:00,Uzbekistan,1709,+5,-28,1686
82,2026-06-26T00:52:02+00:00,Cape Verde,1626,-6,+39,1659
82,2026-06-26T00:52:02+00:00,Saudi Arabia,1640,+2,+5,1648
82,2026-06-26T00:52:02+00:00,Tunisia,1692,-4,-46,1642
82,2026-06-26T00:52:02+00:00,Iraq,1651,+4,-17,1639
82,2026-06-26T00:52:02+00:00,Jordan,1656,+3,-22,1637
82,2026-06-26T00:52:02+00:00,New Zealand,1637,+5,-8,1633
82,2026-06-26T00:52:02+00:00,Haiti,1626,+8,-26,1608
82,2026-06-26T00:52:02+00:00,Curaçao,1569,+4,-8,1565
82,2026-06-26T00:52:02+00:00,Qatar,1548,+1,-13,1536
83,2026-06-26T01:40:01+00:00,Argentina,2070,-10,+21,2081
83,2026-06-26T01:40:01+00:00,Spain,2086,-13,-13,2059
83,2026-06-26T01:40:01+00:00,France,2020,+6,+21,2047
83,2026-06-26T01:40:01+00:00,England,2033,-6,-7,2020
83,2026-06-26T01:40:01+00:00,Brazil,2005,-22,+18,2001
83,2026-06-26T01:40:01+00:00,Portugal,1974,+4,+5,1983
83,2026-06-26T01:40:01+00:00,Norway,1941,+10,+20,1971
83,2026-06-26T01:40:01+00:00,Germany,1976,-8,-4,1965
83,2026-06-26T01:40:01+00:00,Colombia,1951,-1,+8,1959
83,2026-06-26T01:40:01+00:00,Netherlands,1949,-19,+28,1958
83,2026-06-26T01:40:01+00:00,Ecuador,1928,+8,-22,1915
83,2026-06-26T01:40:01+00:00,Switzerland,1890,+2,+15,1907
83,2026-06-26T01:40:01+00:00,Morocco,1857,+5,+33,1895
83,2026-06-26T01:40:01+00:00,Uruguay,1924,+1,-31,1894
83,2026-06-26T01:40:01+00:00,Japan,1875,-5,+17,1886
83,2026-06-26T01:40:01+00:00,Mexico,1860,-1,+21,1881
83,2026-06-26T01:40:01+00:00,Belgium,1907,-10,-20,1877
83,2026-06-26T01:40:01+00:00,Croatia,1874,+5,-7,1872
83,2026-06-26T01:40:01+00:00,Senegal,1887,+8,-23,1871
83,2026-06-26T01:40:01+00:00,Turkey,1906,+5,-54,1856
83,2026-06-26T01:40:01+00:00,Paraguay,1856,-1,-6,1849
83,2026-06-26T01:40:01+00:00,Austria,1837,-18,+6,1825
83,2026-06-26T01:40:01+00:00,United States,1809,-28,+43,1824
83,2026-06-26T01:40:01+00:00,Ivory Coast,1781,+3,+33,1817
83,2026-06-26T01:40:01+00:00,Algeria,1806,+3,-5,1804
83,2026-06-26T01:40:01+00:00,Canada,1815,-3,-7,1804
83,2026-06-26T01:40:01+00:00,Egypt,1764,+5,+24,1793
83,2026-06-26T01:40:01+00:00,Australia,1768,+7,+17,1793
83,2026-06-26T01:40:01+00:00,Sweden,1791,-11,+7,1786
83,2026-06-26T01:40:01+00:00,Scotland,1817,-9,-25,1783
83,2026-06-26T01:40:01+00:00,South Korea,1763,+6,-10,1759
83,2026-06-26T01:40:01+00:00,DR Congo,1734,-6,+15,1743
83,2026-06-26T01:40:01+00:00,Czech Republic,1779,-3,-36,1740
83,2026-06-26T01:40:01+00:00,Iran,1734,-6,+4,1733
83,2026-06-26T01:40:01+00:00,Panama,1740,+1,-29,1712
83,2026-06-26T01:40:01+00:00,Bosnia and Herzegovina,1704,+1,+5,1711
83,2026-06-26T01:40:01+00:00,Ghana,1674,-11,+44,1707
83,2026-06-26T01:40:01+00:00,South Africa,1672,0,+24,1697
83,2026-06-26T01:40:01+00:00,Uzbekistan,1709,+5,-28,1686
83,2026-06-26T01:40:01+00:00,Cape Verde,1626,-6,+39,1659
83,2026-06-26T01:40:01+00:00,Saudi Arabia,1640,+2,+5,1648
83,2026-06-26T01:40:01+00:00,Iraq,1651,+4,-17,1639
83,2026-06-26T01:40:01+00:00,Tunisia,1692,-4,-51,1637
83,2026-06-26T01:40:01+00:00,Jordan,1656,+3,-22,1637
83,2026-06-26T01:40:01+00:00,New Zealand,1637,+5,-8,1633
83,2026-06-26T01:40:01+00:00,Haiti,1626,+8,-26,1608
83,2026-06-26T01:40:01+00:00,Curaçao,1569,+4,-8,1565
83,2026-06-26T01:40:01+00:00,Qatar,1548,+1,-13,1536
84,2026-06-26T04:26:34+00:00,Argentina,2069,-10,+19,2078
84,2026-06-26T04:26:34+00:00,Spain,2067,-12,-13,2042
84,2026-06-26T04:26:34+00:00,France,2013,+6,+21,2041
84,2026-06-26T04:26:34+00:00,Brazil,2014,-24,+15,2005
84,2026-06-26T04:26:34+00:00,England,2017,-7,-6,2004
84,2026-06-26T04:26:34+00:00,Portugal,1955,+1,+6,1962
84,2026-06-26T04:26:34+00:00,Norway,1927,+9,+21,1957
84,2026-06-26T04:26:34+00:00,Netherlands,1940,-14,+28,1955
84,2026-06-26T04:26:34+00:00,Colombia,1949,-4,+8,1954
84,2026-06-26T04:26:34+00:00,Germany,1953,-6,-1,1946
84,2026-06-26T04:26:34+00:00,Ecuador,1925,+8,-23,1911
84,2026-06-26T04:26:34+00:00,Uruguay,1927,+1,-32,1896
84,2026-06-26T04:26:34+00:00,Japan,1886,-6,+15,1895
84,2026-06-26T04:26:34+00:00,Switzerland,1872,+4,+16,1892
84,2026-06-26T04:26:34+00:00,Morocco,1841,+5,+35,1881
84,2026-06-26T04:26:34+00:00,Senegal,1888,+8,-25,1870
84,2026-06-26T04:26:34+00:00,Mexico,1844,0,+22,1867
84,2026-06-26T04:26:34+00:00,Croatia,1864,+5,-6,1862
84,2026-06-26T04:26:34+00:00,Turkey,1882,+3,-33,1852
84,2026-06-26T04:26:34+00:00,Belgium,1878,-10,-18,1850
84,2026-06-26T04:26:34+00:00,Paraguay,1857,0,-13,1844
84,2026-06-26T04:26:34+00:00,Austria,1821,-12,+6,1815
84,2026-06-26T04:26:34+00:00,Ivory Coast,1771,+4,+34,1809
84,2026-06-26T04:26:34+00:00,United States,1778,-2,+29,1806
84,2026-06-26T04:26:34+00:00,Australia,1781,+7,+16,1804
84,2026-06-26T04:26:34+00:00,Canada,1792,-3,-5,1784
84,2026-06-26T04:26:34+00:00,Algeria,1785,+2,-3,1784
84,2026-06-26T04:26:34+00:00,Sweden,1782,-10,+9,1780
84,2026-06-26T04:26:34+00:00,Egypt,1750,+5,+25,1780
84,2026-06-26T04:26:34+00:00,Scotland,1796,-5,-23,1768
84,2026-06-26T04:26:34+00:00,South Korea,1767,+6,-14,1759
84,2026-06-26T04:26:34+00:00,DR Congo,1735,-6,+13,1742
84,2026-06-26T04:26:34+00:00,Iran,1727,-7,+4,1724
84,2026-06-26T04:26:34+00:00,Czech Republic,1756,-5,-33,1719
84,2026-06-26T04:26:34+00:00,Panama,1742,+2,-30,1714
84,2026-06-26T04:26:34+00:00,Ghana,1676,-12,+43,1707
84,2026-06-26T04:26:34+00:00,Bosnia and Herzegovina,1695,-1,+6,1700
84,2026-06-26T04:26:34+00:00,South Africa,1664,0,+24,1687
84,2026-06-26T04:26:34+00:00,Uzbekistan,1696,+6,-28,1674
84,2026-06-26T04:26:34+00:00,Cape Verde,1612,-6,+40,1645
84,2026-06-26T04:26:34+00:00,New Zealand,1649,+5,-11,1643
84,2026-06-26T04:26:34+00:00,Saudi Arabia,1636,+2,+5,1643
84,2026-06-26T04:26:34+00:00,Tunisia,1692,-4,-52,1637
84,2026-06-26T04:26:34+00:00,Jordan,1650,+2,-22,1630
84,2026-06-26T04:26:34+00:00,Iraq,1638,+4,-17,1626
84,2026-06-26T04:26:34+00:00,Haiti,1627,+7,-28,1606
84,2026-06-26T04:26:34+00:00,Curaçao,1573,+4,-10,1567
84,2026-06-26T04:26:34+00:00,Qatar,1556,+1,-17,1540
85,2026-06-26T04:31:16+00:00,Argentina,2070,-10,+21,2081
85,2026-06-26T04:31:16+00:00,Spain,2086,-13,-13,2059
85,2026-06-26T04:31:16+00:00,France,2020,+6,+21,2047
85,2026-06-26T04:31:16+00:00,England,2033,-6,-7,2020
85,2026-06-26T04:31:16+00:00,Brazil,2005,-22,+18,2001
85,2026-06-26T04:31:16+00:00,Portugal,1974,+4,+5,1983
85,2026-06-26T04:31:16+00:00,Norway,1941,+10,+20,1971
85,2026-06-26T04:31:16+00:00,Germany,1976,-8,-4,1965
85,2026-06-26T04:31:16+00:00,Colombia,1951,-1,+8,1959
85,2026-06-26T04:31:16+00:00,Netherlands,1949,-19,+28,1958
85,2026-06-26T04:31:16+00:00,Ecuador,1928,+8,-22,1915
85,2026-06-26T04:31:16+00:00,Switzerland,1890,+2,+15,1907
85,2026-06-26T04:31:16+00:00,Morocco,1857,+5,+33,1895
85,2026-06-26T04:31:16+00:00,Uruguay,1924,+1,-31,1894
85,2026-06-26T04:31:16+00:00,Japan,1875,-5,+17,1886
85,2026-06-26T04:31:16+00:00,Mexico,1860,-1,+21,1881
85,2026-06-26T04:31:16+00:00,Belgium,1907,-10,-20,1877
85,2026-06-26T04:31:16+00:00,Turkey,1906,+5,-36,1874
85,2026-06-26T04:31:16+00:00,Croatia,1874,+5,-7,1872
85,2026-06-26T04:31:16+00:00,Senegal,1887,+8,-23,1871
85,2026-06-26T04:31:16+00:00,Paraguay,1856,-1,-10,1845
85,2026-06-26T04:31:16+00:00,United States,1809,+1,+25,1834
85,2026-06-26T04:31:16+00:00,Austria,1837,-18,+6,1825
85,2026-06-26T04:31:16+00:00,Ivory Coast,1781,+3,+33,1817
85,2026-06-26T04:31:16+00:00,Algeria,1806,+3,-5,1804
85,2026-06-26T04:31:16+00:00,Canada,1815,-3,-7,1804
85,2026-06-26T04:31:16+00:00,Australia,1768,+7,+21,1797
85,2026-06-26T04:31:16+00:00,Egypt,1764,+5,+24,1793
85,2026-06-26T04:31:16+00:00,Sweden,1791,-11,+7,1786
85,2026-06-26T04:31:16+00:00,Scotland,1817,-9,-25,1783
85,2026-06-26T04:31:16+00:00,South Korea,1763,+6,-10,1759
85,2026-06-26T04:31:16+00:00,DR Congo,1734,-6,+15,1743
85,2026-06-26T04:31:16+00:00,Czech Republic,1779,-3,-36,1740
85,2026-06-26T04:31:16+00:00,Iran,1734,-6,+4,1733
85,2026-06-26T04:31:16+00:00,Panama,1740,+1,-29,1712
85,2026-06-26T04:31:16+00:00,Bosnia and Herzegovina,1704,+1,+5,1711
85,2026-06-26T04:31:16+00:00,Ghana,1674,-11,+44,1707
85,2026-06-26T04:31:16+00:00,South Africa,1672,0,+24,1697
85,2026-06-26T04:31:16+00:00,Uzbekistan,1709,+5,-28,1686
85,2026-06-26T04:31:16+00:00,Cape Verde,1626,-6,+39,1659
85,2026-06-26T04:31:16+00:00,Saudi Arabia,1640,+2,+5,1648
85,2026-06-26T04:31:16+00:00,Iraq,1651,+4,-17,1639
85,2026-06-26T04:31:16+00:00,Jordan,1656,+3,-22,1637
85,2026-06-26T04:31:16+00:00,Tunisia,1692,-4,-51,1637
85,2026-06-26T04:31:16+00:00,New Zealand,1637,+5,-8,1633
85,2026-06-26T04:31:16+00:00,Haiti,1626,+8,-26,1608
85,2026-06-26T04:31:16+00:00,Curaçao,1569,+4,-8,1565
85,2026-06-26T04:31:16+00:00,Qatar,1548,+1,-13,1536
86,2026-06-26T21:18:45+00:00,Argentina,2069,-10,+19,2078
86,2026-06-26T21:18:45+00:00,France,2013,+6,+39,2059
86,2026-06-26T21:18:45+00:00,Spain,2067,-12,-13,2042
86,2026-06-26T21:18:45+00:00,Brazil,2014,-24,+15,2005
86,2026-06-26T21:18:45+00:00,England,2017,-7,-6,2004
86,2026-06-26T21:18:45+00:00,Portugal,1955,+1,+6,1962
86,2026-06-26T21:18:45+00:00,Netherlands,1940,-14,+28,1955
86,2026-06-26T21:18:45+00:00,Colombia,1949,-4,+8,1954
86,2026-06-26T21:18:45+00:00,Germany,1953,-6,-1,1946
86,2026-06-26T21:18:45+00:00,Norway,1927,+9,+3,1938
86,2026-06-26T21:18:45+00:00,Ecuador,1925,+8,-23,1911
86,2026-06-26T21:18:45+00:00,Uruguay,1927,+1,-32,1896
86,2026-06-26T21:18:45+00:00,Japan,1886,-6,+15,1895
86,2026-06-26T21:18:45+00:00,Senegal,1888,+8,-3,1893
86,2026-06-26T21:18:45+00:00,Switzerland,1872,+4,+16,1892
86,2026-06-26T21:18:45+00:00,Morocco,1841,+5,+35,1881
86,2026-06-26T21:18:45+00:00,Mexico,1844,0,+22,1867
86,2026-06-26T21:18:45+00:00,Croatia,1864,+5,-6,1862
86,2026-06-26T21:18:45+00:00,Turkey,1882,+3,-33,1852
86,2026-06-26T21:18:45+00:00,Belgium,1878,-10,-18,1850
86,2026-06-26T21:18:45+00:00,Paraguay,1857,0,-13,1844
86,2026-06-26T21:18:45+00:00,Austria,1821,-12,+6,1815
86,2026-06-26T21:18:45+00:00,Ivory Coast,1771,+4,+34,1809
86,2026-06-26T21:18:45+00:00,United States,1778,-2,+29,1806
86,2026-06-26T21:18:45+00:00,Australia,1781,+7,+16,1804
86,2026-06-26T21:18:45+00:00,Algeria,1785,+2,-3,1784
86,2026-06-26T21:18:45+00:00,Canada,1792,-3,-5,1784
86,2026-06-26T21:18:45+00:00,Egypt,1750,+5,+25,1780
86,2026-06-26T21:18:45+00:00,Sweden,1782,-10,+9,1780
86,2026-06-26T21:18:45+00:00,Scotland,1796,-5,-23,1768
86,2026-06-26T21:18:45+00:00,South Korea,1767,+6,-14,1759
86,2026-06-26T21:18:45+00:00,DR Congo,1735,-6,+13,1742
86,2026-06-26T21:18:45+00:00,Iran,1727,-7,+4,1724
86,2026-06-26T21:18:45+00:00,Czech Republic,1756,-5,-33,1719
86,2026-06-26T21:18:45+00:00,Panama,1742,+2,-30,1714
86,2026-06-26T21:18:45+00:00,Ghana,1676,-12,+43,1707
86,2026-06-26T21:18:45+00:00,Bosnia and Herzegovina,1695,-1,+6,1700
86,2026-06-26T21:18:45+00:00,South Africa,1664,0,+24,1687
86,2026-06-26T21:18:45+00:00,Uzbekistan,1696,+6,-28,1674
86,2026-06-26T21:18:45+00:00,Cape Verde,1612,-6,+40,1645
86,2026-06-26T21:18:45+00:00,New Zealand,1649,+5,-11,1643
86,2026-06-26T21:18:45+00:00,Saudi Arabia,1636,+2,+5,1643
86,2026-06-26T21:18:45+00:00,Tunisia,1692,-4,-52,1637
86,2026-06-26T21:18:45+00:00,Jordan,1650,+2,-22,1630
86,2026-06-26T21:18:45+00:00,Haiti,1627,+7,-28,1606
86,2026-06-26T21:18:45+00:00,Iraq,1638,+4,-39,1603
86,2026-06-26T21:18:45+00:00,Curaçao,1573,+4,-10,1567
86,2026-06-26T21:18:45+00:00,Qatar,1556,+1,-17,1540
87,2026-06-27T02:33:38+00:00,Argentina,2069,-10,+19,2078
87,2026-06-27T02:33:38+00:00,France,2013,+6,+39,2059
87,2026-06-27T02:33:38+00:00,Spain,2067,-12,-6,2049
87,2026-06-27T02:33:38+00:00,Brazil,2014,-24,+15,2005
87,2026-06-27T02:33:38+00:00,England,2017,-7,-6,2004
87,2026-06-27T02:33:38+00:00,Portugal,1955,+1,+6,1962
87,2026-06-27T02:33:38+00:00,Netherlands,1940,-14,+28,1955
87,2026-06-27T02:33:38+00:00,Colombia,1949,-4,+8,1954
87,2026-06-27T02:33:38+00:00,Germany,1953,-6,-1,1946
87,2026-06-27T02:33:38+00:00,Norway,1927,+9,+3,1938
87,2026-06-27T02:33:38+00:00,Ecuador,1925,+8,-23,1911
87,2026-06-27T02:33:38+00:00,Japan,1886,-6,+15,1895
87,2026-06-27T02:33:38+00:00,Senegal,1888,+8,-3,1893
87,2026-06-27T02:33:38+00:00,Switzerland,1872,+4,+16,1892
87,2026-06-27T02:33:38+00:00,Uruguay,1927,+1,-39,1889
87,2026-06-27T02:33:38+00:00,Morocco,1841,+5,+35,1881
87,2026-06-27T02:33:38+00:00,Mexico,1844,0,+22,1867
87,2026-06-27T02:33:38+00:00,Croatia,1864,+5,-6,1862
87,2026-06-27T02:33:38+00:00,Turkey,1882,+3,-33,1852
87,2026-06-27T02:33:38+00:00,Belgium,1878,-10,-18,1850
87,2026-06-27T02:33:38+00:00,Paraguay,1857,+2,-13,1846
87,2026-06-27T02:33:38+00:00,Austria,1821,-12,+6,1815
87,2026-06-27T02:33:38+00:00,Ivory Coast,1771,+4,+34,1809
87,2026-06-27T02:33:38+00:00,United States,1778,-2,+29,1806
87,2026-06-27T02:33:38+00:00,Australia,1781,+7,+16,1804
87,2026-06-27T02:33:38+00:00,Canada,1792,-3,-5,1784
87,2026-06-27T02:33:38+00:00,Algeria,1785,+2,-3,1784
87,2026-06-27T02:33:38+00:00,Egypt,1750,+5,+25,1780
87,2026-06-27T02:33:38+00:00,Sweden,1782,-15,+9,1775
87,2026-06-27T02:33:38+00:00,Scotland,1796,-5,-23,1768
87,2026-06-27T02:33:38+00:00,South Korea,1767,+6,-14,1759
87,2026-06-27T02:33:38+00:00,DR Congo,1735,-6,+13,1742
87,2026-06-27T02:33:38+00:00,Iran,1727,-7,+4,1724
87,2026-06-27T02:33:38+00:00,Czech Republic,1756,-5,-33,1719
87,2026-06-27T02:33:38+00:00,Panama,1742,+2,-30,1714
87,2026-06-27T02:33:38+00:00,Ghana,1676,-12,+43,1707
87,2026-06-27T02:33:38+00:00,Bosnia and Herzegovina,1695,-1,+6,1700
87,2026-06-27T02:33:38+00:00,South Africa,1664,0,+24,1687
87,2026-06-27T02:33:38+00:00,Uzbekistan,1696,+6,-28,1674
87,2026-06-27T02:33:38+00:00,Cape Verde,1612,-3,+39,1648
87,2026-06-27T02:33:38+00:00,Saudi Arabia,1636,+2,+6,1644
87,2026-06-27T02:33:38+00:00,New Zealand,1649,+5,-11,1643
87,2026-06-27T02:33:38+00:00,Tunisia,1692,-4,-52,1637
87,2026-06-27T02:33:38+00:00,Jordan,1650,+2,-22,1630
87,2026-06-27T02:33:38+00:00,Haiti,1627,+7,-28,1606
87,2026-06-27T02:33:38+00:00,Iraq,1638,+4,-39,1603
87,2026-06-27T02:33:38+00:00,Curaçao,1573,+4,-10,1567
87,2026-06-27T02:33:38+00:00,Qatar,1556,+1,-17,1540
88,2026-06-27T05:26:05+00:00,Argentina,2069,-10,+19,2078
88,2026-06-27T05:26:05+00:00,France,2013,+6,+39,2059
88,2026-06-27T05:26:05+00:00,Spain,2067,-12,-6,2049
88,2026-06-27T05:26:05+00:00,Brazil,2014,-24,+15,2005
88,2026-06-27T05:26:05+00:00,England,2017,-7,-6,2004
88,2026-06-27T05:26:05+00:00,Portugal,1955,+1,+6,1962
88,2026-06-27T05:26:05+00:00,Netherlands,1940,-14,+28,1955
88,2026-06-27T05:26:05+00:00,Colombia,1949,-4,+8,1954
88,2026-06-27T05:26:05+00:00,Germany,1953,-6,-1,1946
88,2026-06-27T05:26:05+00:00,Norway,1927,+9,+3,1938
88,2026-06-27T05:26:05+00:00,Ecuador,1925,+8,-23,1911
88,2026-06-27T05:26:05+00:00,Japan,1886,-6,+15,1895
88,2026-06-27T05:26:05+00:00,Senegal,1888,+8,-3,1893
88,2026-06-27T05:26:05+00:00,Switzerland,1872,+4,+16,1892
88,2026-06-27T05:26:05+00:00,Uruguay,1927,+1,-39,1889
88,2026-06-27T05:26:05+00:00,Morocco,1841,+5,+35,1881
88,2026-06-27T05:26:05+00:00,Belgium,1878,-6,+0,1872
88,2026-06-27T05:26:05+00:00,Mexico,1844,0,+22,1867
88,2026-06-27T05:26:05+00:00,Croatia,1864,+5,-6,1862
88,2026-06-27T05:26:05+00:00,Turkey,1882,+3,-33,1852
88,2026-06-27T05:26:05+00:00,Paraguay,1857,+2,-13,1846
88,2026-06-27T05:26:05+00:00,Austria,1821,-12,+6,1815
88,2026-06-27T05:26:05+00:00,Ivory Coast,1771,+4,+34,1809
88,2026-06-27T05:26:05+00:00,United States,1778,-2,+29,1806
88,2026-06-27T05:26:05+00:00,Australia,1781,+7,+16,1804
88,2026-06-27T05:26:05+00:00,Canada,1792,-3,-5,1784
88,2026-06-27T05:26:05+00:00,Algeria,1785,+2,-3,1784
88,2026-06-27T05:26:05+00:00,Egypt,1750,+5,+22,1777
88,2026-06-27T05:26:05+00:00,Sweden,1782,-15,+9,1775
88,2026-06-27T05:26:05+00:00,Scotland,1796,-5,-23,1768
88,2026-06-27T05:26:05+00:00,South Korea,1767,+6,-14,1759
88,2026-06-27T05:26:05+00:00,DR Congo,1735,-6,+13,1742
88,2026-06-27T05:26:05+00:00,Iran,1727,-7,+7,1727
88,2026-06-27T05:26:05+00:00,Czech Republic,1756,-5,-33,1719
88,2026-06-27T05:26:05+00:00,Panama,1742,+2,-30,1714
88,2026-06-27T05:26:05+00:00,Ghana,1676,-12,+43,1707
88,2026-06-27T05:26:05+00:00,Bosnia and Herzegovina,1695,-1,+6,1700
88,2026-06-27T05:26:05+00:00,South Africa,1664,0,+24,1687
88,2026-06-27T05:26:05+00:00,Uzbekistan,1696,+6,-28,1674
88,2026-06-27T05:26:05+00:00,Cape Verde,1612,-3,+39,1648
88,2026-06-27T05:26:05+00:00,Saudi Arabia,1636,+2,+6,1644
88,2026-06-27T05:26:05+00:00,Tunisia,1692,-4,-52,1637
88,2026-06-27T05:26:05+00:00,Jordan,1650,+2,-22,1630
88,2026-06-27T05:26:05+00:00,New Zealand,1649,+5,-30,1624
88,2026-06-27T05:26:05+00:00,Haiti,1627,+7,-28,1606
88,2026-06-27T05:26:05+00:00,Iraq,1638,+4,-39,1603
88,2026-06-27T05:26:05+00:00,Curaçao,1573,+4,-10,1567
88,2026-06-27T05:26:05+00:00,Qatar,1556,+1,-17,1540
89,2026-06-27T23:19:28+00:00,France,2013,+6,+39,2059
89,2026-06-27T23:19:28+00:00,Spain,2067,-18,-6,2044
89,2026-06-27T23:19:28+00:00,Argentina,2069,-64,+19,2024
89,2026-06-27T23:19:28+00:00,England,2017,-11,+1,2007
89,2026-06-27T23:19:28+00:00,Brazil,2014,-24,+15,2005
89,2026-06-27T23:19:28+00:00,Portugal,1955,+1,+6,1962
89,2026-06-27T23:19:28+00:00,Netherlands,1940,-14,+28,1955
89,2026-06-27T23:19:28+00:00,Colombia,1949,-4,+8,1954
89,2026-06-27T23:19:28+00:00,Germany,1953,-6,-1,1946
89,2026-06-27T23:19:28+00:00,Norway,1927,+9,+2,1938
89,2026-06-27T23:19:28+00:00,Ecuador,1925,+8,-23,1911
89,2026-06-27T23:19:28+00:00,Senegal,1888,+8,-3,1893
89,2026-06-27T23:19:28+00:00,Switzerland,1872,+4,+16,1892
89,2026-06-27T23:19:28+00:00,Uruguay,1927,+1,-39,1889
89,2026-06-27T23:19:28+00:00,Japan,1886,-15,+15,1886
89,2026-06-27T23:19:28+00:00,Morocco,1841,+5,+35,1881
89,2026-06-27T23:19:28+00:00,Belgium,1878,-6,+0,1872
89,2026-06-27T23:19:28+00:00,Croatia,1864,+5,-1,1868
89,2026-06-27T23:19:28+00:00,Mexico,1844,0,+22,1867
89,2026-06-27T23:19:28+00:00,Turkey,1882,+3,-33,1852
89,2026-06-27T23:19:28+00:00,Paraguay,1857,+2,-13,1846
89,2026-06-27T23:19:28+00:00,Austria,1821,-12,+6,1815
89,2026-06-27T23:19:28+00:00,Ivory Coast,1771,+6,+34,1812
89,2026-06-27T23:19:28+00:00,United States,1778,-2,+29,1806
89,2026-06-27T23:19:28+00:00,Australia,1781,+7,+16,1804
89,2026-06-27T23:19:28+00:00,Canada,1792,-3,-5,1784
89,2026-06-27T23:19:28+00:00,Algeria,1785,-4,-3,1778
89,2026-06-27T23:19:28+00:00,Egypt,1750,+5,+22,1777
89,2026-06-27T23:19:28+00:00,Sweden,1782,-15,+9,1775
89,2026-06-27T23:19:28+00:00,Scotland,1796,-5,-23,1768
89,2026-06-27T23:19:28+00:00,South Korea,1767,+6,-14,1759
89,2026-06-27T23:19:28+00:00,DR Congo,1735,-6,+13,1742
89,2026-06-27T23:19:28+00:00,Iran,1727,-7,+7,1727
89,2026-06-27T23:19:28+00:00,Czech Republic,1756,-5,-33,1719
89,2026-06-27T23:19:28+00:00,Ghana,1676,-12,+37,1702
89,2026-06-27T23:19:28+00:00,Panama,1742,-4,-38,1701
89,2026-06-27T23:19:28+00:00,Bosnia and Herzegovina,1695,-1,+6,1700
89,2026-06-27T23:19:28+00:00,South Africa,1664,0,+24,1687
89,2026-06-27T23:19:28+00:00,Uzbekistan,1696,+6,-28,1674
89,2026-06-27T23:19:28+00:00,Cape Verde,1612,-3,+39,1648
89,2026-06-27T23:19:28+00:00,Saudi Arabia,1636,+2,+6,1644
89,2026-06-27T23:19:28+00:00,Tunisia,1692,-4,-52,1637
89,2026-06-27T23:19:28+00:00,Jordan,1650,+2,-23,1629
89,2026-06-27T23:19:28+00:00,New Zealand,1649,+5,-30,1624
89,2026-06-27T23:19:28+00:00,Haiti,1627,+7,-28,1606
89,2026-06-27T23:19:28+00:00,Iraq,1638,+4,-39,1603
89,2026-06-27T23:19:28+00:00,Curaçao,1573,+4,-10,1567
89,2026-06-27T23:19:28+00:00,Qatar,1556,+1,-17,1540
90,2026-06-28T02:40:01+00:00,France,2020,+6,+40,2066
90,2026-06-28T02:40:01+00:00,Spain,2086,-18,-8,2060
90,2026-06-28T02:40:01+00:00,Argentina,2070,-55,+21,2036
90,2026-06-28T02:40:01+00:00,England,2033,-10,-1,2022
90,2026-06-28T02:40:01+00:00,Brazil,2005,-22,+18,2001
90,2026-06-28T02:40:01+00:00,Portugal,1974,+4,+4,1982
90,2026-06-28T02:40:01+00:00,Germany,1976,-8,-4,1965
90,2026-06-28T02:40:01+00:00,Colombia,1951,-1,+9,1959
90,2026-06-28T02:40:01+00:00,Netherlands,1949,-19,+28,1958
90,2026-06-28T02:40:01+00:00,Norway,1941,+10,+1,1952
90,2026-06-28T02:40:01+00:00,Ecuador,1928,+8,-22,1915
90,2026-06-28T02:40:01+00:00,Switzerland,1890,+2,+15,1907
90,2026-06-28T02:40:01+00:00,Belgium,1907,-6,-4,1897
90,2026-06-28T02:40:01+00:00,Morocco,1857,+5,+33,1895
90,2026-06-28T02:40:01+00:00,Senegal,1887,+8,+0,1894
90,2026-06-28T02:40:01+00:00,Uruguay,1924,+1,-37,1888
90,2026-06-28T02:40:01+00:00,Mexico,1860,-1,+21,1881
90,2026-06-28T02:40:01+00:00,Japan,1875,-14,+17,1877
90,2026-06-28T02:40:01+00:00,Croatia,1874,+5,-2,1877
90,2026-06-28T02:40:01+00:00,Turkey,1906,+5,-36,1874
90,2026-06-28T02:40:01+00:00,Paraguay,1856,+1,-10,1847
90,2026-06-28T02:40:01+00:00,United States,1809,+1,+25,1834
90,2026-06-28T02:40:01+00:00,Austria,1837,-18,+6,1825
90,2026-06-28T02:40:01+00:00,Ivory Coast,1781,+6,+33,1820
90,2026-06-28T02:40:01+00:00,Canada,1815,-3,-7,1804
90,2026-06-28T02:40:01+00:00,Algeria,1806,-3,-5,1799
90,2026-06-28T02:40:01+00:00,Australia,1768,+7,+21,1797
90,2026-06-28T02:40:01+00:00,Egypt,1764,+5,+21,1790
90,2026-06-28T02:40:01+00:00,Scotland,1817,-9,-25,1783
90,2026-06-28T02:40:01+00:00,Sweden,1791,-16,+7,1782
90,2026-06-28T02:40:01+00:00,DR Congo,1734,-6,+35,1763
90,2026-06-28T02:40:01+00:00,South Korea,1763,+6,-10,1759
90,2026-06-28T02:40:01+00:00,Czech Republic,1779,-3,-36,1740
90,2026-06-28T02:40:01+00:00,Iran,1734,-6,+8,1736
90,2026-06-28T02:40:01+00:00,Bosnia and Herzegovina,1704,+1,+5,1711
90,2026-06-28T02:40:01+00:00,Ghana,1674,-11,+39,1702
90,2026-06-28T02:40:01+00:00,Panama,1740,-4,-36,1700
90,2026-06-28T02:40:01+00:00,South Africa,1672,0,+24,1697
90,2026-06-28T02:40:01+00:00,Uzbekistan,1709,+5,-48,1666
90,2026-06-28T02:40:01+00:00,Cape Verde,1626,-2,+38,1662
90,2026-06-28T02:40:01+00:00,Saudi Arabia,1640,+2,+7,1649
90,2026-06-28T02:40:01+00:00,Jordan,1656,+3,-22,1637
90,2026-06-28T02:40:01+00:00,Tunisia,1692,-4,-51,1637
90,2026-06-28T02:40:01+00:00,New Zealand,1637,+5,-25,1617
90,2026-06-28T02:40:01+00:00,Iraq,1651,+4,-40,1616
90,2026-06-28T02:40:01+00:00,Haiti,1626,+8,-26,1608
90,2026-06-28T02:40:01+00:00,Curaçao,1569,+4,-8,1565
90,2026-06-28T02:40:01+00:00,Qatar,1548,+1,-13,1536
91,2026-06-28T04:23:51+00:00,Argentina,2070,-4,+21,2088
91,2026-06-28T04:23:51+00:00,France,2020,+6,+40,2066
91,2026-06-28T04:23:51+00:00,Spain,2086,-18,-8,2060
91,2026-06-28T04:23:51+00:00,England,2033,-10,-1,2022
91,2026-06-28T04:23:51+00:00,Brazil,2005,-22,+18,2001
91,2026-06-28T04:23:51+00:00,Portugal,1974,+4,+4,1982
91,2026-06-28T04:23:51+00:00,Germany,1976,-8,-4,1965
91,2026-06-28T04:23:51+00:00,Colombia,1951,-1,+9,1959
91,2026-06-28T04:23:51+00:00,Netherlands,1949,-19,+28,1958
91,2026-06-28T04:23:51+00:00,Norway,1941,+10,+1,1952
91,2026-06-28T04:23:51+00:00,Ecuador,1928,+8,-22,1915
91,2026-06-28T04:23:51+00:00,Switzerland,1890,+2,+15,1907
91,2026-06-28T04:23:51+00:00,Belgium,1907,-6,-4,1897
91,2026-06-28T04:23:51+00:00,Morocco,1857,+5,+33,1895
91,2026-06-28T04:23:51+00:00,Senegal,1887,+8,+0,1894
91,2026-06-28T04:23:51+00:00,Uruguay,1924,+1,-37,1888
91,2026-06-28T04:23:51+00:00,Mexico,1860,-1,+21,1881
91,2026-06-28T04:23:51+00:00,Croatia,1874,+5,-2,1877
91,2026-06-28T04:23:51+00:00,Japan,1875,-14,+17,1877
91,2026-06-28T04:23:51+00:00,Turkey,1906,+5,-36,1874
91,2026-06-28T04:23:51+00:00,Paraguay,1856,+1,-10,1847
91,2026-06-28T04:23:51+00:00,United States,1809,+1,+25,1834
91,2026-06-28T04:23:51+00:00,Austria,1837,-18,+3,1822
91,2026-06-28T04:23:51+00:00,Ivory Coast,1781,+6,+33,1820
91,2026-06-28T04:23:51+00:00,Algeria,1806,+3,-2,1807
91,2026-06-28T04:23:51+00:00,Canada,1815,-3,-7,1804
91,2026-06-28T04:23:51+00:00,Australia,1768,+7,+21,1797
91,2026-06-28T04:23:51+00:00,Egypt,1764,+5,+21,1790
91,2026-06-28T04:23:51+00:00,Scotland,1817,-9,-25,1783
91,2026-06-28T04:23:51+00:00,Sweden,1791,-16,+7,1782
91,2026-06-28T04:23:51+00:00,DR Congo,1734,-6,+35,1763
91,2026-06-28T04:23:51+00:00,South Korea,1763,+6,-10,1759
91,2026-06-28T04:23:51+00:00,Czech Republic,1779,-3,-36,1740
91,2026-06-28T04:23:51+00:00,Iran,1734,-6,+8,1736
91,2026-06-28T04:23:51+00:00,Bosnia and Herzegovina,1704,+1,+5,1711
91,2026-06-28T04:23:51+00:00,Ghana,1674,-11,+39,1702
91,2026-06-28T04:23:51+00:00,Panama,1740,-4,-36,1700
91,2026-06-28T04:23:51+00:00,South Africa,1672,0,+24,1697
91,2026-06-28T04:23:51+00:00,Uzbekistan,1709,+5,-48,1666
91,2026-06-28T04:23:51+00:00,Cape Verde,1626,-2,+38,1662
91,2026-06-28T04:23:51+00:00,Saudi Arabia,1640,+2,+7,1649
91,2026-06-28T04:23:51+00:00,Tunisia,1692,-4,-51,1637
91,2026-06-28T04:23:51+00:00,Jordan,1656,+3,-22,1636
91,2026-06-28T04:23:51+00:00,New Zealand,1637,+5,-25,1617
91,2026-06-28T04:23:51+00:00,Iraq,1651,+4,-40,1616
91,2026-06-28T04:23:51+00:00,Haiti,1626,+8,-26,1608
91,2026-06-28T04:23:51+00:00,Curaçao,1569,+4,-8,1565
91,2026-06-28T04:23:51+00:00,Qatar,1548,+1,-13,1536
92,2026-06-28T07:12:51+00:00,Argentina,2069,-4,+19,2084
92,2026-06-28T07:12:51+00:00,France,2013,+6,+39,2059
92,2026-06-28T07:12:51+00:00,Spain,2067,-18,-6,2044
92,2026-06-28T07:12:51+00:00,England,2017,-11,+1,2007
92,2026-06-28T07:12:51+00:00,Brazil,2014,-24,+15,2005
92,2026-06-28T07:12:51+00:00,Portugal,1955,+1,+7,1963
92,2026-06-28T07:12:51+00:00,Netherlands,1940,-14,+28,1955
92,2026-06-28T07:12:51+00:00,Colombia,1949,-4,+8,1954
92,2026-06-28T07:12:51+00:00,Germany,1953,-6,-1,1946
92,2026-06-28T07:12:51+00:00,Norway,1927,+9,+2,1938
92,2026-06-28T07:12:51+00:00,Ecuador,1925,+8,-23,1911
92,2026-06-28T07:12:51+00:00,Senegal,1888,+8,-3,1893
92,2026-06-28T07:12:51+00:00,Switzerland,1872,+4,+16,1892
92,2026-06-28T07:12:51+00:00,Uruguay,1927,+1,-39,1889
92,2026-06-28T07:12:51+00:00,Japan,1886,-15,+15,1886
92,2026-06-28T07:12:51+00:00,Morocco,1841,+5,+35,1881
92,2026-06-28T07:12:51+00:00,Belgium,1878,-6,+0,1872
92,2026-06-28T07:12:51+00:00,Croatia,1864,+5,-1,1868
92,2026-06-28T07:12:51+00:00,Mexico,1844,0,+22,1867
92,2026-06-28T07:12:51+00:00,Turkey,1882,+3,-33,1852
92,2026-06-28T07:12:51+00:00,Paraguay,1857,-10,-13,1834
92,2026-06-28T07:12:51+00:00,Ivory Coast,1771,+6,+34,1812
92,2026-06-28T07:12:51+00:00,Austria,1821,-12,+3,1812
92,2026-06-28T07:12:51+00:00,United States,1778,-2,+29,1806
92,2026-06-28T07:12:51+00:00,Australia,1781,+7,+16,1804
92,2026-06-28T07:12:51+00:00,Algeria,1785,+2,+0,1787
92,2026-06-28T07:12:51+00:00,Canada,1792,-3,-5,1784
92,2026-06-28T07:12:51+00:00,Egypt,1750,+5,+22,1777
92,2026-06-28T07:12:51+00:00,Sweden,1782,-15,+9,1775
92,2026-06-28T07:12:51+00:00,Scotland,1796,-5,-23,1768
92,2026-06-28T07:12:51+00:00,DR Congo,1735,-6,+33,1761
92,2026-06-28T07:12:51+00:00,South Korea,1767,+6,-14,1759
92,2026-06-28T07:12:51+00:00,Iran,1727,-7,+7,1727
92,2026-06-28T07:12:51+00:00,Czech Republic,1756,-5,-33,1719
92,2026-06-28T07:12:51+00:00,Ghana,1676,-12,+37,1702
92,2026-06-28T07:12:51+00:00,Panama,1742,-4,-38,1701
92,2026-06-28T07:12:51+00:00,Bosnia and Herzegovina,1695,-1,+6,1700
92,2026-06-28T07:12:51+00:00,South Africa,1664,0,+24,1687
92,2026-06-28T07:12:51+00:00,Uzbekistan,1696,+6,-47,1655
92,2026-06-28T07:12:51+00:00,Cape Verde,1612,-3,+39,1648
92,2026-06-28T07:12:51+00:00,Saudi Arabia,1636,+2,+6,1644
92,2026-06-28T07:12:51+00:00,Tunisia,1692,-4,-52,1637
92,2026-06-28T07:12:51+00:00,Jordan,1650,+2,-23,1629
92,2026-06-28T07:12:51+00:00,New Zealand,1649,+5,-30,1624
92,2026-06-28T07:12:51+00:00,Haiti,1627,+7,-28,1606
92,2026-06-28T07:12:51+00:00,Iraq,1638,+4,-39,1603
92,2026-06-28T07:12:51+00:00,Curaçao,1573,+4,-10,1567
92,2026-06-28T07:12:51+00:00,Qatar,1556,+1,-17,1540
93,2026-06-28T21:26:26+00:00,Argentina,2069,-4,+19,2084
93,2026-06-28T21:26:26+00:00,France,2013,+6,+39,2059
93,2026-06-28T21:26:26+00:00,Spain,2067,-18,-6,2044
93,2026-06-28T21:26:26+00:00,England,2017,-11,+1,2007
93,2026-06-28T21:26:26+00:00,Brazil,2014,-24,+15,2005
93,2026-06-28T21:26:26+00:00,Portugal,1955,+1,+7,1963
93,2026-06-28T21:26:26+00:00,Netherlands,1940,-14,+28,1955
93,2026-06-28T21:26:26+00:00,Colombia,1949,-4,+8,1954
93,2026-06-28T21:26:26+00:00,Germany,1953,-6,-1,1946
93,2026-06-28T21:26:26+00:00,Norway,1927,+9,+2,1938
93,2026-06-28T21:26:26+00:00,Ecuador,1925,+8,-23,1911
93,2026-06-28T21:26:26+00:00,Senegal,1888,+8,-3,1893
93,2026-06-28T21:26:26+00:00,Switzerland,1872,+4,+16,1892
93,2026-06-28T21:26:26+00:00,Uruguay,1927,+1,-39,1889
93,2026-06-28T21:26:26+00:00,Japan,1886,-15,+15,1886
93,2026-06-28T21:26:26+00:00,Morocco,1841,+5,+35,1881
93,2026-06-28T21:26:26+00:00,Belgium,1878,-6,+0,1872
93,2026-06-28T21:26:26+00:00,Croatia,1864,+5,-1,1868
93,2026-06-28T21:26:26+00:00,Mexico,1844,0,+22,1867
93,2026-06-28T21:26:26+00:00,Turkey,1882,+3,-33,1852
93,2026-06-28T21:26:26+00:00,Paraguay,1857,-10,-13,1834
93,2026-06-28T21:26:26+00:00,Austria,1821,-12,+3,1812
93,2026-06-28T21:26:26+00:00,Ivory Coast,1771,+6,+34,1812
93,2026-06-28T21:26:26+00:00,United States,1778,-2,+29,1806
93,2026-06-28T21:26:26+00:00,Australia,1781,+7,+16,1804
93,2026-06-28T21:26:26+00:00,Algeria,1785,+2,+0,1787
93,2026-06-28T21:26:26+00:00,Canada,1792,-3,-4,1785
93,2026-06-28T21:26:26+00:00,Egypt,1750,+5,+22,1777
93,2026-06-28T21:26:26+00:00,Sweden,1782,-15,+9,1775
93,2026-06-28T21:26:26+00:00,Scotland,1796,-5,-23,1768
93,2026-06-28T21:26:26+00:00,DR Congo,1735,-6,+33,1761
93,2026-06-28T21:26:26+00:00,South Korea,1767,+6,-14,1759
93,2026-06-28T21:26:26+00:00,Iran,1727,-7,+7,1727
93,2026-06-28T21:26:26+00:00,Czech Republic,1756,-5,-33,1719
93,2026-06-28T21:26:26+00:00,Ghana,1676,-12,+37,1702
93,2026-06-28T21:26:26+00:00,Panama,1742,-4,-38,1701
93,2026-06-28T21:26:26+00:00,Bosnia and Herzegovina,1695,-1,+6,1700
93,2026-06-28T21:26:26+00:00,South Africa,1664,0,+22,1686
93,2026-06-28T21:26:26+00:00,Uzbekistan,1696,+6,-47,1655
93,2026-06-28T21:26:26+00:00,Cape Verde,1612,-3,+39,1648
93,2026-06-28T21:26:26+00:00,Saudi Arabia,1636,+2,+6,1644
93,2026-06-28T21:26:26+00:00,Tunisia,1692,-4,-52,1637
93,2026-06-28T21:26:26+00:00,Jordan,1650,+2,-23,1629
93,2026-06-28T21:26:26+00:00,New Zealand,1649,+5,-30,1624
93,2026-06-28T21:26:26+00:00,Haiti,1627,+7,-28,1606
93,2026-06-28T21:26:26+00:00,Iraq,1638,+4,-39,1603
93,2026-06-28T21:26:26+00:00,Curaçao,1573,+4,-10,1567
93,2026-06-28T21:26:26+00:00,Qatar,1556,+1,-17,1540
94,2026-06-29T19:28:11+00:00,Argentina,2069,-4,+19,2084
94,2026-06-29T19:28:11+00:00,France,2013,+6,+39,2059
94,2026-06-29T19:28:11+00:00,Spain,2067,-18,-6,2044
94,2026-06-29T19:28:11+00:00,Brazil,2014,-24,+18,2008
94,2026-06-29T19:28:11+00:00,England,2017,-11,+1,2007
94,2026-06-29T19:28:11+00:00,Portugal,1955,+1,+7,1963
94,2026-06-29T19:28:11+00:00,Netherlands,1940,-14,+28,1955
94,2026-06-29T19:28:11+00:00,Colombia,1949,-4,+8,1954
94,2026-06-29T19:28:11+00:00,Germany,1953,-6,-1,1946
94,2026-06-29T19:28:11+00:00,Norway,1927,+9,+2,1938
94,2026-06-29T19:28:11+00:00,Ecuador,1925,+8,-23,1911
94,2026-06-29T19:28:11+00:00,Senegal,1888,+8,-3,1893
94,2026-06-29T19:28:11+00:00,Switzerland,1872,+4,+16,1892
94,2026-06-29T19:28:11+00:00,Uruguay,1927,+1,-39,1889
94,2026-06-29T19:28:11+00:00,Japan,1886,-15,+12,1884
94,2026-06-29T19:28:11+00:00,Morocco,1841,+5,+35,1881
94,2026-06-29T19:28:11+00:00,Belgium,1878,-6,+0,1872
94,2026-06-29T19:28:11+00:00,Croatia,1864,+5,-1,1868
94,2026-06-29T19:28:11+00:00,Mexico,1844,0,+22,1867
94,2026-06-29T19:28:11+00:00,Turkey,1882,+3,-33,1852
94,2026-06-29T19:28:11+00:00,Paraguay,1857,-10,-13,1834
94,2026-06-29T19:28:11+00:00,Austria,1821,-12,+3,1812
94,2026-06-29T19:28:11+00:00,Ivory Coast,1771,+6,+34,1812
94,2026-06-29T19:28:11+00:00,United States,1778,-2,+29,1806
94,2026-06-29T19:28:11+00:00,Australia,1781,+7,+16,1804
94,2026-06-29T19:28:11+00:00,Canada,1792,-3,+2,1791
94,2026-06-29T19:28:11+00:00,Algeria,1785,+2,+0,1787
94,2026-06-29T19:28:11+00:00,Egypt,1750,+5,+22,1777
94,2026-06-29T19:28:11+00:00,Sweden,1782,-15,+9,1775
94,2026-06-29T19:28:11+00:00,Scotland,1796,-5,-23,1768
94,2026-06-29T19:28:11+00:00,DR Congo,1735,-6,+33,1761
94,2026-06-29T19:28:11+00:00,South Korea,1767,+6,-14,1759
94,2026-06-29T19:28:11+00:00,Iran,1727,-7,+7,1727
94,2026-06-29T19:28:11+00:00,Czech Republic,1756,-5,-33,1719
94,2026-06-29T19:28:11+00:00,Ghana,1676,-12,+37,1702
94,2026-06-29T19:28:11+00:00,Panama,1742,-4,-38,1701
94,2026-06-29T19:28:11+00:00,Bosnia and Herzegovina,1695,-1,+6,1700
94,2026-06-29T19:28:11+00:00,South Africa,1664,0,+17,1680
94,2026-06-29T19:28:11+00:00,Uzbekistan,1696,+6,-47,1655
94,2026-06-29T19:28:11+00:00,Cape Verde,1612,-3,+39,1648
94,2026-06-29T19:28:11+00:00,Saudi Arabia,1636,+2,+6,1644
94,2026-06-29T19:28:11+00:00,Tunisia,1692,-4,-52,1637
94,2026-06-29T19:28:11+00:00,Jordan,1650,+2,-23,1629
94,2026-06-29T19:28:11+00:00,New Zealand,1649,+5,-30,1624
94,2026-06-29T19:28:11+00:00,Haiti,1627,+7,-28,1606
94,2026-06-29T19:28:11+00:00,Iraq,1638,+4,-39,1603
94,2026-06-29T19:28:11+00:00,Curaçao,1573,+4,-10,1567
94,2026-06-29T19:28:11+00:00,Qatar,1556,+1,-17,1540
95,2026-06-29T23:42:52+00:00,Argentina,2069,-4,+19,2084
95,2026-06-29T23:42:52+00:00,France,2013,+6,+39,2059
95,2026-06-29T23:42:52+00:00,Spain,2067,-18,-6,2044
95,2026-06-29T23:42:52+00:00,Brazil,2014,-24,+22,2013
95,2026-06-29T23:42:52+00:00,England,2017,-11,+1,2007
95,2026-06-29T23:42:52+00:00,Portugal,1955,+1,+7,1963
95,2026-06-29T23:42:52+00:00,Netherlands,1940,-14,+28,1955
95,2026-06-29T23:42:52+00:00,Colombia,1949,-4,+8,1954
95,2026-06-29T23:42:52+00:00,Germany,1953,-6,+3,1950
95,2026-06-29T23:42:52+00:00,Norway,1927,+9,+2,1938
95,2026-06-29T23:42:52+00:00,Ecuador,1925,+8,-23,1911
95,2026-06-29T23:42:52+00:00,Senegal,1888,+8,-3,1893
95,2026-06-29T23:42:52+00:00,Switzerland,1872,+4,+16,1892
95,2026-06-29T23:42:52+00:00,Uruguay,1927,+1,-39,1889
95,2026-06-29T23:42:52+00:00,Morocco,1841,+5,+35,1881
95,2026-06-29T23:42:52+00:00,Japan,1886,-15,+8,1879
95,2026-06-29T23:42:52+00:00,Belgium,1878,-6,+0,1872
95,2026-06-29T23:42:52+00:00,Croatia,1864,+5,-1,1868
95,2026-06-29T23:42:52+00:00,Mexico,1844,0,+22,1867
95,2026-06-29T23:42:52+00:00,Turkey,1882,+3,-33,1852
95,2026-06-29T23:42:52+00:00,Paraguay,1857,+2,-16,1842
95,2026-06-29T23:42:52+00:00,Austria,1821,-12,+3,1812
95,2026-06-29T23:42:52+00:00,Ivory Coast,1771,+6,+34,1812
95,2026-06-29T23:42:52+00:00,United States,1778,-2,+29,1806
95,2026-06-29T23:42:52+00:00,Australia,1781,+7,+16,1804
95,2026-06-29T23:42:52+00:00,Canada,1792,-3,+2,1791
95,2026-06-29T23:42:52+00:00,Algeria,1785,+2,+0,1787
95,2026-06-29T23:42:52+00:00,Egypt,1750,+5,+22,1777
95,2026-06-29T23:42:52+00:00,Sweden,1782,-15,+9,1775
95,2026-06-29T23:42:52+00:00,Scotland,1796,-5,-23,1768
95,2026-06-29T23:42:52+00:00,DR Congo,1735,-6,+33,1761
95,2026-06-29T23:42:52+00:00,South Korea,1767,+6,-14,1759
95,2026-06-29T23:42:52+00:00,Iran,1727,-7,+7,1727
95,2026-06-29T23:42:52+00:00,Czech Republic,1756,-5,-33,1719
95,2026-06-29T23:42:52+00:00,Ghana,1676,-12,+37,1702
95,2026-06-29T23:42:52+00:00,Panama,1742,-4,-38,1701
95,2026-06-29T23:42:52+00:00,Bosnia and Herzegovina,1695,-1,+6,1700
95,2026-06-29T23:42:52+00:00,South Africa,1664,0,+17,1680
95,2026-06-29T23:42:52+00:00,Uzbekistan,1696,+6,-47,1655
95,2026-06-29T23:42:52+00:00,Cape Verde,1612,-3,+39,1648
95,2026-06-29T23:42:52+00:00,Saudi Arabia,1636,+2,+6,1644
95,2026-06-29T23:42:52+00:00,Tunisia,1692,-4,-52,1637
95,2026-06-29T23:42:52+00:00,Jordan,1650,+2,-23,1629
95,2026-06-29T23:42:52+00:00,New Zealand,1649,+5,-30,1624
95,2026-06-29T23:42:52+00:00,Haiti,1627,+7,-28,1606
95,2026-06-29T23:42:52+00:00,Iraq,1638,+4,-39,1603
95,2026-06-29T23:42:52+00:00,Curaçao,1573,+4,-10,1567
95,2026-06-29T23:42:52+00:00,Qatar,1556,+1,-17,1540
96,2026-06-30T01:53:10+00:00,Argentina,2069,-4,+19,2084
96,2026-06-30T01:53:10+00:00,France,2013,+6,+39,2059
96,2026-06-30T01:53:10+00:00,Spain,2067,-18,-6,2044
96,2026-06-30T01:53:10+00:00,Brazil,2014,-24,+22,2013
96,2026-06-30T01:53:10+00:00,England,2017,-11,+1,2007
96,2026-06-30T01:53:10+00:00,Portugal,1955,+1,+7,1963
96,2026-06-30T01:53:10+00:00,Netherlands,1940,-14,+28,1955
96,2026-06-30T01:53:10+00:00,Colombia,1949,-4,+8,1954
96,2026-06-30T01:53:10+00:00,Norway,1927,+9,+2,1938
96,2026-06-30T01:53:10+00:00,Germany,1953,-6,-21,1926
96,2026-06-30T01:53:10+00:00,Ecuador,1925,+8,-23,1911
96,2026-06-30T01:53:10+00:00,Senegal,1888,+8,-3,1893
96,2026-06-30T01:53:10+00:00,Switzerland,1872,+4,+16,1892
96,2026-06-30T01:53:10+00:00,Uruguay,1927,+1,-39,1889
96,2026-06-30T01:53:10+00:00,Morocco,1841,+5,+35,1881
96,2026-06-30T01:53:10+00:00,Japan,1886,-15,+8,1879
96,2026-06-30T01:53:10+00:00,Belgium,1878,-6,+0,1872
96,2026-06-30T01:53:10+00:00,Croatia,1864,+5,-1,1868
96,2026-06-30T01:53:10+00:00,Mexico,1844,0,+22,1867
96,2026-06-30T01:53:10+00:00,Paraguay,1857,+2,+7,1866
96,2026-06-30T01:53:10+00:00,Turkey,1882,+3,-33,1852
96,2026-06-30T01:53:10+00:00,Ivory Coast,1771,+6,+34,1812
96,2026-06-30T01:53:10+00:00,Austria,1821,-12,+3,1812
96,2026-06-30T01:53:10+00:00,United States,1778,-2,+29,1806
96,2026-06-30T01:53:10+00:00,Australia,1781,+7,+16,1804
96,2026-06-30T01:53:10+00:00,Canada,1792,-3,+2,1791
96,2026-06-30T01:53:10+00:00,Algeria,1785,+2,+0,1787
96,2026-06-30T01:53:10+00:00,Egypt,1750,+5,+22,1777
96,2026-06-30T01:53:10+00:00,Sweden,1782,-15,+9,1775
96,2026-06-30T01:53:10+00:00,Scotland,1796,-5,-23,1768
96,2026-06-30T01:53:10+00:00,DR Congo,1735,-6,+33,1761
96,2026-06-30T01:53:10+00:00,South Korea,1767,+6,-14,1759
96,2026-06-30T01:53:10+00:00,Iran,1727,-7,+7,1727
96,2026-06-30T01:53:10+00:00,Czech Republic,1756,-5,-33,1719
96,2026-06-30T01:53:10+00:00,Ghana,1676,-12,+37,1702
96,2026-06-30T01:53:10+00:00,Panama,1742,-4,-38,1701
96,2026-06-30T01:53:10+00:00,Bosnia and Herzegovina,1695,-1,+6,1700
96,2026-06-30T01:53:10+00:00,South Africa,1664,0,+17,1680
96,2026-06-30T01:53:10+00:00,Uzbekistan,1696,+6,-47,1655
96,2026-06-30T01:53:10+00:00,Cape Verde,1612,-3,+39,1648
96,2026-06-30T01:53:10+00:00,Saudi Arabia,1636,+2,+6,1644
96,2026-06-30T01:53:10+00:00,Tunisia,1692,-4,-52,1637
96,2026-06-30T01:53:10+00:00,Jordan,1650,+2,-23,1629
96,2026-06-30T01:53:10+00:00,New Zealand,1649,+5,-30,1624
96,2026-06-30T01:53:10+00:00,Haiti,1627,+7,-28,1606
96,2026-06-30T01:53:10+00:00,Iraq,1638,+4,-39,1603
96,2026-06-30T01:53:10+00:00,Curaçao,1573,+4,-10,1567
96,2026-06-30T01:53:10+00:00,Qatar,1556,+1,-17,1540
97,2026-06-30T04:08:29+00:00,Argentina,2069,-4,+19,2084
97,2026-06-30T04:08:29+00:00,France,2013,+6,+39,2059
97,2026-06-30T04:08:29+00:00,Spain,2067,-18,-6,2044
97,2026-06-30T04:08:29+00:00,Brazil,2014,-24,+22,2013
97,2026-06-30T04:08:29+00:00,England,2017,-11,+1,2007
97,2026-06-30T04:08:29+00:00,Portugal,1955,+1,+7,1963
97,2026-06-30T04:08:29+00:00,Colombia,1949,-4,+8,1954
97,2026-06-30T04:08:29+00:00,Netherlands,1940,-14,+12,1939
97,2026-06-30T04:08:29+00:00,Norway,1927,+9,+2,1938
97,2026-06-30T04:08:29+00:00,Germany,1953,-6,-21,1926
97,2026-06-30T04:08:29+00:00,Ecuador,1925,+8,-23,1911
97,2026-06-30T04:08:29+00:00,Morocco,1841,+5,+52,1897
97,2026-06-30T04:08:29+00:00,Senegal,1888,+8,-3,1893
97,2026-06-30T04:08:29+00:00,Switzerland,1872,+4,+16,1892
97,2026-06-30T04:08:29+00:00,Uruguay,1927,+1,-39,1889
97,2026-06-30T04:08:29+00:00,Japan,1886,-15,+8,1879
97,2026-06-30T04:08:29+00:00,Belgium,1878,-6,+0,1872
97,2026-06-30T04:08:29+00:00,Croatia,1864,+5,-1,1868
97,2026-06-30T04:08:29+00:00,Mexico,1844,0,+22,1867
97,2026-06-30T04:08:29+00:00,Paraguay,1857,+2,+7,1866
97,2026-06-30T04:08:29+00:00,Turkey,1882,+3,-33,1852
97,2026-06-30T04:08:29+00:00,Austria,1821,-12,+3,1812
97,2026-06-30T04:08:29+00:00,Ivory Coast,1771,+6,+34,1812
97,2026-06-30T04:08:29+00:00,United States,1778,-2,+29,1806
97,2026-06-30T04:08:29+00:00,Australia,1781,+7,+16,1804
97,2026-06-30T04:08:29+00:00,Canada,1792,-3,+2,1791
97,2026-06-30T04:08:29+00:00,Algeria,1785,+2,+0,1787
97,2026-06-30T04:08:29+00:00,Sweden,1782,-15,+8,1775
97,2026-06-30T04:08:29+00:00,Scotland,1796,-5,-23,1768
97,2026-06-30T04:08:29+00:00,DR Congo,1735,-6,+33,1761
97,2026-06-30T04:08:29+00:00,South Korea,1767,+6,-14,1759
97,2026-06-30T04:08:29+00:00,Egypt,1750,-12,+22,1759
97,2026-06-30T04:08:29+00:00,Iran,1727,-7,+7,1727
97,2026-06-30T04:08:29+00:00,Czech Republic,1756,-5,-33,1719
97,2026-06-30T04:08:29+00:00,Ghana,1676,-12,+37,1702
97,2026-06-30T04:08:29+00:00,Panama,1742,-4,-38,1701
97,2026-06-30T04:08:29+00:00,Bosnia and Herzegovina,1695,-1,+6,1700
97,2026-06-30T04:08:29+00:00,South Africa,1664,0,+17,1680
97,2026-06-30T04:08:29+00:00,Uzbekistan,1696,+6,-47,1655
97,2026-06-30T04:08:29+00:00,Cape Verde,1612,-3,+39,1648
97,2026-06-30T04:08:29+00:00,Saudi Arabia,1636,+2,+6,1644
97,2026-06-30T04:08:29+00:00,Tunisia,1692,-4,-52,1637
97,2026-06-30T04:08:29+00:00,Jordan,1650,+2,-23,1629
97,2026-06-30T04:08:29+00:00,New Zealand,1649,+5,-30,1624
97,2026-06-30T04:08:29+00:00,Haiti,1627,+7,-28,1606
97,2026-06-30T04:08:29+00:00,Iraq,1638,+4,-39,1603
97,2026-06-30T04:08:29+00:00,Curaçao,1573,+4,-10,1567
97,2026-06-30T04:08:29+00:00,Qatar,1556,+1,-17,1540
98,2026-06-30T19:20:12+00:00,Argentina,2069,-4,+19,2084
98,2026-06-30T19:20:12+00:00,France,2013,+6,+39,2059
98,2026-06-30T19:20:12+00:00,Spain,2067,-18,-6,2044
98,2026-06-30T19:20:12+00:00,Brazil,2014,-24,+22,2013
98,2026-06-30T19:20:12+00:00,England,2017,-11,+1,2007
98,2026-06-30T19:20:12+00:00,Portugal,1955,+1,+7,1963
98,2026-06-30T19:20:12+00:00,Colombia,1949,-4,+8,1954
98,2026-06-30T19:20:12+00:00,Norway,1927,+9,+7,1943
98,2026-06-30T19:20:12+00:00,Netherlands,1940,-14,+12,1939
98,2026-06-30T19:20:12+00:00,Germany,1953,-6,-21,1926
98,2026-06-30T19:20:12+00:00,Ecuador,1925,+8,-23,1911
98,2026-06-30T19:20:12+00:00,Morocco,1841,+5,+52,1897
98,2026-06-30T19:20:12+00:00,Senegal,1888,+8,-3,1893
98,2026-06-30T19:20:12+00:00,Switzerland,1872,+4,+16,1892
98,2026-06-30T19:20:12+00:00,Uruguay,1927,+1,-39,1889
98,2026-06-30T19:20:12+00:00,Japan,1886,-15,+8,1879
98,2026-06-30T19:20:12+00:00,Belgium,1878,-6,+0,1872
98,2026-06-30T19:20:12+00:00,Croatia,1864,+5,-1,1868
98,2026-06-30T19:20:12+00:00,Mexico,1844,0,+22,1867
98,2026-06-30T19:20:12+00:00,Paraguay,1857,+2,+7,1866
98,2026-06-30T19:20:12+00:00,Turkey,1882,+3,-33,1852
98,2026-06-30T19:20:12+00:00,Austria,1821,-12,+3,1812
98,2026-06-30T19:20:12+00:00,United States,1778,-2,+29,1806
98,2026-06-30T19:20:12+00:00,Ivory Coast,1771,+6,+29,1806
98,2026-06-30T19:20:12+00:00,Australia,1781,+7,+16,1804
98,2026-06-30T19:20:12+00:00,Canada,1792,-3,+2,1791
98,2026-06-30T19:20:12+00:00,Algeria,1785,+2,+0,1787
98,2026-06-30T19:20:12+00:00,Sweden,1782,-15,+8,1775
98,2026-06-30T19:20:12+00:00,Scotland,1796,-5,-23,1768
98,2026-06-30T19:20:12+00:00,DR Congo,1735,-6,+33,1761
98,2026-06-30T19:20:12+00:00,South Korea,1767,+6,-14,1759
98,2026-06-30T19:20:12+00:00,Egypt,1750,-12,+22,1759
98,2026-06-30T19:20:12+00:00,Iran,1727,-7,+7,1727
98,2026-06-30T19:20:12+00:00,Czech Republic,1756,-5,-33,1719
98,2026-06-30T19:20:12+00:00,Ghana,1676,-12,+37,1702
98,2026-06-30T19:20:12+00:00,Panama,1742,-4,-38,1701
98,2026-06-30T19:20:12+00:00,Bosnia and Herzegovina,1695,-1,+6,1700
98,2026-06-30T19:20:12+00:00,South Africa,1664,0,+17,1680
98,2026-06-30T19:20:12+00:00,Uzbekistan,1696,+6,-47,1655
98,2026-06-30T19:20:12+00:00,Cape Verde,1612,-3,+39,1648
98,2026-06-30T19:20:12+00:00,Saudi Arabia,1636,+2,+6,1644
98,2026-06-30T19:20:12+00:00,Tunisia,1692,-4,-52,1637
98,2026-06-30T19:20:12+00:00,Jordan,1650,+2,-23,1629
98,2026-06-30T19:20:12+00:00,New Zealand,1649,+5,-30,1624
98,2026-06-30T19:20:12+00:00,Haiti,1627,+7,-28,1606
98,2026-06-30T19:20:12+00:00,Iraq,1638,+4,-39,1603
98,2026-06-30T19:20:12+00:00,Curaçao,1573,+4,-10,1567
98,2026-06-30T19:20:12+00:00,Qatar,1556,+1,-17,1540
99,2026-06-30T23:05:54+00:00,Argentina,2069,-4,+19,2084
99,2026-06-30T23:05:54+00:00,France,2013,+6,+49,2069
99,2026-06-30T23:05:54+00:00,Spain,2067,-18,-6,2044
99,2026-06-30T23:05:54+00:00,Brazil,2014,-24,+22,2013
99,2026-06-30T23:05:54+00:00,England,2017,-11,+1,2007
99,2026-06-30T23:05:54+00:00,Portugal,1955,+1,+7,1963
99,2026-06-30T23:05:54+00:00,Colombia,1949,-4,+8,1954
99,2026-06-30T23:05:54+00:00,Norway,1927,+9,+7,1943
99,2026-06-30T23:05:54+00:00,Netherlands,1940,-14,+12,1939
99,2026-06-30T23:05:54+00:00,Germany,1953,-6,-21,1926
99,2026-06-30T23:05:54+00:00,Ecuador,1925,+8,-23,1911
99,2026-06-30T23:05:54+00:00,Morocco,1841,+5,+52,1897
99,2026-06-30T23:05:54+00:00,Senegal,1888,+8,-3,1893
99,2026-06-30T23:05:54+00:00,Switzerland,1872,+4,+16,1892
99,2026-06-30T23:05:54+00:00,Uruguay,1927,+1,-39,1889
99,2026-06-30T23:05:54+00:00,Japan,1886,-15,+8,1879
99,2026-06-30T23:05:54+00:00,Belgium,1878,-6,+0,1872
99,2026-06-30T23:05:54+00:00,Croatia,1864,+5,-1,1868
99,2026-06-30T23:05:54+00:00,Mexico,1844,0,+22,1867
99,2026-06-30T23:05:54+00:00,Paraguay,1857,+2,+7,1866
99,2026-06-30T23:05:54+00:00,Turkey,1882,+3,-33,1852
99,2026-06-30T23:05:54+00:00,Austria,1821,-12,+3,1812
99,2026-06-30T23:05:54+00:00,Ivory Coast,1771,+6,+29,1806
99,2026-06-30T23:05:54+00:00,United States,1778,-2,+29,1806
99,2026-06-30T23:05:54+00:00,Australia,1781,+7,+16,1804
99,2026-06-30T23:05:54+00:00,Canada,1792,-3,+2,1791
99,2026-06-30T23:05:54+00:00,Algeria,1785,+2,+0,1787
99,2026-06-30T23:05:54+00:00,Scotland,1796,-5,-23,1768
99,2026-06-30T23:05:54+00:00,Sweden,1782,-15,-2,1765
99,2026-06-30T23:05:54+00:00,DR Congo,1735,-6,+33,1761
99,2026-06-30T23:05:54+00:00,Egypt,1750,-12,+22,1759
99,2026-06-30T23:05:54+00:00,South Korea,1767,+6,-14,1759
99,2026-06-30T23:05:54+00:00,Iran,1727,-7,+7,1727
99,2026-06-30T23:05:54+00:00,Czech Republic,1756,-5,-33,1719
99,2026-06-30T23:05:54+00:00,Ghana,1676,-12,+37,1702
99,2026-06-30T23:05:54+00:00,Panama,1742,-4,-38,1701
99,2026-06-30T23:05:54+00:00,Bosnia and Herzegovina,1695,-1,+6,1700
99,2026-06-30T23:05:54+00:00,South Africa,1664,0,+17,1680
99,2026-06-30T23:05:54+00:00,Uzbekistan,1696,+6,-47,1655
99,2026-06-30T23:05:54+00:00,Cape Verde,1612,-3,+39,1648
99,2026-06-30T23:05:54+00:00,Saudi Arabia,1636,+2,+6,1644
99,2026-06-30T23:05:54+00:00,Tunisia,1692,-4,-52,1637
99,2026-06-30T23:05:54+00:00,Jordan,1650,+2,-23,1629
99,2026-06-30T23:05:54+00:00,New Zealand,1649,+5,-30,1624
99,2026-06-30T23:05:54+00:00,Haiti,1627,+7,-28,1606
99,2026-06-30T23:05:54+00:00,Iraq,1638,+4,-39,1603
99,2026-06-30T23:05:54+00:00,Curaçao,1573,+4,-10,1567
99,2026-06-30T23:05:54+00:00,Qatar,1556,+1,-17,1540
100,2026-07-01T04:18:17+00:00,Argentina,2069,-4,+19,2084
100,2026-07-01T04:18:17+00:00,France,2013,+6,+50,2069
100,2026-07-01T04:18:17+00:00,Spain,2067,-17,-6,2044
100,2026-07-01T04:18:17+00:00,Brazil,2014,-24,+22,2013
100,2026-07-01T04:18:17+00:00,England,2017,-11,+1,2007
100,2026-07-01T04:18:17+00:00,Portugal,1955,+1,+7,1963
100,2026-07-01T04:18:17+00:00,Colombia,1949,-4,+8,1954
100,2026-07-01T04:18:17+00:00,Norway,1927,+9,+7,1943
100,2026-07-01T04:18:17+00:00,Netherlands,1940,-14,+12,1939
100,2026-07-01T04:18:17+00:00,Germany,1953,-6,-21,1926
100,2026-07-01T04:18:17+00:00,Morocco,1841,+5,+52,1897
100,2026-07-01T04:18:17+00:00,Ecuador,1925,+8,-39,1894
100,2026-07-01T04:18:17+00:00,Senegal,1888,+8,-3,1893
100,2026-07-01T04:18:17+00:00,Switzerland,1872,+4,+16,1892
100,2026-07-01T04:18:17+00:00,Uruguay,1927,+1,-39,1889
100,2026-07-01T04:18:17+00:00,Mexico,1844,0,+39,1883
100,2026-07-01T04:18:17+00:00,Japan,1886,-15,+8,1879
100,2026-07-01T04:18:17+00:00,Belgium,1878,-6,+0,1872
100,2026-07-01T04:18:17+00:00,Croatia,1864,+5,-1,1868
100,2026-07-01T04:18:17+00:00,Paraguay,1857,+2,+7,1866
100,2026-07-01T04:18:17+00:00,Turkey,1882,+3,-33,1852
100,2026-07-01T04:18:17+00:00,Austria,1821,-12,+3,1812
100,2026-07-01T04:18:17+00:00,Ivory Coast,1771,+6,+29,1806
100,2026-07-01T04:18:17+00:00,United States,1778,-2,+29,1806
100,2026-07-01T04:18:17+00:00,Australia,1781,+7,+16,1804
100,2026-07-01T04:18:17+00:00,Canada,1792,-3,+2,1791
100,2026-07-01T04:18:17+00:00,Algeria,1785,+2,+0,1787
100,2026-07-01T04:18:17+00:00,Scotland,1796,-5,-23,1768
100,2026-07-01T04:18:17+00:00,Sweden,1782,-15,-2,1765
100,2026-07-01T04:18:17+00:00,DR Congo,1735,-6,+33,1761
100,2026-07-01T04:18:17+00:00,Egypt,1750,-12,+22,1760
100,2026-07-01T04:18:17+00:00,South Korea,1767,+6,-14,1759
100,2026-07-01T04:18:17+00:00,Iran,1727,-7,+7,1727
100,2026-07-01T04:18:17+00:00,Czech Republic,1756,-5,-33,1719
100,2026-07-01T04:18:17+00:00,Ghana,1676,-12,+37,1702
100,2026-07-01T04:18:17+00:00,Panama,1742,-4,-38,1701
100,2026-07-01T04:18:17+00:00,Bosnia and Herzegovina,1695,-1,+6,1700
100,2026-07-01T04:18:17+00:00,South Africa,1664,0,+17,1680
100,2026-07-01T04:18:17+00:00,Uzbekistan,1696,+6,-47,1655
100,2026-07-01T04:18:17+00:00,Cape Verde,1612,-3,+39,1648
100,2026-07-01T04:18:17+00:00,Saudi Arabia,1636,+2,+6,1644
100,2026-07-01T04:18:17+00:00,Tunisia,1692,-4,-52,1637
100,2026-07-01T04:18:17+00:00,Jordan,1650,+2,-23,1629
100,2026-07-01T04:18:17+00:00,New Zealand,1649,+5,-30,1624
100,2026-07-01T04:18:17+00:00,Haiti,1627,+7,-28,1606
100,2026-07-01T04:18:17+00:00,Iraq,1638,+4,-39,1603
100,2026-07-01T04:18:17+00:00,Curaçao,1573,+4,-10,1567
100,2026-07-01T04:18:17+00:00,Qatar,1556,+1,-17,1540
101,2026-07-01T18:47:53+00:00,Argentina,2069,-4,+19,2084
101,2026-07-01T18:47:53+00:00,France,2013,+6,+50,2069
101,2026-07-01T18:47:53+00:00,Spain,2067,-17,-6,2044
101,2026-07-01T18:47:53+00:00,Brazil,2014,-24,+22,2013
101,2026-07-01T18:47:53+00:00,England,2017,-11,-2,2004
101,2026-07-01T18:47:53+00:00,Portugal,1955,+1,+7,1963
101,2026-07-01T18:47:53+00:00,Colombia,1949,-4,+8,1954
101,2026-07-01T18:47:53+00:00,Norway,1927,+9,+7,1943
101,2026-07-01T18:47:53+00:00,Netherlands,1940,-14,+12,1939
101,2026-07-01T18:47:53+00:00,Germany,1953,-6,-21,1926
101,2026-07-01T18:47:53+00:00,Morocco,1841,+5,+52,1897
101,2026-07-01T18:47:53+00:00,Ecuador,1925,+8,-39,1894
101,2026-07-01T18:47:53+00:00,Senegal,1888,+8,-3,1893
101,2026-07-01T18:47:53+00:00,Switzerland,1872,+4,+16,1892
101,2026-07-01T18:47:53+00:00,Uruguay,1927,+1,-39,1889
101,2026-07-01T18:47:53+00:00,Mexico,1844,0,+39,1883
101,2026-07-01T18:47:53+00:00,Japan,1886,-15,+8,1879
101,2026-07-01T18:47:53+00:00,Belgium,1878,-6,+0,1872
101,2026-07-01T18:47:53+00:00,Croatia,1864,+5,-1,1868
101,2026-07-01T18:47:53+00:00,Paraguay,1857,+2,+7,1866
101,2026-07-01T18:47:53+00:00,Turkey,1882,+3,-33,1852
101,2026-07-01T18:47:53+00:00,Austria,1821,-12,+3,1812
101,2026-07-01T18:47:53+00:00,United States,1778,-2,+29,1806
101,2026-07-01T18:47:53+00:00,Ivory Coast,1771,+6,+29,1806
101,2026-07-01T18:47:53+00:00,Australia,1781,+7,+16,1804
101,2026-07-01T18:47:53+00:00,Canada,1792,-3,+2,1791
101,2026-07-01T18:47:53+00:00,Algeria,1785,+2,+0,1787
101,2026-07-01T18:47:53+00:00,Scotland,1796,-5,-23,1768
101,2026-07-01T18:47:53+00:00,Sweden,1782,-15,-2,1765
101,2026-07-01T18:47:53+00:00,DR Congo,1735,-6,+36,1765
101,2026-07-01T18:47:53+00:00,Egypt,1750,-12,+22,1760
101,2026-07-01T18:47:53+00:00,South Korea,1767,+6,-14,1759
101,2026-07-01T18:47:53+00:00,Iran,1727,-7,+7,1727
101,2026-07-01T18:47:53+00:00,Czech Republic,1756,-5,-33,1719
101,2026-07-01T18:47:53+00:00,Ghana,1676,-12,+37,1702
101,2026-07-01T18:47:53+00:00,Panama,1742,-4,-38,1701
101,2026-07-01T18:47:53+00:00,Bosnia and Herzegovina,1695,-1,+6,1700
101,2026-07-01T18:47:53+00:00,South Africa,1664,0,+17,1680
101,2026-07-01T18:47:53+00:00,Uzbekistan,1696,+6,-47,1655
101,2026-07-01T18:47:53+00:00,Cape Verde,1612,-3,+39,1648
101,2026-07-01T18:47:53+00:00,Saudi Arabia,1636,+2,+6,1644
101,2026-07-01T18:47:53+00:00,Tunisia,1692,-4,-52,1637
101,2026-07-01T18:47:53+00:00,Jordan,1650,+2,-23,1629
101,2026-07-01T18:47:53+00:00,New Zealand,1649,+5,-30,1624
101,2026-07-01T18:47:53+00:00,Haiti,1627,+7,-28,1606
101,2026-07-01T18:47:53+00:00,Iraq,1638,+4,-39,1603
101,2026-07-01T18:47:53+00:00,Curaçao,1573,+4,-10,1567
101,2026-07-01T18:47:53+00:00,Qatar,1556,+1,-17,1540
102,2026-07-01T23:49:32+00:00,Argentina,2069,-4,+19,2084
102,2026-07-01T23:49:32+00:00,France,2013,+6,+50,2069
102,2026-07-01T23:49:32+00:00,Spain,2067,-17,-6,2044
102,2026-07-01T23:49:32+00:00,Brazil,2014,-24,+22,2013
102,2026-07-01T23:49:32+00:00,England,2017,-11,-2,2004
102,2026-07-01T23:49:32+00:00,Portugal,1955,+1,+7,1963
102,2026-07-01T23:49:32+00:00,Colombia,1949,-4,+8,1954
102,2026-07-01T23:49:32+00:00,Norway,1927,+9,+7,1943
102,2026-07-01T23:49:32+00:00,Netherlands,1940,-14,+12,1939
102,2026-07-01T23:49:32+00:00,Germany,1953,-6,-21,1926
102,2026-07-01T23:49:32+00:00,Morocco,1841,+5,+52,1897
102,2026-07-01T23:49:32+00:00,Ecuador,1925,+8,-39,1894
102,2026-07-01T23:49:32+00:00,Switzerland,1872,+4,+16,1892
102,2026-07-01T23:49:32+00:00,Belgium,1878,-6,+18,1890
102,2026-07-01T23:49:32+00:00,Uruguay,1927,+1,-39,1889
102,2026-07-01T23:49:32+00:00,Mexico,1844,0,+39,1883
102,2026-07-01T23:49:32+00:00,Japan,1886,-15,+8,1879
102,2026-07-01T23:49:32+00:00,Senegal,1888,+8,-21,1875
102,2026-07-01T23:49:32+00:00,Croatia,1864,+5,-1,1868
102,2026-07-01T23:49:32+00:00,Paraguay,1857,+2,+7,1866
102,2026-07-01T23:49:32+00:00,Turkey,1882,+3,-33,1852
102,2026-07-01T23:49:32+00:00,Austria,1821,-12,+3,1812
102,2026-07-01T23:49:32+00:00,Ivory Coast,1771,+6,+29,1806
102,2026-07-01T23:49:32+00:00,United States,1778,-2,+29,1806
102,2026-07-01T23:49:32+00:00,Australia,1781,+7,+16,1804
102,2026-07-01T23:49:32+00:00,Canada,1792,-3,+2,1791
102,2026-07-01T23:49:32+00:00,Algeria,1785,+2,+0,1787
102,2026-07-01T23:49:32+00:00,Scotland,1796,-5,-23,1768
102,2026-07-01T23:49:32+00:00,DR Congo,1735,-6,+36,1765
102,2026-07-01T23:49:32+00:00,Sweden,1782,-15,-2,1765
102,2026-07-01T23:49:32+00:00,Egypt,1750,-12,+22,1760
102,2026-07-01T23:49:32+00:00,South Korea,1767,+6,-14,1759
102,2026-07-01T23:49:32+00:00,Iran,1727,-7,+7,1727
102,2026-07-01T23:49:32+00:00,Czech Republic,1756,-5,-33,1719
102,2026-07-01T23:49:32+00:00,Ghana,1676,-12,+37,1702
102,2026-07-01T23:49:32+00:00,Panama,1742,-4,-38,1701
102,2026-07-01T23:49:32+00:00,Bosnia and Herzegovina,1695,-1,+6,1700
102,2026-07-01T23:49:32+00:00,South Africa,1664,0,+17,1680
102,2026-07-01T23:49:32+00:00,Uzbekistan,1696,+6,-47,1655
102,2026-07-01T23:49:32+00:00,Cape Verde,1612,-3,+39,1648
102,2026-07-01T23:49:32+00:00,Saudi Arabia,1636,+2,+6,1644
102,2026-07-01T23:49:32+00:00,Tunisia,1692,-4,-52,1637
102,2026-07-01T23:49:32+00:00,Jordan,1650,+2,-23,1629
102,2026-07-01T23:49:32+00:00,New Zealand,1649,+5,-30,1624
102,2026-07-01T23:49:32+00:00,Haiti,1627,+7,-28,1606
102,2026-07-01T23:49:32+00:00,Iraq,1638,+4,-39,1603
102,2026-07-01T23:49:32+00:00,Curaçao,1573,+4,-10,1567
102,2026-07-01T23:49:32+00:00,Qatar,1556,+1,-17,1540
103,2026-07-02T02:23:12+00:00,Argentina,2069,-4,+19,2084
103,2026-07-02T02:23:12+00:00,France,2013,+6,+50,2069
103,2026-07-02T02:23:12+00:00,Spain,2067,-17,-6,2044
103,2026-07-02T02:23:12+00:00,Brazil,2014,-24,+22,2013
103,2026-07-02T02:23:12+00:00,England,2017,-11,-2,2004
103,2026-07-02T02:23:12+00:00,Portugal,1955,+1,+7,1963
103,2026-07-02T02:23:12+00:00,Colombia,1949,-4,+8,1954
103,2026-07-02T02:23:12+00:00,Norway,1927,+9,+7,1943
103,2026-07-02T02:23:12+00:00,Netherlands,1940,-14,+12,1939
103,2026-07-02T02:23:12+00:00,Germany,1953,-6,-21,1926
103,2026-07-02T02:23:12+00:00,Morocco,1841,+5,+52,1897
103,2026-07-02T02:23:12+00:00,Ecuador,1925,+8,-39,1894
103,2026-07-02T02:23:12+00:00,Switzerland,1872,+4,+16,1892
103,2026-07-02T02:23:12+00:00,Belgium,1878,-6,+18,1890
103,2026-07-02T02:23:12+00:00,Uruguay,1927,+1,-39,1889
103,2026-07-02T02:23:12+00:00,Mexico,1844,0,+39,1883
103,2026-07-02T02:23:12+00:00,Japan,1886,-15,+8,1879
103,2026-07-02T02:23:12+00:00,Senegal,1888,+8,-21,1875
103,2026-07-02T02:23:12+00:00,Croatia,1864,+5,-1,1868
103,2026-07-02T02:23:12+00:00,Paraguay,1857,+2,+7,1866
103,2026-07-02T02:23:12+00:00,Turkey,1882,+3,-32,1853
103,2026-07-02T02:23:12+00:00,Austria,1821,-12,+3,1812
103,2026-07-02T02:23:12+00:00,United States,1778,-11,+40,1807
103,2026-07-02T02:23:12+00:00,Ivory Coast,1771,+6,+29,1806
103,2026-07-02T02:23:12+00:00,Australia,1781,+7,+16,1804
103,2026-07-02T02:23:12+00:00,Canada,1792,-3,+2,1791
103,2026-07-02T02:23:12+00:00,Algeria,1785,+2,+0,1787
103,2026-07-02T02:23:12+00:00,Scotland,1796,-5,-23,1768
103,2026-07-02T02:23:12+00:00,Sweden,1782,-15,-2,1765
103,2026-07-02T02:23:12+00:00,DR Congo,1735,-6,+36,1765
103,2026-07-02T02:23:12+00:00,Egypt,1750,-12,+22,1760
103,2026-07-02T02:23:12+00:00,South Korea,1767,+6,-14,1759
103,2026-07-02T02:23:12+00:00,Iran,1727,-7,+7,1727
103,2026-07-02T02:23:12+00:00,Czech Republic,1756,-5,-33,1719
103,2026-07-02T02:23:12+00:00,Ghana,1676,-12,+37,1702
103,2026-07-02T02:23:12+00:00,Panama,1742,-4,-38,1701
103,2026-07-02T02:23:12+00:00,Bosnia and Herzegovina,1695,-1,-5,1689
103,2026-07-02T02:23:12+00:00,South Africa,1664,0,+17,1680
103,2026-07-02T02:23:12+00:00,Uzbekistan,1696,+6,-47,1655
103,2026-07-02T02:23:12+00:00,Cape Verde,1612,-3,+39,1648
103,2026-07-02T02:23:12+00:00,Saudi Arabia,1636,+2,+6,1644
103,2026-07-02T02:23:12+00:00,Tunisia,1692,-4,-52,1637
103,2026-07-02T02:23:12+00:00,Jordan,1650,+2,-23,1629
103,2026-07-02T02:23:12+00:00,New Zealand,1649,+5,-30,1624
103,2026-07-02T02:23:12+00:00,Haiti,1627,+7,-28,1606
103,2026-07-02T02:23:12+00:00,Iraq,1638,+4,-39,1603
103,2026-07-02T02:23:12+00:00,Curaçao,1573,+4,-10,1567
103,2026-07-02T02:23:12+00:00,Qatar,1556,+1,-17,1540
104,2026-07-02T21:59:46+00:00,Argentina,2069,-4,+19,2084
104,2026-07-02T21:59:46+00:00,France,2013,+6,+49,2069
104,2026-07-02T21:59:46+00:00,Spain,2067,-13,+8,2062
104,2026-07-02T21:59:46+00:00,Brazil,2014,-24,+22,2013
104,2026-07-02T21:59:46+00:00,England,2017,-11,-2,2004
104,2026-07-02T21:59:46+00:00,Portugal,1955,+1,+7,1963
104,2026-07-02T21:59:46+00:00,Colombia,1949,-4,+8,1954
104,2026-07-02T21:59:46+00:00,Norway,1927,+9,+7,1943
104,2026-07-02T21:59:46+00:00,Netherlands,1940,-14,+12,1939
104,2026-07-02T21:59:46+00:00,Germany,1953,-6,-21,1926
104,2026-07-02T21:59:46+00:00,Morocco,1841,+5,+52,1897
104,2026-07-02T21:59:46+00:00,Ecuador,1925,+8,-39,1894
104,2026-07-02T21:59:46+00:00,Switzerland,1872,+4,+16,1892
104,2026-07-02T21:59:46+00:00,Belgium,1878,-6,+18,1890
104,2026-07-02T21:59:46+00:00,Uruguay,1927,+1,-39,1889
104,2026-07-02T21:59:46+00:00,Mexico,1844,0,+39,1883
104,2026-07-02T21:59:46+00:00,Japan,1886,-15,+8,1879
104,2026-07-02T21:59:46+00:00,Senegal,1888,+8,-21,1875
104,2026-07-02T21:59:46+00:00,Croatia,1864,+5,-1,1868
104,2026-07-02T21:59:46+00:00,Paraguay,1857,+2,+7,1866
104,2026-07-02T21:59:46+00:00,Turkey,1882,+3,-32,1853
104,2026-07-02T21:59:46+00:00,United States,1778,-11,+40,1807
104,2026-07-02T21:59:46+00:00,Ivory Coast,1771,+6,+29,1806
104,2026-07-02T21:59:46+00:00,Australia,1781,+7,+16,1804
104,2026-07-02T21:59:46+00:00,Austria,1821,-12,-11,1798
104,2026-07-02T21:59:46+00:00,Canada,1792,-3,+2,1791
104,2026-07-02T21:59:46+00:00,Algeria,1785,+2,+0,1787
104,2026-07-02T21:59:46+00:00,Scotland,1796,-5,-23,1768
104,2026-07-02T21:59:46+00:00,Sweden,1782,-15,-2,1765
104,2026-07-02T21:59:46+00:00,DR Congo,1735,-6,+36,1765
104,2026-07-02T21:59:46+00:00,South Korea,1767,+6,-14,1759
104,2026-07-02T21:59:46+00:00,Egypt,1750,-12,+22,1759
104,2026-07-02T21:59:46+00:00,Iran,1727,-7,+7,1727
104,2026-07-02T21:59:46+00:00,Czech Republic,1756,-5,-33,1719
104,2026-07-02T21:59:46+00:00,Ghana,1676,-12,+37,1702
104,2026-07-02T21:59:46+00:00,Panama,1742,-4,-38,1701
104,2026-07-02T21:59:46+00:00,Bosnia and Herzegovina,1695,-1,-5,1689
104,2026-07-02T21:59:46+00:00,South Africa,1664,0,+17,1680
104,2026-07-02T21:59:46+00:00,Uzbekistan,1696,+6,-47,1655
104,2026-07-02T21:59:46+00:00,Cape Verde,1612,-3,+39,1648
104,2026-07-02T21:59:46+00:00,Saudi Arabia,1636,+2,+6,1644
104,2026-07-02T21:59:46+00:00,Tunisia,1692,-4,-52,1637
104,2026-07-02T21:59:46+00:00,Jordan,1650,+2,-23,1629
104,2026-07-02T21:59:46+00:00,New Zealand,1649,+5,-30,1624
104,2026-07-02T21:59:46+00:00,Haiti,1627,+7,-28,1606
104,2026-07-02T21:59:46+00:00,Iraq,1638,+4,-39,1603
104,2026-07-02T21:59:46+00:00,Curaçao,1573,+4,-10,1567
104,2026-07-02T21:59:46+00:00,Qatar,1556,+1,-17,1540
105,2026-07-03T01:33:07+00:00,Argentina,2069,-4,+19,2084
105,2026-07-03T01:33:07+00:00,France,2013,+6,+49,2069
105,2026-07-03T01:33:07+00:00,Spain,2067,-13,+8,2062
105,2026-07-03T01:33:07+00:00,Brazil,2014,-24,+22,2013
105,2026-07-03T01:33:07+00:00,England,2017,-11,-2,2004
105,2026-07-03T01:33:07+00:00,Portugal,1955,+1,+16,1972
105,2026-07-03T01:33:07+00:00,Colombia,1949,-4,+8,1954
105,2026-07-03T01:33:07+00:00,Norway,1927,+9,+7,1943
105,2026-07-03T01:33:07+00:00,Netherlands,1940,-14,+12,1939
105,2026-07-03T01:33:07+00:00,Germany,1953,-6,-21,1926
105,2026-07-03T01:33:07+00:00,Morocco,1841,+5,+52,1897
105,2026-07-03T01:33:07+00:00,Ecuador,1925,+8,-39,1894
105,2026-07-03T01:33:07+00:00,Switzerland,1872,+4,+16,1892
105,2026-07-03T01:33:07+00:00,Belgium,1878,-6,+18,1890
105,2026-07-03T01:33:07+00:00,Uruguay,1927,+1,-39,1889
105,2026-07-03T01:33:07+00:00,Mexico,1844,0,+39,1883
105,2026-07-03T01:33:07+00:00,Japan,1886,-15,+8,1879
105,2026-07-03T01:33:07+00:00,Senegal,1888,+8,-21,1875
105,2026-07-03T01:33:07+00:00,Paraguay,1857,+2,+7,1866
105,2026-07-03T01:33:07+00:00,Croatia,1864,+5,-10,1858
105,2026-07-03T01:33:07+00:00,Turkey,1882,+3,-32,1853
105,2026-07-03T01:33:07+00:00,United States,1778,-11,+40,1807
105,2026-07-03T01:33:07+00:00,Ivory Coast,1771,+6,+29,1806
105,2026-07-03T01:33:07+00:00,Australia,1781,+7,+16,1804
105,2026-07-03T01:33:07+00:00,Austria,1821,-12,-11,1798
105,2026-07-03T01:33:07+00:00,Canada,1792,-3,+2,1791
105,2026-07-03T01:33:07+00:00,Algeria,1785,+2,+0,1787
105,2026-07-03T01:33:07+00:00,Scotland,1796,-5,-23,1768
105,2026-07-03T01:33:07+00:00,Sweden,1782,-15,-2,1765
105,2026-07-03T01:33:07+00:00,DR Congo,1735,-6,+36,1765
105,2026-07-03T01:33:07+00:00,South Korea,1767,+6,-14,1759
105,2026-07-03T01:33:07+00:00,Egypt,1750,-12,+22,1759
105,2026-07-03T01:33:07+00:00,Iran,1727,-7,+7,1727
105,2026-07-03T01:33:07+00:00,Czech Republic,1756,-5,-33,1719
105,2026-07-03T01:33:07+00:00,Ghana,1676,-12,+37,1702
105,2026-07-03T01:33:07+00:00,Panama,1742,-4,-38,1701
105,2026-07-03T01:33:07+00:00,Bosnia and Herzegovina,1695,-1,-5,1689
105,2026-07-03T01:33:07+00:00,South Africa,1664,0,+17,1680
105,2026-07-03T01:33:07+00:00,Uzbekistan,1696,+6,-47,1655
105,2026-07-03T01:33:07+00:00,Cape Verde,1612,-3,+39,1648
105,2026-07-03T01:33:07+00:00,Saudi Arabia,1636,+2,+6,1644
105,2026-07-03T01:33:07+00:00,Tunisia,1692,-4,-52,1637
105,2026-07-03T01:33:07+00:00,Jordan,1650,+2,-23,1629
105,2026-07-03T01:33:07+00:00,New Zealand,1649,+5,-30,1624
105,2026-07-03T01:33:07+00:00,Haiti,1627,+7,-28,1606
105,2026-07-03T01:33:07+00:00,Iraq,1638,+4,-39,1603
105,2026-07-03T01:33:07+00:00,Curaçao,1573,+4,-10,1567
105,2026-07-03T01:33:07+00:00,Qatar,1556,+1,-17,1540
106,2026-07-03T05:01:20+00:00,Argentina,2069,-4,+19,2084
106,2026-07-03T05:01:20+00:00,France,2013,+6,+50,2069
106,2026-07-03T05:01:20+00:00,Spain,2067,-13,+8,2062
106,2026-07-03T05:01:20+00:00,Brazil,2014,-27,+22,2010
106,2026-07-03T05:01:20+00:00,England,2017,-11,-2,2004
106,2026-07-03T05:01:20+00:00,Portugal,1955,+1,+16,1972
106,2026-07-03T05:01:20+00:00,Colombia,1949,-4,+8,1954
106,2026-07-03T05:01:20+00:00,Norway,1927,+9,+7,1943
106,2026-07-03T05:01:20+00:00,Netherlands,1940,-14,+12,1939
106,2026-07-03T05:01:20+00:00,Germany,1953,-6,-21,1926
106,2026-07-03T05:01:20+00:00,Switzerland,1872,+4,+32,1908
106,2026-07-03T05:01:20+00:00,Morocco,1841,+5,+52,1897
106,2026-07-03T05:01:20+00:00,Ecuador,1925,+8,-39,1894
106,2026-07-03T05:01:20+00:00,Belgium,1878,-6,+18,1890
106,2026-07-03T05:01:20+00:00,Uruguay,1927,+1,-39,1889
106,2026-07-03T05:01:20+00:00,Mexico,1844,0,+39,1883
106,2026-07-03T05:01:20+00:00,Japan,1886,-15,+8,1879
106,2026-07-03T05:01:20+00:00,Senegal,1888,+8,-21,1875
106,2026-07-03T05:01:20+00:00,Paraguay,1857,+2,+7,1866
106,2026-07-03T05:01:20+00:00,Croatia,1864,+5,-10,1858
106,2026-07-03T05:01:20+00:00,Turkey,1882,+3,-32,1853
106,2026-07-03T05:01:20+00:00,United States,1778,-11,+40,1807
106,2026-07-03T05:01:20+00:00,Ivory Coast,1771,+4,+28,1804
106,2026-07-03T05:01:20+00:00,Australia,1781,+7,+16,1804
106,2026-07-03T05:01:20+00:00,Austria,1821,-12,-11,1798
106,2026-07-03T05:01:20+00:00,Canada,1792,-3,+2,1791
106,2026-07-03T05:01:20+00:00,Egypt,1750,+5,+22,1776
106,2026-07-03T05:01:20+00:00,Scotland,1796,-5,-23,1768
106,2026-07-03T05:01:20+00:00,Algeria,1785,-4,-15,1766
106,2026-07-03T05:01:20+00:00,DR Congo,1735,-6,+36,1765
106,2026-07-03T05:01:20+00:00,Sweden,1782,-15,-2,1765
106,2026-07-03T05:01:20+00:00,South Korea,1767,+6,-14,1759
106,2026-07-03T05:01:20+00:00,Iran,1727,-7,+7,1727
106,2026-07-03T05:01:20+00:00,Czech Republic,1756,-5,-33,1719
106,2026-07-03T05:01:20+00:00,Panama,1742,-4,-38,1701
106,2026-07-03T05:01:20+00:00,Ghana,1676,-14,+37,1699
106,2026-07-03T05:01:20+00:00,Bosnia and Herzegovina,1695,-1,-5,1689
106,2026-07-03T05:01:20+00:00,South Africa,1664,0,+17,1680
106,2026-07-03T05:01:20+00:00,Uzbekistan,1696,+6,-47,1655
106,2026-07-03T05:01:20+00:00,Cape Verde,1612,-3,+39,1648
106,2026-07-03T05:01:20+00:00,Saudi Arabia,1636,+2,+6,1644
106,2026-07-03T05:01:20+00:00,Tunisia,1692,-4,-52,1637
106,2026-07-03T05:01:20+00:00,Jordan,1650,+2,-23,1629
106,2026-07-03T05:01:20+00:00,New Zealand,1649,+5,-30,1624
106,2026-07-03T05:01:20+00:00,Haiti,1627,+7,-28,1606
106,2026-07-03T05:01:20+00:00,Iraq,1638,+4,-39,1603
106,2026-07-03T05:01:20+00:00,Curaçao,1573,+4,-10,1567
106,2026-07-03T05:01:20+00:00,Qatar,1556,+1,-17,1540
107,2026-07-03T14:45:48+00:00,Argentina,2069,-4,+19,2084
107,2026-07-03T14:45:48+00:00,France,2013,+6,+50,2069
107,2026-07-03T14:45:48+00:00,Spain,2067,-13,+8,2062
107,2026-07-03T14:45:48+00:00,Brazil,2014,-27,+22,2010
107,2026-07-03T14:45:48+00:00,England,2017,-11,-2,2004
107,2026-07-03T14:45:48+00:00,Portugal,1955,+1,+16,1972
107,2026-07-03T14:45:48+00:00,Colombia,1949,-4,+8,1954
107,2026-07-03T14:45:48+00:00,Norway,1927,+9,+7,1943
107,2026-07-03T14:45:48+00:00,Netherlands,1940,-14,+12,1939
107,2026-07-03T14:45:48+00:00,Germany,1953,-6,-21,1926
107,2026-07-03T14:45:48+00:00,Switzerland,1872,+4,+32,1908
107,2026-07-03T14:45:48+00:00,Morocco,1841,+5,+52,1897
107,2026-07-03T14:45:48+00:00,Ecuador,1925,+8,-39,1894
107,2026-07-03T14:45:48+00:00,Belgium,1878,-6,+18,1890
107,2026-07-03T14:45:48+00:00,Uruguay,1927,+1,-39,1889
107,2026-07-03T14:45:48+00:00,Mexico,1844,0,+39,1883
107,2026-07-03T14:45:48+00:00,Japan,1886,-15,+8,1879
107,2026-07-03T14:45:48+00:00,Senegal,1888,+8,-21,1875
107,2026-07-03T14:45:48+00:00,Paraguay,1857,+2,+7,1866
107,2026-07-03T14:45:48+00:00,Croatia,1864,+5,-10,1858
107,2026-07-03T14:45:48+00:00,Turkey,1882,+3,-32,1853
107,2026-07-03T14:45:48+00:00,United States,1778,-11,+40,1807
107,2026-07-03T14:45:48+00:00,Ivory Coast,1771,+4,+28,1804
107,2026-07-03T14:45:48+00:00,Australia,1781,+7,+16,1804
107,2026-07-03T14:45:48+00:00,Austria,1821,-12,-11,1798
107,2026-07-03T14:45:48+00:00,Canada,1792,-3,+2,1791
107,2026-07-03T14:45:48+00:00,Egypt,1750,+5,+22,1776
107,2026-07-03T14:45:48+00:00,Scotland,1796,-5,-23,1768
107,2026-07-03T14:45:48+00:00,Algeria,1785,-4,-15,1766
107,2026-07-03T14:45:48+00:00,DR Congo,1735,-6,+36,1765
107,2026-07-03T14:45:48+00:00,Sweden,1782,-15,-2,1765
107,2026-07-03T14:45:48+00:00,South Korea,1767,+6,-14,1759
107,2026-07-03T14:45:48+00:00,Iran,1727,-7,+7,1727
107,2026-07-03T14:45:48+00:00,Czech Republic,1756,-5,-33,1719
107,2026-07-03T14:45:48+00:00,Panama,1742,-4,-38,1701
107,2026-07-03T14:45:48+00:00,Ghana,1676,-14,+37,1699
107,2026-07-03T14:45:48+00:00,Bosnia and Herzegovina,1695,-1,-5,1689
107,2026-07-03T14:45:48+00:00,South Africa,1664,0,+17,1680
107,2026-07-03T14:45:48+00:00,Uzbekistan,1696,+6,-47,1655
107,2026-07-03T14:45:48+00:00,Cape Verde,1612,-3,+39,1648
107,2026-07-03T14:45:48+00:00,Saudi Arabia,1636,+2,+6,1644
107,2026-07-03T14:45:48+00:00,Tunisia,1692,-4,-52,1637
107,2026-07-03T14:45:48+00:00,Jordan,1650,+2,-23,1629
107,2026-07-03T14:45:48+00:00,New Zealand,1649,+5,-30,1624
107,2026-07-03T14:45:48+00:00,Haiti,1627,+7,-28,1606
107,2026-07-03T14:45:48+00:00,Iraq,1638,+4,-39,1603
107,2026-07-03T14:45:48+00:00,Curaçao,1573,+4,-10,1567
107,2026-07-03T14:45:48+00:00,Qatar,1556,+1,-17,1540
108,2026-07-03T14:48:27+00:00,Argentina,2069,-4,+19,2084
108,2026-07-03T14:48:27+00:00,France,2013,+6,+50,2069
108,2026-07-03T14:48:27+00:00,Spain,2067,-13,+8,2062
108,2026-07-03T14:48:27+00:00,Brazil,2014,-27,+22,2010
108,2026-07-03T14:48:27+00:00,England,2017,-11,-2,2004
108,2026-07-03T14:48:27+00:00,Portugal,1955,+1,+16,1972
108,2026-07-03T14:48:27+00:00,Colombia,1949,-4,+8,1954
108,2026-07-03T14:48:27+00:00,Norway,1927,+9,+7,1943
108,2026-07-03T14:48:27+00:00,Netherlands,1940,-14,+12,1939
108,2026-07-03T14:48:27+00:00,Germany,1953,-6,-21,1926
108,2026-07-03T14:48:27+00:00,Switzerland,1872,+4,+32,1908
108,2026-07-03T14:48:27+00:00,Morocco,1841,+5,+52,1897
108,2026-07-03T14:48:27+00:00,Ecuador,1925,+8,-39,1894
108,2026-07-03T14:48:27+00:00,Belgium,1878,-6,+18,1890
108,2026-07-03T14:48:27+00:00,Uruguay,1927,+1,-39,1889
108,2026-07-03T14:48:27+00:00,Mexico,1844,0,+39,1883
108,2026-07-03T14:48:27+00:00,Japan,1886,-15,+8,1879
108,2026-07-03T14:48:27+00:00,Senegal,1888,+8,-21,1875
108,2026-07-03T14:48:27+00:00,Paraguay,1857,+2,+7,1866
108,2026-07-03T14:48:27+00:00,Croatia,1864,+5,-10,1858
108,2026-07-03T14:48:27+00:00,Turkey,1882,+3,-32,1853
108,2026-07-03T14:48:27+00:00,United States,1778,-11,+40,1807
108,2026-07-03T14:48:27+00:00,Ivory Coast,1771,+4,+28,1804
108,2026-07-03T14:48:27+00:00,Australia,1781,+7,+16,1804
108,2026-07-03T14:48:27+00:00,Austria,1821,-12,-11,1798
108,2026-07-03T14:48:27+00:00,Canada,1792,-3,+2,1791
108,2026-07-03T14:48:27+00:00,Egypt,1750,+5,+22,1776
108,2026-07-03T14:48:27+00:00,Scotland,1796,-5,-23,1768
108,2026-07-03T14:48:27+00:00,Algeria,1785,-4,-15,1766
108,2026-07-03T14:48:27+00:00,DR Congo,1735,-6,+36,1765
108,2026-07-03T14:48:27+00:00,Sweden,1782,-15,-2,1765
108,2026-07-03T14:48:27+00:00,South Korea,1767,+6,-14,1759
108,2026-07-03T14:48:27+00:00,Iran,1727,-7,+7,1727
108,2026-07-03T14:48:27+00:00,Czech Republic,1756,-5,-33,1719
108,2026-07-03T14:48:27+00:00,Panama,1742,-4,-38,1701
108,2026-07-03T14:48:27+00:00,Ghana,1676,-14,+37,1699
108,2026-07-03T14:48:27+00:00,Bosnia and Herzegovina,1695,-1,-5,1689
108,2026-07-03T14:48:27+00:00,South Africa,1664,0,+17,1680
108,2026-07-03T14:48:27+00:00,Uzbekistan,1696,+6,-47,1655
108,2026-07-03T14:48:27+00:00,Cape Verde,1612,-3,+39,1648
108,2026-07-03T14:48:27+00:00,Saudi Arabia,1636,+2,+6,1644
108,2026-07-03T14:48:27+00:00,Tunisia,1692,-4,-52,1637
108,2026-07-03T14:48:27+00:00,Jordan,1650,+2,-23,1629
108,2026-07-03T14:48:27+00:00,New Zealand,1649,+5,-30,1624
108,2026-07-03T14:48:27+00:00,Haiti,1627,+7,-28,1606
108,2026-07-03T14:48:27+00:00,Iraq,1638,+4,-39,1603
108,2026-07-03T14:48:27+00:00,Curaçao,1573,+4,-10,1567
108,2026-07-03T14:48:27+00:00,Qatar,1556,+1,-17,1540
109,2026-07-03T21:14:10+00:00,Argentina,2069,-4,+19,2084
109,2026-07-03T21:14:10+00:00,France,2013,+6,+50,2069
109,2026-07-03T21:14:10+00:00,Spain,2067,-13,+8,2062
109,2026-07-03T21:14:10+00:00,Brazil,2014,-27,+22,2010
109,2026-07-03T21:14:10+00:00,England,2017,-11,-2,2004
109,2026-07-03T21:14:10+00:00,Portugal,1955,+1,+16,1972
109,2026-07-03T21:14:10+00:00,Colombia,1949,-4,+8,1954
109,2026-07-03T21:14:10+00:00,Norway,1927,+9,+7,1943
109,2026-07-03T21:14:10+00:00,Netherlands,1940,-14,+12,1939
109,2026-07-03T21:14:10+00:00,Germany,1953,-6,-21,1926
109,2026-07-03T21:14:10+00:00,Switzerland,1872,+4,+32,1908
109,2026-07-03T21:14:10+00:00,Morocco,1841,+5,+52,1897
109,2026-07-03T21:14:10+00:00,Ecuador,1925,+8,-39,1894
109,2026-07-03T21:14:10+00:00,Belgium,1878,-6,+18,1890
109,2026-07-03T21:14:10+00:00,Uruguay,1927,+1,-39,1889
109,2026-07-03T21:14:10+00:00,Mexico,1844,0,+39,1883
109,2026-07-03T21:14:10+00:00,Japan,1886,-15,+8,1879
109,2026-07-03T21:14:10+00:00,Senegal,1888,+8,-21,1875
109,2026-07-03T21:14:10+00:00,Paraguay,1857,+2,+7,1866
109,2026-07-03T21:14:10+00:00,Croatia,1864,+5,-10,1858
109,2026-07-03T21:14:10+00:00,Turkey,1882,+3,-32,1853
109,2026-07-03T21:14:10+00:00,United States,1778,-11,+40,1807
109,2026-07-03T21:14:10+00:00,Ivory Coast,1771,+4,+28,1804
109,2026-07-03T21:14:10+00:00,Austria,1821,-12,-11,1798
109,2026-07-03T21:14:10+00:00,Australia,1781,+7,+5,1793
109,2026-07-03T21:14:10+00:00,Canada,1792,-3,+2,1791
109,2026-07-03T21:14:10+00:00,Egypt,1750,+6,+33,1789
109,2026-07-03T21:14:10+00:00,Scotland,1796,-5,-23,1768
109,2026-07-03T21:14:10+00:00,Algeria,1785,-4,-15,1766
109,2026-07-03T21:14:10+00:00,Sweden,1782,-15,-2,1765
109,2026-07-03T21:14:10+00:00,DR Congo,1735,-6,+36,1765
109,2026-07-03T21:14:10+00:00,South Korea,1767,+6,-14,1759
109,2026-07-03T21:14:10+00:00,Iran,1727,-7,+7,1727
109,2026-07-03T21:14:10+00:00,Czech Republic,1756,-5,-33,1719
109,2026-07-03T21:14:10+00:00,Panama,1742,-4,-38,1701
109,2026-07-03T21:14:10+00:00,Ghana,1676,-14,+37,1699
109,2026-07-03T21:14:10+00:00,Bosnia and Herzegovina,1695,-1,-5,1689
109,2026-07-03T21:14:10+00:00,South Africa,1664,0,+17,1680
109,2026-07-03T21:14:10+00:00,Uzbekistan,1696,+6,-47,1655
109,2026-07-03T21:14:10+00:00,Cape Verde,1612,-3,+39,1648
109,2026-07-03T21:14:10+00:00,Saudi Arabia,1636,+2,+6,1644
109,2026-07-03T21:14:10+00:00,Tunisia,1692,-4,-52,1637
109,2026-07-03T21:14:10+00:00,Jordan,1650,+2,-23,1629
109,2026-07-03T21:14:10+00:00,New Zealand,1649,+5,-30,1624
109,2026-07-03T21:14:10+00:00,Haiti,1627,+7,-28,1606
109,2026-07-03T21:14:10+00:00,Iraq,1638,+4,-39,1603
109,2026-07-03T21:14:10+00:00,Curaçao,1573,+4,-10,1567
109,2026-07-03T21:14:10+00:00,Qatar,1556,+1,-17,1540
110,2026-07-04T01:02:24+00:00,Argentina,2069,-4,+6,2071
110,2026-07-04T01:02:24+00:00,France,2013,+6,+50,2069
110,2026-07-04T01:02:24+00:00,Spain,2067,-13,+8,2062
110,2026-07-04T01:02:24+00:00,Brazil,2014,-27,+22,2010
110,2026-07-04T01:02:24+00:00,England,2017,-11,-2,2004
110,2026-07-04T01:02:24+00:00,Portugal,1955,+1,+16,1972
110,2026-07-04T01:02:24+00:00,Colombia,1949,-4,+8,1954
110,2026-07-04T01:02:24+00:00,Norway,1927,+9,+7,1943
110,2026-07-04T01:02:24+00:00,Netherlands,1940,-14,+12,1939
110,2026-07-04T01:02:24+00:00,Germany,1953,-6,-21,1926
110,2026-07-04T01:02:24+00:00,Switzerland,1872,+4,+32,1908
110,2026-07-04T01:02:24+00:00,Morocco,1841,+5,+52,1897
110,2026-07-04T01:02:24+00:00,Ecuador,1925,+8,-39,1894
110,2026-07-04T01:02:24+00:00,Belgium,1878,-6,+18,1890
110,2026-07-04T01:02:24+00:00,Uruguay,1927,+1,-39,1889
110,2026-07-04T01:02:24+00:00,Mexico,1844,0,+39,1883
110,2026-07-04T01:02:24+00:00,Japan,1886,-15,+8,1879
110,2026-07-04T01:02:24+00:00,Senegal,1888,+8,-21,1875
110,2026-07-04T01:02:24+00:00,Paraguay,1857,+2,+7,1866
110,2026-07-04T01:02:24+00:00,Croatia,1864,+5,-10,1858
110,2026-07-04T01:02:24+00:00,Turkey,1882,+3,-32,1853
110,2026-07-04T01:02:24+00:00,United States,1778,-11,+40,1807
110,2026-07-04T01:02:24+00:00,Ivory Coast,1771,+4,+28,1804
110,2026-07-04T01:02:24+00:00,Austria,1821,-12,-11,1798
110,2026-07-04T01:02:24+00:00,Australia,1781,+7,+5,1793
110,2026-07-04T01:02:24+00:00,Canada,1792,-3,+2,1791
110,2026-07-04T01:02:24+00:00,Egypt,1750,+6,+33,1789
110,2026-07-04T01:02:24+00:00,Scotland,1796,-5,-23,1768
110,2026-07-04T01:02:24+00:00,Algeria,1785,-4,-15,1766
110,2026-07-04T01:02:24+00:00,DR Congo,1735,-6,+36,1765
110,2026-07-04T01:02:24+00:00,Sweden,1782,-15,-2,1765
110,2026-07-04T01:02:24+00:00,South Korea,1767,+6,-14,1759
110,2026-07-04T01:02:24+00:00,Iran,1727,-7,+7,1727
110,2026-07-04T01:02:24+00:00,Czech Republic,1756,-5,-33,1719
110,2026-07-04T01:02:24+00:00,Panama,1742,-4,-38,1701
110,2026-07-04T01:02:24+00:00,Ghana,1676,-14,+37,1699
110,2026-07-04T01:02:24+00:00,Bosnia and Herzegovina,1695,-1,-5,1689
110,2026-07-04T01:02:24+00:00,South Africa,1664,0,+17,1680
110,2026-07-04T01:02:24+00:00,Cape Verde,1612,-3,+53,1662
110,2026-07-04T01:02:24+00:00,Uzbekistan,1696,+6,-47,1655
110,2026-07-04T01:02:24+00:00,Saudi Arabia,1636,+2,+6,1644
110,2026-07-04T01:02:24+00:00,Tunisia,1692,-4,-52,1637
110,2026-07-04T01:02:24+00:00,Jordan,1650,+2,-23,1629
110,2026-07-04T01:02:24+00:00,New Zealand,1649,+5,-30,1624
110,2026-07-04T01:02:24+00:00,Haiti,1627,+7,-28,1606
110,2026-07-04T01:02:24+00:00,Iraq,1638,+4,-39,1603
110,2026-07-04T01:02:24+00:00,Curaçao,1573,+4,-10,1567
110,2026-07-04T01:02:24+00:00,Qatar,1556,+1,-17,1540
111,2026-07-04T03:37:38+00:00,Argentina,2069,-4,+6,2071
111,2026-07-04T03:37:38+00:00,France,2013,+6,+50,2069
111,2026-07-04T03:37:38+00:00,Spain,2067,-13,+8,2062
111,2026-07-04T03:37:38+00:00,Brazil,2014,-27,+22,2010
111,2026-07-04T03:37:38+00:00,England,2017,-11,-2,2004
111,2026-07-04T03:37:38+00:00,Portugal,1955,+1,+16,1972
111,2026-07-04T03:37:38+00:00,Colombia,1949,-4,+3,1949
111,2026-07-04T03:37:38+00:00,Norway,1927,+9,+7,1943
111,2026-07-04T03:37:38+00:00,Netherlands,1940,-14,+12,1939
111,2026-07-04T03:37:38+00:00,Germany,1953,-6,-21,1926
111,2026-07-04T03:37:38+00:00,Switzerland,1872,+4,+32,1908
111,2026-07-04T03:37:38+00:00,Morocco,1841,+5,+52,1897
111,2026-07-04T03:37:38+00:00,Ecuador,1925,+8,-39,1894
111,2026-07-04T03:37:38+00:00,Belgium,1878,-6,+18,1890
111,2026-07-04T03:37:38+00:00,Uruguay,1927,+1,-39,1889
111,2026-07-04T03:37:38+00:00,Mexico,1844,0,+39,1883
111,2026-07-04T03:37:38+00:00,Japan,1886,-15,+8,1879
111,2026-07-04T03:37:38+00:00,Senegal,1888,+8,-21,1875
111,2026-07-04T03:37:38+00:00,Paraguay,1857,+2,+7,1866
111,2026-07-04T03:37:38+00:00,Croatia,1864,+5,-10,1858
111,2026-07-04T03:37:38+00:00,Turkey,1882,+3,-32,1853
111,2026-07-04T03:37:38+00:00,United States,1778,-11,+40,1807
111,2026-07-04T03:37:38+00:00,Ivory Coast,1771,+4,+28,1804
111,2026-07-04T03:37:38+00:00,Austria,1821,-12,-11,1798
111,2026-07-04T03:37:38+00:00,Australia,1781,+7,+5,1793
111,2026-07-04T03:37:38+00:00,Canada,1792,-3,+2,1791
111,2026-07-04T03:37:38+00:00,Egypt,1750,+6,+33,1789
111,2026-07-04T03:37:38+00:00,Scotland,1796,-5,-23,1768
111,2026-07-04T03:37:38+00:00,Algeria,1785,-4,-15,1766
111,2026-07-04T03:37:38+00:00,Sweden,1782,-15,-2,1765
111,2026-07-04T03:37:38+00:00,DR Congo,1735,-6,+36,1765
111,2026-07-04T03:37:38+00:00,South Korea,1767,+6,-14,1759
111,2026-07-04T03:37:38+00:00,Iran,1727,-7,+7,1727
111,2026-07-04T03:37:38+00:00,Czech Republic,1756,-5,-33,1719
111,2026-07-04T03:37:38+00:00,Ghana,1676,-14,+42,1704
111,2026-07-04T03:37:38+00:00,Panama,1742,-4,-38,1701
111,2026-07-04T03:37:38+00:00,Bosnia and Herzegovina,1695,-1,-5,1689
111,2026-07-04T03:37:38+00:00,South Africa,1664,0,+17,1680
111,2026-07-04T03:37:38+00:00,Cape Verde,1612,-3,+53,1662
111,2026-07-04T03:37:38+00:00,Uzbekistan,1696,+6,-47,1655
111,2026-07-04T03:37:38+00:00,Saudi Arabia,1636,+2,+6,1644
111,2026-07-04T03:37:38+00:00,Tunisia,1692,-4,-52,1637
111,2026-07-04T03:37:38+00:00,Jordan,1650,+2,-23,1629
111,2026-07-04T03:37:38+00:00,New Zealand,1649,+5,-30,1624
111,2026-07-04T03:37:38+00:00,Haiti,1627,+7,-28,1606
111,2026-07-04T03:37:38+00:00,Iraq,1638,+4,-39,1603
111,2026-07-04T03:37:38+00:00,Curaçao,1573,+4,-10,1567
111,2026-07-04T03:37:38+00:00,Qatar,1556,+1,-17,1540
112,2026-07-04T19:29:21+00:00,Argentina,2069,-4,+6,2071
112,2026-07-04T19:29:21+00:00,France,2013,+6,+50,2069
112,2026-07-04T19:29:21+00:00,Spain,2067,-13,+8,2062
112,2026-07-04T19:29:21+00:00,Brazil,2014,-27,+22,2010
112,2026-07-04T19:29:21+00:00,England,2017,-11,-2,2004
112,2026-07-04T19:29:21+00:00,Portugal,1955,+1,+16,1972
112,2026-07-04T19:29:21+00:00,Colombia,1949,-4,+3,1949
112,2026-07-04T19:29:21+00:00,Norway,1927,+9,+7,1943
112,2026-07-04T19:29:21+00:00,Netherlands,1940,-14,+12,1939
112,2026-07-04T19:29:21+00:00,Germany,1953,-6,-21,1926
112,2026-07-04T19:29:21+00:00,Morocco,1841,-4,+78,1916
112,2026-07-04T19:29:21+00:00,Switzerland,1872,+4,+32,1908
112,2026-07-04T19:29:21+00:00,Ecuador,1925,+8,-39,1894
112,2026-07-04T19:29:21+00:00,Belgium,1878,-6,+18,1890
112,2026-07-04T19:29:21+00:00,Uruguay,1927,+1,-39,1889
112,2026-07-04T19:29:21+00:00,Mexico,1844,0,+39,1883
112,2026-07-04T19:29:21+00:00,Japan,1886,-15,+8,1879
112,2026-07-04T19:29:21+00:00,Senegal,1888,+8,-21,1875
112,2026-07-04T19:29:21+00:00,Paraguay,1857,+2,+7,1866
112,2026-07-04T19:29:21+00:00,Croatia,1864,+5,-10,1858
112,2026-07-04T19:29:21+00:00,Turkey,1882,+3,-32,1853
112,2026-07-04T19:29:21+00:00,United States,1778,-11,+40,1807
112,2026-07-04T19:29:21+00:00,Ivory Coast,1771,+4,+28,1804
112,2026-07-04T19:29:21+00:00,Austria,1821,-12,-11,1798
112,2026-07-04T19:29:21+00:00,Australia,1781,+7,+5,1793
112,2026-07-04T19:29:21+00:00,Egypt,1750,+6,+33,1789
112,2026-07-04T19:29:21+00:00,Scotland,1796,-5,-23,1768
112,2026-07-04T19:29:21+00:00,Algeria,1785,-4,-15,1766
112,2026-07-04T19:29:21+00:00,DR Congo,1735,-6,+36,1765
112,2026-07-04T19:29:21+00:00,Sweden,1782,-15,-2,1765
112,2026-07-04T19:29:21+00:00,Canada,1792,-3,-25,1764
112,2026-07-04T19:29:21+00:00,South Korea,1767,+6,-14,1759
112,2026-07-04T19:29:21+00:00,Iran,1727,-7,+7,1727
112,2026-07-04T19:29:21+00:00,Czech Republic,1756,-5,-33,1719
112,2026-07-04T19:29:21+00:00,Ghana,1676,-14,+42,1704
112,2026-07-04T19:29:21+00:00,Panama,1742,-4,-38,1701
112,2026-07-04T19:29:21+00:00,Bosnia and Herzegovina,1695,-1,-5,1689
112,2026-07-04T19:29:21+00:00,South Africa,1664,0,+17,1680
112,2026-07-04T19:29:21+00:00,Cape Verde,1612,-3,+53,1662
112,2026-07-04T19:29:21+00:00,Uzbekistan,1696,+6,-47,1655
112,2026-07-04T19:29:21+00:00,Saudi Arabia,1636,+2,+6,1644
112,2026-07-04T19:29:21+00:00,Tunisia,1692,-4,-52,1637
112,2026-07-04T19:29:21+00:00,Jordan,1650,+2,-23,1629
112,2026-07-04T19:29:21+00:00,New Zealand,1649,+5,-30,1624
112,2026-07-04T19:29:21+00:00,Haiti,1627,+7,-28,1606
112,2026-07-04T19:29:21+00:00,Iraq,1638,+4,-39,1603
112,2026-07-04T19:29:21+00:00,Curaçao,1573,+4,-10,1567
112,2026-07-04T19:29:21+00:00,Qatar,1556,+1,-17,1540
113,2026-07-04T19:33:41+00:00,Argentina,2069,-4,+6,2071
113,2026-07-04T19:33:41+00:00,France,2013,+6,+50,2069
113,2026-07-04T19:33:41+00:00,Spain,2067,-13,+8,2062
113,2026-07-04T19:33:41+00:00,Brazil,2014,-27,+22,2010
113,2026-07-04T19:33:41+00:00,England,2017,-11,-2,2004
113,2026-07-04T19:33:41+00:00,Portugal,1955,+1,+16,1972
113,2026-07-04T19:33:41+00:00,Colombia,1949,-4,+3,1949
113,2026-07-04T19:33:41+00:00,Norway,1927,+9,+7,1943
113,2026-07-04T19:33:41+00:00,Netherlands,1940,-14,+12,1939
113,2026-07-04T19:33:41+00:00,Germany,1953,-6,-21,1926
113,2026-07-04T19:33:41+00:00,Morocco,1841,-4,+78,1916
113,2026-07-04T19:33:41+00:00,Switzerland,1872,+4,+32,1908
113,2026-07-04T19:33:41+00:00,Ecuador,1925,+8,-39,1894
113,2026-07-04T19:33:41+00:00,Belgium,1878,-6,+18,1890
113,2026-07-04T19:33:41+00:00,Uruguay,1927,+1,-39,1889
113,2026-07-04T19:33:41+00:00,Mexico,1844,0,+39,1883
113,2026-07-04T19:33:41+00:00,Japan,1886,-15,+8,1879
113,2026-07-04T19:33:41+00:00,Senegal,1888,+8,-21,1875
113,2026-07-04T19:33:41+00:00,Paraguay,1857,+2,+7,1866
113,2026-07-04T19:33:41+00:00,Croatia,1864,+5,-10,1858
113,2026-07-04T19:33:41+00:00,Turkey,1882,+3,-32,1853
113,2026-07-04T19:33:41+00:00,United States,1778,-11,+40,1807
113,2026-07-04T19:33:41+00:00,Ivory Coast,1771,+4,+28,1804
113,2026-07-04T19:33:41+00:00,Austria,1821,-12,-11,1798
113,2026-07-04T19:33:41+00:00,Australia,1781,+7,+5,1793
113,2026-07-04T19:33:41+00:00,Egypt,1750,+6,+33,1789
113,2026-07-04T19:33:41+00:00,Scotland,1796,-5,-23,1768
113,2026-07-04T19:33:41+00:00,Algeria,1785,-4,-15,1766
113,2026-07-04T19:33:41+00:00,DR Congo,1735,-6,+36,1765
113,2026-07-04T19:33:41+00:00,Sweden,1782,-15,-2,1765
113,2026-07-04T19:33:41+00:00,Canada,1792,-3,-25,1764
113,2026-07-04T19:33:41+00:00,South Korea,1767,+6,-14,1759
113,2026-07-04T19:33:41+00:00,Iran,1727,-7,+7,1727
113,2026-07-04T19:33:41+00:00,Czech Republic,1756,-5,-33,1719
113,2026-07-04T19:33:41+00:00,Ghana,1676,-14,+42,1704
113,2026-07-04T19:33:41+00:00,Panama,1742,-4,-38,1701
113,2026-07-04T19:33:41+00:00,Bosnia and Herzegovina,1695,-1,-5,1689
113,2026-07-04T19:33:41+00:00,South Africa,1664,0,+17,1680
113,2026-07-04T19:33:41+00:00,Cape Verde,1612,-3,+53,1662
113,2026-07-04T19:33:41+00:00,Uzbekistan,1696,+6,-47,1655
113,2026-07-04T19:33:41+00:00,Saudi Arabia,1636,+2,+6,1644
113,2026-07-04T19:33:41+00:00,Tunisia,1692,-4,-52,1637
113,2026-07-04T19:33:41+00:00,Jordan,1650,+2,-23,1629
113,2026-07-04T19:33:41+00:00,New Zealand,1649,+5,-30,1624
113,2026-07-04T19:33:41+00:00,Haiti,1627,+7,-28,1606
113,2026-07-04T19:33:41+00:00,Iraq,1638,+4,-39,1603
113,2026-07-04T19:33:41+00:00,Curaçao,1573,+4,-10,1567
113,2026-07-04T19:33:41+00:00,Qatar,1556,+1,-17,1540
114,2026-07-04T23:11:58+00:00,Argentina,2069,-4,+6,2071
114,2026-07-04T23:11:58+00:00,France,2013,+6,+50,2069
114,2026-07-04T23:11:58+00:00,Spain,2067,-13,+8,2062
114,2026-07-04T23:11:58+00:00,Brazil,2014,-27,+22,2010
114,2026-07-04T23:11:58+00:00,England,2017,-11,-2,2004
114,2026-07-04T23:11:58+00:00,Portugal,1955,+1,+16,1972
114,2026-07-04T23:11:58+00:00,Colombia,1949,-4,+3,1949
114,2026-07-04T23:11:58+00:00,Norway,1927,+9,+7,1943
114,2026-07-04T23:11:58+00:00,Netherlands,1940,-14,+12,1939
114,2026-07-04T23:11:58+00:00,Germany,1953,-6,-21,1926
114,2026-07-04T23:11:58+00:00,Morocco,1841,-4,+78,1916
114,2026-07-04T23:11:58+00:00,Switzerland,1872,+4,+32,1908
114,2026-07-04T23:11:58+00:00,Ecuador,1925,+8,-39,1894
114,2026-07-04T23:11:58+00:00,Belgium,1878,-6,+18,1890
114,2026-07-04T23:11:58+00:00,Uruguay,1927,+1,-39,1889
114,2026-07-04T23:11:58+00:00,Mexico,1844,0,+39,1883
114,2026-07-04T23:11:58+00:00,Japan,1886,-15,+8,1879
114,2026-07-04T23:11:58+00:00,Senegal,1888,+8,-21,1875
114,2026-07-04T23:11:58+00:00,Paraguay,1857,+2,+7,1866
114,2026-07-04T23:11:58+00:00,Croatia,1864,+5,-10,1858
114,2026-07-04T23:11:58+00:00,Turkey,1882,+3,-32,1853
114,2026-07-04T23:11:58+00:00,United States,1778,-11,+40,1807
114,2026-07-04T23:11:58+00:00,Ivory Coast,1771,+4,+28,1804
114,2026-07-04T23:11:58+00:00,Austria,1821,-12,-11,1798
114,2026-07-04T23:11:58+00:00,Australia,1781,+7,+5,1793
114,2026-07-04T23:11:58+00:00,Egypt,1750,+6,+33,1789
114,2026-07-04T23:11:58+00:00,Scotland,1796,-5,-23,1768
114,2026-07-04T23:11:58+00:00,Algeria,1785,-4,-15,1766
114,2026-07-04T23:11:58+00:00,DR Congo,1735,-6,+36,1765
114,2026-07-04T23:11:58+00:00,Sweden,1782,-15,-2,1765
114,2026-07-04T23:11:58+00:00,Canada,1792,-3,-25,1764
114,2026-07-04T23:11:58+00:00,South Korea,1767,+6,-14,1759
114,2026-07-04T23:11:58+00:00,Iran,1727,-7,+7,1727
114,2026-07-04T23:11:58+00:00,Czech Republic,1756,-5,-33,1719
114,2026-07-04T23:11:58+00:00,Ghana,1676,-14,+42,1704
114,2026-07-04T23:11:58+00:00,Panama,1742,-4,-38,1701
114,2026-07-04T23:11:58+00:00,Bosnia and Herzegovina,1695,-1,-5,1689
114,2026-07-04T23:11:58+00:00,South Africa,1664,0,+17,1680
114,2026-07-04T23:11:58+00:00,Cape Verde,1612,-3,+53,1662
114,2026-07-04T23:11:58+00:00,Uzbekistan,1696,+6,-47,1655
114,2026-07-04T23:11:58+00:00,Saudi Arabia,1636,+2,+6,1644
114,2026-07-04T23:11:58+00:00,Tunisia,1692,-4,-52,1637
114,2026-07-04T23:11:58+00:00,Jordan,1650,+2,-23,1629
114,2026-07-04T23:11:58+00:00,New Zealand,1649,+5,-30,1624
114,2026-07-04T23:11:58+00:00,Haiti,1627,+7,-28,1606
114,2026-07-04T23:11:58+00:00,Iraq,1638,+4,-39,1603
114,2026-07-04T23:11:58+00:00,Curaçao,1573,+4,-10,1567
114,2026-07-04T23:11:58+00:00,Qatar,1556,+1,-17,1540
115,2026-07-04T23:24:10+00:00,Argentina,2069,-4,+6,2071
115,2026-07-04T23:24:10+00:00,France,2013,+6,+50,2069
115,2026-07-04T23:24:10+00:00,Spain,2067,-13,+8,2062
115,2026-07-04T23:24:10+00:00,Brazil,2014,-27,+22,2010
115,2026-07-04T23:24:10+00:00,England,2017,-11,-2,2004
115,2026-07-04T23:24:10+00:00,Portugal,1955,+1,+16,1972
115,2026-07-04T23:24:10+00:00,Colombia,1949,-4,+3,1949
115,2026-07-04T23:24:10+00:00,Norway,1927,+9,+7,1943
115,2026-07-04T23:24:10+00:00,Netherlands,1940,-14,+12,1939
115,2026-07-04T23:24:10+00:00,Germany,1953,-6,-21,1926
115,2026-07-04T23:24:10+00:00,Morocco,1841,-4,+78,1916
115,2026-07-04T23:24:10+00:00,Switzerland,1872,+4,+32,1908
115,2026-07-04T23:24:10+00:00,Ecuador,1925,+8,-39,1894
115,2026-07-04T23:24:10+00:00,Belgium,1878,-6,+18,1890
115,2026-07-04T23:24:10+00:00,Uruguay,1927,+1,-39,1889
115,2026-07-04T23:24:10+00:00,Mexico,1844,0,+39,1883
115,2026-07-04T23:24:10+00:00,Japan,1886,-15,+8,1879
115,2026-07-04T23:24:10+00:00,Senegal,1888,+8,-21,1875
115,2026-07-04T23:24:10+00:00,Paraguay,1857,+2,+8,1866
115,2026-07-04T23:24:10+00:00,Croatia,1864,+5,-10,1858
115,2026-07-04T23:24:10+00:00,Turkey,1882,+3,-32,1853
115,2026-07-04T23:24:10+00:00,United States,1778,-11,+40,1807
115,2026-07-04T23:24:10+00:00,Ivory Coast,1771,+4,+28,1804
115,2026-07-04T23:24:10+00:00,Austria,1821,-12,-11,1798
115,2026-07-04T23:24:10+00:00,Australia,1781,+7,+5,1793
115,2026-07-04T23:24:10+00:00,Egypt,1750,+6,+33,1789
115,2026-07-04T23:24:10+00:00,Scotland,1796,-5,-23,1768
115,2026-07-04T23:24:10+00:00,Algeria,1785,-4,-15,1766
115,2026-07-04T23:24:10+00:00,DR Congo,1735,-6,+36,1765
115,2026-07-04T23:24:10+00:00,Sweden,1782,-15,-2,1765
115,2026-07-04T23:24:10+00:00,Canada,1792,-3,-25,1764
115,2026-07-04T23:24:10+00:00,South Korea,1767,+6,-14,1759
115,2026-07-04T23:24:10+00:00,Iran,1727,-7,+7,1727
115,2026-07-04T23:24:10+00:00,Czech Republic,1756,-5,-33,1719
115,2026-07-04T23:24:10+00:00,Ghana,1676,-14,+42,1704
115,2026-07-04T23:24:10+00:00,Panama,1742,-4,-38,1701
115,2026-07-04T23:24:10+00:00,Bosnia and Herzegovina,1695,-1,-5,1689
115,2026-07-04T23:24:10+00:00,South Africa,1664,0,+17,1680
115,2026-07-04T23:24:10+00:00,Cape Verde,1612,-3,+53,1662
115,2026-07-04T23:24:10+00:00,Uzbekistan,1696,+6,-47,1655
115,2026-07-04T23:24:10+00:00,Saudi Arabia,1636,+2,+6,1644
115,2026-07-04T23:24:10+00:00,Tunisia,1692,-4,-52,1637
115,2026-07-04T23:24:10+00:00,Jordan,1650,+2,-23,1629
115,2026-07-04T23:24:10+00:00,New Zealand,1649,+5,-30,1624
115,2026-07-04T23:24:10+00:00,Haiti,1627,+7,-28,1606
115,2026-07-04T23:24:10+00:00,Iraq,1638,+4,-39,1603
115,2026-07-04T23:24:10+00:00,Curaçao,1573,+4,-10,1567
115,2026-07-04T23:24:10+00:00,Qatar,1556,+1,-17,1540
116,2026-07-05T17:33:19+00:00,Argentina,2069,-4,+6,2071
116,2026-07-05T17:33:19+00:00,France,2013,+6,+50,2069
116,2026-07-05T17:33:19+00:00,Spain,2067,-13,+8,2062
116,2026-07-05T17:33:19+00:00,Brazil,2014,-27,+22,2010
116,2026-07-05T17:33:19+00:00,England,2017,-11,-2,2004
116,2026-07-05T17:33:19+00:00,Portugal,1955,+1,+16,1972
116,2026-07-05T17:33:19+00:00,Colombia,1949,-4,+3,1949
116,2026-07-05T17:33:19+00:00,Norway,1927,+9,+7,1943
116,2026-07-05T17:33:19+00:00,Netherlands,1940,-14,+12,1939
116,2026-07-05T17:33:19+00:00,Germany,1953,-6,-21,1926
116,2026-07-05T17:33:19+00:00,Morocco,1841,-4,+78,1916
116,2026-07-05T17:33:19+00:00,Switzerland,1872,+4,+32,1908
116,2026-07-05T17:33:19+00:00,Ecuador,1925,+8,-39,1894
116,2026-07-05T17:33:19+00:00,Belgium,1878,-6,+18,1890
116,2026-07-05T17:33:19+00:00,Uruguay,1927,+1,-39,1889
116,2026-07-05T17:33:19+00:00,Mexico,1844,0,+39,1883
116,2026-07-05T17:33:19+00:00,Japan,1886,-15,+8,1879
116,2026-07-05T17:33:19+00:00,Senegal,1888,+8,-21,1875
116,2026-07-05T17:33:19+00:00,Paraguay,1857,+2,+8,1866
116,2026-07-05T17:33:19+00:00,Croatia,1864,+5,-10,1858
116,2026-07-05T17:33:19+00:00,Turkey,1882,+3,-32,1853
116,2026-07-05T17:33:19+00:00,United States,1778,-2,+40,1816
116,2026-07-05T17:33:19+00:00,Ivory Coast,1771,+4,+28,1804
116,2026-07-05T17:33:19+00:00,Austria,1821,-12,-11,1798
116,2026-07-05T17:33:19+00:00,Australia,1781,+7,+5,1793
116,2026-07-05T17:33:19+00:00,Egypt,1750,+6,+33,1789
116,2026-07-05T17:33:19+00:00,Scotland,1796,-5,-23,1768
116,2026-07-05T17:33:19+00:00,Algeria,1785,-4,-15,1766
116,2026-07-05T17:33:19+00:00,Sweden,1782,-15,-2,1765
116,2026-07-05T17:33:19+00:00,DR Congo,1735,-6,+36,1765
116,2026-07-05T17:33:19+00:00,Canada,1792,-3,-25,1764
116,2026-07-05T17:33:19+00:00,South Korea,1767,+6,-14,1759
116,2026-07-05T17:33:19+00:00,Iran,1727,-7,+7,1727
116,2026-07-05T17:33:19+00:00,Czech Republic,1756,-5,-33,1719
116,2026-07-05T17:33:19+00:00,Ghana,1676,-14,+42,1704
116,2026-07-05T17:33:19+00:00,Panama,1742,-4,-38,1701
116,2026-07-05T17:33:19+00:00,Bosnia and Herzegovina,1695,-1,-5,1689
116,2026-07-05T17:33:19+00:00,South Africa,1664,0,+17,1680
116,2026-07-05T17:33:19+00:00,Cape Verde,1612,-3,+53,1662
116,2026-07-05T17:33:19+00:00,Uzbekistan,1696,+6,-47,1655
116,2026-07-05T17:33:19+00:00,Saudi Arabia,1636,+2,+6,1644
116,2026-07-05T17:33:19+00:00,Tunisia,1692,-4,-52,1637
116,2026-07-05T17:33:19+00:00,Jordan,1650,+2,-23,1629
116,2026-07-05T17:33:19+00:00,New Zealand,1649,+5,-30,1624
116,2026-07-05T17:33:19+00:00,Haiti,1627,+7,-28,1606
116,2026-07-05T17:33:19+00:00,Iraq,1638,+4,-39,1603
116,2026-07-05T17:33:19+00:00,Curaçao,1573,+4,-10,1567
116,2026-07-05T17:33:19+00:00,Qatar,1556,+1,-17,1540
117,2026-07-05T22:23:14+00:00,Argentina,2069,-4,+6,2071
117,2026-07-05T22:23:14+00:00,France,2013,+6,+50,2069
117,2026-07-05T22:23:14+00:00,Spain,2067,-13,+8,2062
117,2026-07-05T22:23:14+00:00,England,2017,-11,-2,2004
117,2026-07-05T22:23:14+00:00,Brazil,2014,-27,+0,1987
117,2026-07-05T22:23:14+00:00,Portugal,1955,+1,+16,1972
117,2026-07-05T22:23:14+00:00,Norway,1927,+9,+30,1966
117,2026-07-05T22:23:14+00:00,Colombia,1949,-4,+3,1949
117,2026-07-05T22:23:14+00:00,Netherlands,1940,-14,+12,1939
117,2026-07-05T22:23:14+00:00,Germany,1953,-6,-21,1926
117,2026-07-05T22:23:14+00:00,Morocco,1841,-4,+78,1916
117,2026-07-05T22:23:14+00:00,Switzerland,1872,+4,+32,1908
117,2026-07-05T22:23:14+00:00,Ecuador,1925,+8,-39,1894
117,2026-07-05T22:23:14+00:00,Belgium,1878,-6,+18,1890
117,2026-07-05T22:23:14+00:00,Uruguay,1927,+1,-39,1889
117,2026-07-05T22:23:14+00:00,Mexico,1844,0,+39,1883
117,2026-07-05T22:23:14+00:00,Japan,1886,-15,+8,1879
117,2026-07-05T22:23:14+00:00,Senegal,1888,+8,-21,1875
117,2026-07-05T22:23:14+00:00,Paraguay,1857,+2,+8,1866
117,2026-07-05T22:23:14+00:00,Croatia,1864,+5,-10,1858
117,2026-07-05T22:23:14+00:00,Turkey,1882,+3,-32,1853
117,2026-07-05T22:23:14+00:00,United States,1778,-2,+40,1816
117,2026-07-05T22:23:14+00:00,Ivory Coast,1771,+4,+28,1804
117,2026-07-05T22:23:14+00:00,Austria,1821,-12,-11,1798
117,2026-07-05T22:23:14+00:00,Australia,1781,+7,+5,1793
117,2026-07-05T22:23:14+00:00,Egypt,1750,+6,+33,1789
117,2026-07-05T22:23:14+00:00,Scotland,1796,-5,-23,1768
117,2026-07-05T22:23:14+00:00,Algeria,1785,-4,-15,1766
117,2026-07-05T22:23:14+00:00,Sweden,1782,-15,-2,1765
117,2026-07-05T22:23:14+00:00,DR Congo,1735,-6,+36,1765
117,2026-07-05T22:23:14+00:00,Canada,1792,-3,-25,1764
117,2026-07-05T22:23:14+00:00,South Korea,1767,+6,-14,1759
117,2026-07-05T22:23:14+00:00,Iran,1727,-7,+7,1727
117,2026-07-05T22:23:14+00:00,Czech Republic,1756,-5,-33,1719
117,2026-07-05T22:23:14+00:00,Ghana,1676,-14,+42,1704
117,2026-07-05T22:23:14+00:00,Panama,1742,-4,-38,1701
117,2026-07-05T22:23:14+00:00,Bosnia and Herzegovina,1695,-1,-5,1689
117,2026-07-05T22:23:14+00:00,South Africa,1664,0,+17,1680
117,2026-07-05T22:23:14+00:00,Cape Verde,1612,-3,+53,1662
117,2026-07-05T22:23:14+00:00,Uzbekistan,1696,+6,-47,1655
117,2026-07-05T22:23:14+00:00,Saudi Arabia,1636,+2,+6,1644
117,2026-07-05T22:23:14+00:00,Tunisia,1692,-4,-52,1637
117,2026-07-05T22:23:14+00:00,Jordan,1650,+2,-23,1629
117,2026-07-05T22:23:14+00:00,New Zealand,1649,+5,-30,1624
117,2026-07-05T22:23:14+00:00,Haiti,1627,+7,-28,1606
117,2026-07-05T22:23:14+00:00,Iraq,1638,+4,-39,1603
117,2026-07-05T22:23:14+00:00,Curaçao,1573,+4,-10,1567
117,2026-07-05T22:23:14+00:00,Qatar,1556,+1,-17,1540
118,2026-07-06T00:00:35+00:00,Argentina,2069,-4,+6,2071
118,2026-07-06T00:00:35+00:00,France,2013,+6,+50,2069
118,2026-07-06T00:00:35+00:00,Spain,2067,-13,+8,2062
118,2026-07-06T00:00:35+00:00,England,2017,-11,-2,2004
118,2026-07-06T00:00:35+00:00,Brazil,2014,-27,+0,1987
118,2026-07-06T00:00:35+00:00,Portugal,1955,+1,+16,1972
118,2026-07-06T00:00:35+00:00,Norway,1927,+9,+30,1966
118,2026-07-06T00:00:35+00:00,Colombia,1949,-4,+3,1949
118,2026-07-06T00:00:35+00:00,Netherlands,1940,-14,+12,1939
118,2026-07-06T00:00:35+00:00,Germany,1953,-6,-21,1926
118,2026-07-06T00:00:35+00:00,Morocco,1841,-4,+78,1916
118,2026-07-06T00:00:35+00:00,Switzerland,1872,+4,+32,1908
118,2026-07-06T00:00:35+00:00,Ecuador,1925,+8,-39,1894
118,2026-07-06T00:00:35+00:00,Belgium,1878,-6,+18,1890
118,2026-07-06T00:00:35+00:00,Uruguay,1927,+1,-39,1889
118,2026-07-06T00:00:35+00:00,Mexico,1844,0,+39,1883
118,2026-07-06T00:00:35+00:00,Japan,1886,-15,+8,1879
118,2026-07-06T00:00:35+00:00,Senegal,1888,+8,-21,1875
118,2026-07-06T00:00:35+00:00,Paraguay,1857,+2,+8,1866
118,2026-07-06T00:00:35+00:00,Croatia,1864,+5,-10,1858
118,2026-07-06T00:00:35+00:00,Turkey,1882,+3,-32,1853
118,2026-07-06T00:00:35+00:00,United States,1778,-2,+40,1816
118,2026-07-06T00:00:35+00:00,Ivory Coast,1771,+4,+28,1804
118,2026-07-06T00:00:35+00:00,Austria,1821,-12,-11,1798
118,2026-07-06T00:00:35+00:00,Australia,1781,+7,+5,1793
118,2026-07-06T00:00:35+00:00,Egypt,1750,+6,+33,1789
118,2026-07-06T00:00:35+00:00,Scotland,1796,-5,-23,1768
118,2026-07-06T00:00:35+00:00,Algeria,1785,-4,-15,1766
118,2026-07-06T00:00:35+00:00,DR Congo,1735,-6,+36,1765
118,2026-07-06T00:00:35+00:00,Sweden,1782,-15,-2,1765
118,2026-07-06T00:00:35+00:00,Canada,1792,-3,-25,1764
118,2026-07-06T00:00:35+00:00,South Korea,1767,+6,-14,1759
118,2026-07-06T00:00:35+00:00,Iran,1727,-7,+7,1727
118,2026-07-06T00:00:35+00:00,Czech Republic,1756,-5,-33,1719
118,2026-07-06T00:00:35+00:00,Ghana,1676,-14,+42,1704
118,2026-07-06T00:00:35+00:00,Panama,1742,-4,-38,1701
118,2026-07-06T00:00:35+00:00,Bosnia and Herzegovina,1695,-1,-5,1689
118,2026-07-06T00:00:35+00:00,South Africa,1664,0,+17,1680
118,2026-07-06T00:00:35+00:00,Cape Verde,1612,-3,+53,1662
118,2026-07-06T00:00:35+00:00,Uzbekistan,1696,+6,-47,1655
118,2026-07-06T00:00:35+00:00,Saudi Arabia,1636,+2,+6,1644
118,2026-07-06T00:00:35+00:00,Tunisia,1692,-4,-52,1637
118,2026-07-06T00:00:35+00:00,Jordan,1650,+2,-23,1629
118,2026-07-06T00:00:35+00:00,New Zealand,1649,+5,-30,1624
118,2026-07-06T00:00:35+00:00,Haiti,1627,+7,-28,1606
118,2026-07-06T00:00:35+00:00,Iraq,1638,+4,-39,1603
118,2026-07-06T00:00:35+00:00,Curaçao,1573,+4,-10,1567
118,2026-07-06T00:00:35+00:00,Qatar,1556,+1,-17,1540
119,2026-07-06T03:30:51+00:00,Argentina,2069,-4,+6,2071
119,2026-07-06T03:30:51+00:00,France,2013,+6,+50,2069
119,2026-07-06T03:30:51+00:00,Spain,2067,-13,+8,2062
119,2026-07-06T03:30:51+00:00,England,2017,-7,+17,2028
119,2026-07-06T03:30:51+00:00,Brazil,2014,-27,+0,1987
119,2026-07-06T03:30:51+00:00,Portugal,1955,+1,+16,1972
119,2026-07-06T03:30:51+00:00,Norway,1927,+9,+30,1966
119,2026-07-06T03:30:51+00:00,Colombia,1949,-4,+3,1949
119,2026-07-06T03:30:51+00:00,Netherlands,1940,-14,+12,1939
119,2026-07-06T03:30:51+00:00,Germany,1953,-6,-21,1926
119,2026-07-06T03:30:51+00:00,Morocco,1841,-4,+78,1916
119,2026-07-06T03:30:51+00:00,Switzerland,1872,+4,+32,1908
119,2026-07-06T03:30:51+00:00,Ecuador,1925,+8,-39,1894
119,2026-07-06T03:30:51+00:00,Belgium,1878,-6,+18,1890
119,2026-07-06T03:30:51+00:00,Uruguay,1927,+1,-39,1889
119,2026-07-06T03:30:51+00:00,Japan,1886,-15,+8,1879
119,2026-07-06T03:30:51+00:00,Senegal,1888,+8,-21,1875
119,2026-07-06T03:30:51+00:00,Paraguay,1857,+2,+8,1866
119,2026-07-06T03:30:51+00:00,Mexico,1844,0,+19,1864
119,2026-07-06T03:30:51+00:00,Croatia,1864,+5,-10,1858
119,2026-07-06T03:30:51+00:00,Turkey,1882,+3,-32,1853
119,2026-07-06T03:30:51+00:00,United States,1778,-2,+40,1816
119,2026-07-06T03:30:51+00:00,Ivory Coast,1771,+4,+28,1804
119,2026-07-06T03:30:51+00:00,Austria,1821,-12,-11,1798
119,2026-07-06T03:30:51+00:00,Australia,1781,+7,+5,1793
119,2026-07-06T03:30:51+00:00,Egypt,1750,+6,+33,1789
119,2026-07-06T03:30:51+00:00,Scotland,1796,-5,-23,1768
119,2026-07-06T03:30:51+00:00,Algeria,1785,-4,-15,1766
119,2026-07-06T03:30:51+00:00,Sweden,1782,-15,-2,1765
119,2026-07-06T03:30:51+00:00,DR Congo,1735,-6,+36,1765
119,2026-07-06T03:30:51+00:00,Canada,1792,-3,-25,1764
119,2026-07-06T03:30:51+00:00,South Korea,1767,+6,-14,1759
119,2026-07-06T03:30:51+00:00,Iran,1727,-7,+7,1727
119,2026-07-06T03:30:51+00:00,Czech Republic,1756,-5,-33,1719
119,2026-07-06T03:30:51+00:00,Ghana,1676,-14,+42,1704
119,2026-07-06T03:30:51+00:00,Panama,1742,-4,-38,1701
119,2026-07-06T03:30:51+00:00,Bosnia and Herzegovina,1695,-1,-5,1689
119,2026-07-06T03:30:51+00:00,South Africa,1664,0,+17,1680
119,2026-07-06T03:30:51+00:00,Cape Verde,1612,-3,+53,1662
119,2026-07-06T03:30:51+00:00,Uzbekistan,1696,+6,-47,1655
119,2026-07-06T03:30:51+00:00,Saudi Arabia,1636,+2,+6,1644
119,2026-07-06T03:30:51+00:00,Tunisia,1692,-4,-52,1637
119,2026-07-06T03:30:51+00:00,Jordan,1650,+2,-23,1629
119,2026-07-06T03:30:51+00:00,New Zealand,1649,+5,-30,1624
119,2026-07-06T03:30:51+00:00,Haiti,1627,+7,-28,1606
119,2026-07-06T03:30:51+00:00,Iraq,1638,+4,-39,1603
119,2026-07-06T03:30:51+00:00,Curaçao,1573,+4,-10,1567
119,2026-07-06T03:30:51+00:00,Qatar,1556,+1,-17,1540
120,2026-07-06T21:25:18+00:00,Spain,2067,-13,+19,2073
120,2026-07-06T21:25:18+00:00,Argentina,2069,-4,+6,2071
120,2026-07-06T21:25:18+00:00,France,2013,+6,+49,2069
120,2026-07-06T21:25:18+00:00,England,2017,-9,+17,2025
120,2026-07-06T21:25:18+00:00,Brazil,2014,-27,+0,1987
120,2026-07-06T21:25:18+00:00,Norway,1927,+9,+30,1966
120,2026-07-06T21:25:18+00:00,Portugal,1955,+1,+5,1961
120,2026-07-06T21:25:18+00:00,Colombia,1949,-4,+3,1949
120,2026-07-06T21:25:18+00:00,Netherlands,1940,-14,+12,1939
120,2026-07-06T21:25:18+00:00,Germany,1953,-6,-21,1926
120,2026-07-06T21:25:18+00:00,Morocco,1841,-4,+78,1916
120,2026-07-06T21:25:18+00:00,Switzerland,1872,+4,+32,1908
120,2026-07-06T21:25:18+00:00,Ecuador,1925,+8,-39,1894
120,2026-07-06T21:25:18+00:00,Belgium,1878,-6,+18,1890
120,2026-07-06T21:25:18+00:00,Uruguay,1927,+1,-39,1889
120,2026-07-06T21:25:18+00:00,Japan,1886,-15,+8,1879
120,2026-07-06T21:25:18+00:00,Senegal,1888,+8,-21,1875
120,2026-07-06T21:25:18+00:00,Paraguay,1857,+2,+8,1866
120,2026-07-06T21:25:18+00:00,Mexico,1844,0,+19,1864
120,2026-07-06T21:25:18+00:00,Croatia,1864,+5,-10,1858
120,2026-07-06T21:25:18+00:00,Turkey,1882,+3,-32,1853
120,2026-07-06T21:25:18+00:00,United States,1778,-2,+40,1816
120,2026-07-06T21:25:18+00:00,Ivory Coast,1771,+4,+28,1804
120,2026-07-06T21:25:18+00:00,Austria,1821,-12,-11,1798
120,2026-07-06T21:25:18+00:00,Australia,1781,+7,+5,1793
120,2026-07-06T21:25:18+00:00,Egypt,1750,+6,+33,1789
120,2026-07-06T21:25:18+00:00,Scotland,1796,-5,-23,1768
120,2026-07-06T21:25:18+00:00,Algeria,1785,-4,-15,1766
120,2026-07-06T21:25:18+00:00,Sweden,1782,-15,-2,1765
120,2026-07-06T21:25:18+00:00,DR Congo,1735,-6,+36,1765
120,2026-07-06T21:25:18+00:00,Canada,1792,-3,-25,1764
120,2026-07-06T21:25:18+00:00,South Korea,1767,+6,-14,1759
120,2026-07-06T21:25:18+00:00,Iran,1727,-7,+7,1727
120,2026-07-06T21:25:18+00:00,Czech Republic,1756,-5,-33,1719
120,2026-07-06T21:25:18+00:00,Ghana,1676,-14,+42,1704
120,2026-07-06T21:25:18+00:00,Panama,1742,-4,-38,1701
120,2026-07-06T21:25:18+00:00,Bosnia and Herzegovina,1695,-1,-5,1689
120,2026-07-06T21:25:18+00:00,South Africa,1664,0,+17,1680
120,2026-07-06T21:25:18+00:00,Cape Verde,1612,-3,+53,1662
120,2026-07-06T21:25:18+00:00,Uzbekistan,1696,+6,-47,1655
120,2026-07-06T21:25:18+00:00,Saudi Arabia,1636,+2,+6,1644
120,2026-07-06T21:25:18+00:00,Tunisia,1692,-4,-52,1637
120,2026-07-06T21:25:18+00:00,Jordan,1650,+2,-23,1629
120,2026-07-06T21:25:18+00:00,New Zealand,1649,+5,-30,1624
120,2026-07-06T21:25:18+00:00,Haiti,1627,+7,-28,1606
120,2026-07-06T21:25:18+00:00,Iraq,1638,+4,-39,1603
120,2026-07-06T21:25:18+00:00,Curaçao,1573,+4,-10,1567
120,2026-07-06T21:25:18+00:00,Qatar,1556,+1,-17,1540
121,2026-07-07T02:19:16+00:00,Spain,2067,-13,+19,2073
121,2026-07-07T02:19:16+00:00,Argentina,2069,-4,+6,2071
121,2026-07-07T02:19:16+00:00,France,2013,+6,+50,2069
121,2026-07-07T02:19:16+00:00,England,2017,-9,+17,2025
121,2026-07-07T02:19:16+00:00,Brazil,2014,-27,+0,1987
121,2026-07-07T02:19:16+00:00,Norway,1927,+9,+30,1966
121,2026-07-07T02:19:16+00:00,Portugal,1955,+1,+5,1961
121,2026-07-07T02:19:16+00:00,Colombia,1949,-4,+3,1949
121,2026-07-07T02:19:16+00:00,Netherlands,1940,-14,+12,1939
121,2026-07-07T02:19:16+00:00,Germany,1953,-6,-21,1926
121,2026-07-07T02:19:16+00:00,Morocco,1841,-4,+78,1916
121,2026-07-07T02:19:16+00:00,Belgium,1878,-15,+52,1915
121,2026-07-07T02:19:16+00:00,Switzerland,1872,+4,+32,1908
121,2026-07-07T02:19:16+00:00,Ecuador,1925,+8,-39,1894
121,2026-07-07T02:19:16+00:00,Uruguay,1927,+1,-39,1889
121,2026-07-07T02:19:16+00:00,Japan,1886,-15,+8,1879
121,2026-07-07T02:19:16+00:00,Senegal,1888,+8,-21,1875
121,2026-07-07T02:19:16+00:00,Paraguay,1857,+2,+8,1866
121,2026-07-07T02:19:16+00:00,Mexico,1844,0,+19,1864
121,2026-07-07T02:19:16+00:00,Croatia,1864,+5,-10,1858
121,2026-07-07T02:19:16+00:00,Turkey,1882,+3,-32,1853
121,2026-07-07T02:19:16+00:00,Ivory Coast,1771,+4,+28,1804
121,2026-07-07T02:19:16+00:00,Austria,1821,-12,-11,1798
121,2026-07-07T02:19:16+00:00,Australia,1781,+7,+5,1793
121,2026-07-07T02:19:16+00:00,Egypt,1750,+6,+33,1789
121,2026-07-07T02:19:16+00:00,United States,1778,-2,+6,1783
121,2026-07-07T02:19:16+00:00,Scotland,1796,-5,-23,1768
121,2026-07-07T02:19:16+00:00,Algeria,1785,-4,-15,1766
121,2026-07-07T02:19:16+00:00,Sweden,1782,-15,-2,1765
121,2026-07-07T02:19:16+00:00,DR Congo,1735,-6,+36,1765
121,2026-07-07T02:19:16+00:00,Canada,1792,-3,-25,1764
121,2026-07-07T02:19:16+00:00,South Korea,1767,+6,-14,1759
121,2026-07-07T02:19:16+00:00,Iran,1727,-7,+7,1727
121,2026-07-07T02:19:16+00:00,Czech Republic,1756,-5,-33,1719
121,2026-07-07T02:19:16+00:00,Ghana,1676,-14,+42,1704
121,2026-07-07T02:19:16+00:00,Panama,1742,-4,-38,1701
121,2026-07-07T02:19:16+00:00,Bosnia and Herzegovina,1695,-1,-5,1689
121,2026-07-07T02:19:16+00:00,South Africa,1664,0,+17,1680
121,2026-07-07T02:19:16+00:00,Cape Verde,1612,-3,+53,1662
121,2026-07-07T02:19:16+00:00,Uzbekistan,1696,+6,-47,1655
121,2026-07-07T02:19:16+00:00,Saudi Arabia,1636,+2,+6,1644
121,2026-07-07T02:19:16+00:00,Tunisia,1692,-4,-52,1637
121,2026-07-07T02:19:16+00:00,Jordan,1650,+2,-23,1629
121,2026-07-07T02:19:16+00:00,New Zealand,1649,+5,-30,1624
121,2026-07-07T02:19:16+00:00,Haiti,1627,+7,-28,1606
121,2026-07-07T02:19:16+00:00,Iraq,1638,+4,-39,1603
121,2026-07-07T02:19:16+00:00,Curaçao,1573,+4,-10,1567
121,2026-07-07T02:19:16+00:00,Qatar,1556,+1,-17,1540
122,2026-07-07T18:19:58+00:00,Spain,2067,-13,+19,2073
122,2026-07-07T18:19:58+00:00,France,2013,+6,+49,2069
122,2026-07-07T18:19:58+00:00,Argentina,2069,-4,+0,2065
122,2026-07-07T18:19:58+00:00,England,2017,-9,+17,2025
122,2026-07-07T18:19:58+00:00,Brazil,2014,-27,+0,1987
122,2026-07-07T18:19:58+00:00,Norway,1927,+9,+30,1966
122,2026-07-07T18:19:58+00:00,Portugal,1955,+1,+5,1961
122,2026-07-07T18:19:58+00:00,Colombia,1949,-4,+3,1949
122,2026-07-07T18:19:58+00:00,Netherlands,1940,-14,+12,1939
122,2026-07-07T18:19:58+00:00,Germany,1953,-6,-21,1926
122,2026-07-07T18:19:58+00:00,Morocco,1841,-4,+78,1916
122,2026-07-07T18:19:58+00:00,Belgium,1878,-15,+52,1915
122,2026-07-07T18:19:58+00:00,Switzerland,1872,+4,+32,1908
122,2026-07-07T18:19:58+00:00,Ecuador,1925,+8,-39,1894
122,2026-07-07T18:19:58+00:00,Uruguay,1927,+1,-39,1889
122,2026-07-07T18:19:58+00:00,Japan,1886,-15,+8,1879
122,2026-07-07T18:19:58+00:00,Senegal,1888,+8,-21,1875
122,2026-07-07T18:19:58+00:00,Paraguay,1857,+2,+8,1866
122,2026-07-07T18:19:58+00:00,Mexico,1844,0,+19,1864
122,2026-07-07T18:19:58+00:00,Croatia,1864,+5,-10,1858
122,2026-07-07T18:19:58+00:00,Turkey,1882,+3,-32,1853
122,2026-07-07T18:19:58+00:00,Ivory Coast,1771,+4,+28,1804
122,2026-07-07T18:19:58+00:00,Austria,1821,-12,-11,1798
122,2026-07-07T18:19:58+00:00,Egypt,1750,+6,+39,1795
122,2026-07-07T18:19:58+00:00,Australia,1781,+7,+5,1793
122,2026-07-07T18:19:58+00:00,United States,1778,-2,+6,1783
122,2026-07-07T18:19:58+00:00,Scotland,1796,-5,-23,1768
122,2026-07-07T18:19:58+00:00,Algeria,1785,-4,-15,1766
122,2026-07-07T18:19:58+00:00,DR Congo,1735,-6,+36,1765
122,2026-07-07T18:19:58+00:00,Sweden,1782,-15,-2,1765
122,2026-07-07T18:19:58+00:00,Canada,1792,-3,-25,1764
122,2026-07-07T18:19:58+00:00,South Korea,1767,+6,-14,1759
122,2026-07-07T18:19:58+00:00,Iran,1727,-7,+7,1727
122,2026-07-07T18:19:58+00:00,Czech Republic,1756,-5,-33,1719
122,2026-07-07T18:19:58+00:00,Ghana,1676,-14,+42,1704
122,2026-07-07T18:19:58+00:00,Panama,1742,-4,-38,1701
122,2026-07-07T18:19:58+00:00,Bosnia and Herzegovina,1695,-1,-5,1689
122,2026-07-07T18:19:58+00:00,South Africa,1664,0,+17,1680
122,2026-07-07T18:19:58+00:00,Cape Verde,1612,-3,+53,1662
122,2026-07-07T18:19:58+00:00,Uzbekistan,1696,+6,-47,1655
122,2026-07-07T18:19:58+00:00,Saudi Arabia,1636,+2,+6,1644
122,2026-07-07T18:19:58+00:00,Tunisia,1692,-4,-52,1637
122,2026-07-07T18:19:58+00:00,Jordan,1650,+2,-23,1629
122,2026-07-07T18:19:58+00:00,New Zealand,1649,+5,-30,1624
122,2026-07-07T18:19:58+00:00,Haiti,1627,+7,-28,1606
122,2026-07-07T18:19:58+00:00,Iraq,1638,+4,-39,1603
122,2026-07-07T18:19:58+00:00,Curaçao,1573,+4,-10,1567
122,2026-07-07T18:19:58+00:00,Qatar,1556,+1,-17,1540
123,2026-07-07T23:13:33+00:00,Spain,2067,-13,+19,2073
123,2026-07-07T23:13:33+00:00,France,2013,+6,+50,2069
123,2026-07-07T23:13:33+00:00,Argentina,2069,-4,+0,2065
123,2026-07-07T23:13:33+00:00,England,2017,-9,+17,2025
123,2026-07-07T23:13:33+00:00,Brazil,2014,-27,+0,1987
123,2026-07-07T23:13:33+00:00,Norway,1927,+9,+30,1966
123,2026-07-07T23:13:33+00:00,Portugal,1955,+1,+5,1961
123,2026-07-07T23:13:33+00:00,Netherlands,1940,-14,+12,1939
123,2026-07-07T23:13:33+00:00,Colombia,1949,-4,-11,1935
123,2026-07-07T23:13:33+00:00,Germany,1953,-6,-21,1926
123,2026-07-07T23:13:33+00:00,Switzerland,1872,+4,+46,1922
123,2026-07-07T23:13:33+00:00,Morocco,1841,-4,+78,1916
123,2026-07-07T23:13:33+00:00,Belgium,1878,-15,+52,1915
123,2026-07-07T23:13:33+00:00,Ecuador,1925,+8,-39,1894
123,2026-07-07T23:13:33+00:00,Uruguay,1927,+1,-39,1889
123,2026-07-07T23:13:33+00:00,Japan,1886,-15,+8,1879
123,2026-07-07T23:13:33+00:00,Senegal,1888,+8,-21,1875
123,2026-07-07T23:13:33+00:00,Paraguay,1857,+2,+8,1866
123,2026-07-07T23:13:33+00:00,Mexico,1844,0,+19,1864
123,2026-07-07T23:13:33+00:00,Croatia,1864,+5,-10,1858
123,2026-07-07T23:13:33+00:00,Turkey,1882,+3,-32,1853
123,2026-07-07T23:13:33+00:00,Ivory Coast,1771,+4,+28,1804
123,2026-07-07T23:13:33+00:00,Austria,1821,-12,-11,1798
123,2026-07-07T23:13:33+00:00,Egypt,1750,+6,+39,1795
123,2026-07-07T23:13:33+00:00,Australia,1781,+7,+5,1793
123,2026-07-07T23:13:33+00:00,United States,1778,-2,+6,1783
123,2026-07-07T23:13:33+00:00,Scotland,1796,-5,-23,1768
123,2026-07-07T23:13:33+00:00,Algeria,1785,-4,-15,1766
123,2026-07-07T23:13:33+00:00,Sweden,1782,-15,-2,1765
123,2026-07-07T23:13:33+00:00,DR Congo,1735,-6,+36,1765
123,2026-07-07T23:13:33+00:00,Canada,1792,-3,-25,1764
123,2026-07-07T23:13:33+00:00,South Korea,1767,+6,-14,1759
123,2026-07-07T23:13:33+00:00,Iran,1727,-7,+7,1727
123,2026-07-07T23:13:33+00:00,Czech Republic,1756,-5,-33,1719
123,2026-07-07T23:13:33+00:00,Ghana,1676,-14,+42,1704
123,2026-07-07T23:13:33+00:00,Panama,1742,-4,-38,1701
123,2026-07-07T23:13:33+00:00,Bosnia and Herzegovina,1695,-1,-5,1689
123,2026-07-07T23:13:33+00:00,South Africa,1664,0,+17,1680
123,2026-07-07T23:13:33+00:00,Cape Verde,1612,-3,+53,1662
123,2026-07-07T23:13:33+00:00,Uzbekistan,1696,+6,-47,1655
123,2026-07-07T23:13:33+00:00,Saudi Arabia,1636,+2,+6,1644
123,2026-07-07T23:13:33+00:00,Tunisia,1692,-4,-52,1637
123,2026-07-07T23:13:33+00:00,Jordan,1650,+2,-23,1629
123,2026-07-07T23:13:33+00:00,New Zealand,1649,+5,-30,1624
123,2026-07-07T23:13:33+00:00,Haiti,1627,+7,-28,1606
123,2026-07-07T23:13:33+00:00,Iraq,1638,+4,-39,1603
123,2026-07-07T23:13:33+00:00,Curaçao,1573,+4,-10,1567
123,2026-07-07T23:13:33+00:00,Qatar,1556,+1,-17,1540
124,2026-07-10T02:40:47+00:00,France,2013,+6,+61,2081
124,2026-07-10T02:40:47+00:00,Spain,2067,-13,+19,2073
124,2026-07-10T02:40:47+00:00,Argentina,2069,-4,+0,2065
124,2026-07-10T02:40:47+00:00,England,2017,-9,+17,2025
124,2026-07-10T02:40:47+00:00,Brazil,2014,-27,+0,1987
124,2026-07-10T02:40:47+00:00,Norway,1927,+9,+30,1966
124,2026-07-10T02:40:47+00:00,Portugal,1955,+1,+5,1961
124,2026-07-10T02:40:47+00:00,Netherlands,1940,-14,+12,1939
124,2026-07-10T02:40:47+00:00,Colombia,1949,-4,-11,1935
124,2026-07-10T02:40:47+00:00,Germany,1953,-6,-21,1926
124,2026-07-10T02:40:47+00:00,Switzerland,1872,+4,+46,1922
124,2026-07-10T02:40:47+00:00,Belgium,1878,-15,+52,1915
124,2026-07-10T02:40:47+00:00,Morocco,1841,-4,+66,1904
124,2026-07-10T02:40:47+00:00,Ecuador,1925,+8,-39,1894
124,2026-07-10T02:40:47+00:00,Uruguay,1927,+1,-39,1889
124,2026-07-10T02:40:47+00:00,Japan,1886,-15,+8,1879
124,2026-07-10T02:40:47+00:00,Senegal,1888,+8,-21,1875
124,2026-07-10T02:40:47+00:00,Paraguay,1857,+2,+8,1866
124,2026-07-10T02:40:47+00:00,Mexico,1844,0,+19,1864
124,2026-07-10T02:40:47+00:00,Croatia,1864,+5,-10,1858
124,2026-07-10T02:40:47+00:00,Turkey,1882,+3,-32,1853
124,2026-07-10T02:40:47+00:00,Ivory Coast,1771,+4,+28,1804
124,2026-07-10T02:40:47+00:00,Austria,1821,-12,-11,1798
124,2026-07-10T02:40:47+00:00,Egypt,1750,+6,+39,1795
124,2026-07-10T02:40:47+00:00,Australia,1781,+7,+5,1793
124,2026-07-10T02:40:47+00:00,United States,1778,-2,+6,1783
124,2026-07-10T02:40:47+00:00,Scotland,1796,-5,-23,1768
124,2026-07-10T02:40:47+00:00,Algeria,1785,-4,-15,1766
124,2026-07-10T02:40:47+00:00,DR Congo,1735,-6,+36,1765
124,2026-07-10T02:40:47+00:00,Sweden,1782,-15,-2,1765
124,2026-07-10T02:40:47+00:00,Canada,1792,-3,-25,1764
124,2026-07-10T02:40:47+00:00,South Korea,1767,+6,-14,1759
124,2026-07-10T02:40:47+00:00,Iran,1727,-7,+7,1727
124,2026-07-10T02:40:47+00:00,Czech Republic,1756,-5,-33,1719
124,2026-07-10T02:40:47+00:00,Ghana,1676,-14,+42,1704
124,2026-07-10T02:40:47+00:00,Panama,1742,-4,-38,1701
124,2026-07-10T02:40:47+00:00,Bosnia and Herzegovina,1695,-1,-5,1689
124,2026-07-10T02:40:47+00:00,South Africa,1664,0,+17,1680
124,2026-07-10T02:40:47+00:00,Cape Verde,1612,-3,+53,1662
124,2026-07-10T02:40:47+00:00,Uzbekistan,1696,+6,-47,1655
124,2026-07-10T02:40:47+00:00,Saudi Arabia,1636,+2,+6,1644
124,2026-07-10T02:40:47+00:00,Tunisia,1692,-4,-52,1637
124,2026-07-10T02:40:47+00:00,Jordan,1650,+2,-23,1629
124,2026-07-10T02:40:47+00:00,New Zealand,1649,+5,-30,1624
124,2026-07-10T02:40:47+00:00,Haiti,1627,+7,-28,1606
124,2026-07-10T02:40:47+00:00,Iraq,1638,+4,-39,1603
124,2026-07-10T02:40:47+00:00,Curaçao,1573,+4,-10,1567
124,2026-07-10T02:40:47+00:00,Qatar,1556,+1,-17,1540
125,2026-07-10T21:28:27+00:00,France,2013,+6,+61,2081
125,2026-07-10T21:28:27+00:00,Spain,2067,-12,+24,2079
125,2026-07-10T21:28:27+00:00,Argentina,2069,-4,+0,2065
125,2026-07-10T21:28:27+00:00,England,2017,-9,+17,2025
125,2026-07-10T21:28:27+00:00,Brazil,2014,-27,+0,1987
125,2026-07-10T21:28:27+00:00,Norway,1927,+9,+30,1966
125,2026-07-10T21:28:27+00:00,Portugal,1955,+1,+5,1961
125,2026-07-10T21:28:27+00:00,Netherlands,1940,-14,+12,1939
125,2026-07-10T21:28:27+00:00,Colombia,1949,-4,-11,1935
125,2026-07-10T21:28:27+00:00,Germany,1953,-6,-21,1926
125,2026-07-10T21:28:27+00:00,Switzerland,1872,+4,+46,1922
125,2026-07-10T21:28:27+00:00,Morocco,1841,-4,+66,1904
125,2026-07-10T21:28:27+00:00,Belgium,1878,-21,+47,1904
125,2026-07-10T21:28:27+00:00,Ecuador,1925,+8,-39,1894
125,2026-07-10T21:28:27+00:00,Uruguay,1927,+1,-39,1889
125,2026-07-10T21:28:27+00:00,Japan,1886,-15,+8,1879
125,2026-07-10T21:28:27+00:00,Senegal,1888,+8,-21,1875
125,2026-07-10T21:28:27+00:00,Paraguay,1857,+2,+8,1866
125,2026-07-10T21:28:27+00:00,Mexico,1844,0,+19,1864
125,2026-07-10T21:28:27+00:00,Croatia,1864,+5,-10,1858
125,2026-07-10T21:28:27+00:00,Turkey,1882,+3,-32,1853
125,2026-07-10T21:28:27+00:00,Ivory Coast,1771,+4,+28,1804
125,2026-07-10T21:28:27+00:00,Austria,1821,-12,-11,1798
125,2026-07-10T21:28:27+00:00,Egypt,1750,+6,+39,1795
125,2026-07-10T21:28:27+00:00,Australia,1781,+7,+5,1793
125,2026-07-10T21:28:27+00:00,United States,1778,-2,+6,1783
125,2026-07-10T21:28:27+00:00,Scotland,1796,-5,-23,1768
125,2026-07-10T21:28:27+00:00,Algeria,1785,-4,-15,1766
125,2026-07-10T21:28:27+00:00,Sweden,1782,-15,-2,1765
125,2026-07-10T21:28:27+00:00,DR Congo,1735,-6,+36,1765
125,2026-07-10T21:28:27+00:00,Canada,1792,-3,-25,1764
125,2026-07-10T21:28:27+00:00,South Korea,1767,+6,-14,1759
125,2026-07-10T21:28:27+00:00,Iran,1727,-7,+7,1727
125,2026-07-10T21:28:27+00:00,Czech Republic,1756,-5,-33,1719
125,2026-07-10T21:28:27+00:00,Ghana,1676,-14,+42,1704
125,2026-07-10T21:28:27+00:00,Panama,1742,-4,-38,1701
125,2026-07-10T21:28:27+00:00,Bosnia and Herzegovina,1695,-1,-5,1689
125,2026-07-10T21:28:27+00:00,South Africa,1664,0,+17,1680
125,2026-07-10T21:28:27+00:00,Cape Verde,1612,-3,+53,1662
125,2026-07-10T21:28:27+00:00,Uzbekistan,1696,+6,-47,1655
125,2026-07-10T21:28:27+00:00,Saudi Arabia,1636,+2,+6,1644
125,2026-07-10T21:28:27+00:00,Tunisia,1692,-4,-52,1637
125,2026-07-10T21:28:27+00:00,Jordan,1650,+2,-23,1629
125,2026-07-10T21:28:27+00:00,New Zealand,1649,+5,-30,1624
125,2026-07-10T21:28:27+00:00,Haiti,1627,+7,-28,1606
125,2026-07-10T21:28:27+00:00,Iraq,1638,+4,-39,1603
125,2026-07-10T21:28:27+00:00,Curaçao,1573,+4,-10,1567
125,2026-07-10T21:28:27+00:00,Qatar,1556,+1,-17,1540
126,2026-07-12T00:01:26+00:00,France,2013,+6,+61,2081
126,2026-07-12T00:01:26+00:00,Spain,2067,-12,+24,2079
126,2026-07-12T00:01:26+00:00,Argentina,2069,-4,+0,2065
126,2026-07-12T00:01:26+00:00,England,2017,-9,+30,2038
126,2026-07-12T00:01:26+00:00,Brazil,2014,-27,+0,1987
126,2026-07-12T00:01:26+00:00,Portugal,1955,+1,+5,1961
126,2026-07-12T00:01:26+00:00,Norway,1927,+9,+17,1953
126,2026-07-12T00:01:26+00:00,Netherlands,1940,-14,+12,1939
126,2026-07-12T00:01:26+00:00,Colombia,1949,-4,-11,1935
126,2026-07-12T00:01:26+00:00,Germany,1953,-6,-21,1926
126,2026-07-12T00:01:26+00:00,Switzerland,1872,+4,+46,1922
126,2026-07-12T00:01:26+00:00,Belgium,1878,-21,+47,1904
126,2026-07-12T00:01:26+00:00,Morocco,1841,-4,+66,1904
126,2026-07-12T00:01:26+00:00,Ecuador,1925,+8,-39,1894
126,2026-07-12T00:01:26+00:00,Uruguay,1927,+1,-39,1889
126,2026-07-12T00:01:26+00:00,Japan,1886,-15,+8,1879
126,2026-07-12T00:01:26+00:00,Senegal,1888,+8,-21,1875
126,2026-07-12T00:01:26+00:00,Paraguay,1857,+2,+8,1866
126,2026-07-12T00:01:26+00:00,Mexico,1844,0,+19,1864
126,2026-07-12T00:01:26+00:00,Croatia,1864,+5,-10,1858
126,2026-07-12T00:01:26+00:00,Turkey,1882,+3,-32,1853
126,2026-07-12T00:01:26+00:00,Ivory Coast,1771,+4,+28,1804
126,2026-07-12T00:01:26+00:00,Austria,1821,-12,-11,1798
126,2026-07-12T00:01:26+00:00,Egypt,1750,+6,+39,1795
126,2026-07-12T00:01:26+00:00,Australia,1781,+7,+5,1793
126,2026-07-12T00:01:26+00:00,United States,1778,-2,+6,1783
126,2026-07-12T00:01:26+00:00,Scotland,1796,-5,-23,1768
126,2026-07-12T00:01:26+00:00,Algeria,1785,-4,-15,1766
126,2026-07-12T00:01:26+00:00,DR Congo,1735,-6,+36,1765
126,2026-07-12T00:01:26+00:00,Sweden,1782,-15,-2,1765
126,2026-07-12T00:01:26+00:00,Canada,1792,-3,-25,1764
126,2026-07-12T00:01:26+00:00,South Korea,1767,+6,-14,1759
126,2026-07-12T00:01:26+00:00,Iran,1727,-7,+7,1727
126,2026-07-12T00:01:26+00:00,Czech Republic,1756,-5,-33,1719
126,2026-07-12T00:01:26+00:00,Ghana,1676,-14,+42,1704
126,2026-07-12T00:01:26+00:00,Panama,1742,-4,-38,1701
126,2026-07-12T00:01:26+00:00,Bosnia and Herzegovina,1695,-1,-5,1689
126,2026-07-12T00:01:26+00:00,South Africa,1664,0,+17,1680
126,2026-07-12T00:01:26+00:00,Cape Verde,1612,-3,+53,1662
126,2026-07-12T00:01:26+00:00,Uzbekistan,1696,+6,-47,1655
126,2026-07-12T00:01:26+00:00,Saudi Arabia,1636,+2,+6,1644
126,2026-07-12T00:01:26+00:00,Tunisia,1692,-4,-52,1637
126,2026-07-12T00:01:26+00:00,Jordan,1650,+2,-23,1629
126,2026-07-12T00:01:26+00:00,New Zealand,1649,+5,-30,1624
126,2026-07-12T00:01:26+00:00,Haiti,1627,+7,-28,1606
126,2026-07-12T00:01:26+00:00,Iraq,1638,+4,-39,1603
126,2026-07-12T00:01:26+00:00,Curaçao,1573,+4,-10,1567
126,2026-07-12T00:01:26+00:00,Qatar,1556,+1,-17,1540
127,2026-07-12T04:09:33+00:00,France,2013,+6,+61,2081
127,2026-07-12T04:09:33+00:00,Argentina,2069,-4,+14,2079
127,2026-07-12T04:09:33+00:00,Spain,2067,-12,+24,2079
127,2026-07-12T04:09:33+00:00,England,2017,-9,+30,2038
127,2026-07-12T04:09:33+00:00,Brazil,2014,-27,+0,1987
127,2026-07-12T04:09:33+00:00,Portugal,1955,+1,+5,1961
127,2026-07-12T04:09:33+00:00,Norway,1927,+9,+17,1953
127,2026-07-12T04:09:33+00:00,Netherlands,1940,-14,+12,1939
127,2026-07-12T04:09:33+00:00,Colombia,1949,-4,-11,1935
127,2026-07-12T04:09:33+00:00,Germany,1953,-6,-21,1926
127,2026-07-12T04:09:33+00:00,Switzerland,1872,+4,+32,1908
127,2026-07-12T04:09:33+00:00,Morocco,1841,-4,+66,1904
127,2026-07-12T04:09:33+00:00,Belgium,1878,-21,+47,1904
127,2026-07-12T04:09:33+00:00,Ecuador,1925,+8,-39,1894
127,2026-07-12T04:09:33+00:00,Uruguay,1927,+1,-39,1889
127,2026-07-12T04:09:33+00:00,Japan,1886,-15,+8,1879
127,2026-07-12T04:09:33+00:00,Senegal,1888,+8,-21,1875
127,2026-07-12T04:09:33+00:00,Paraguay,1857,+2,+8,1866
127,2026-07-12T04:09:33+00:00,Mexico,1844,0,+19,1864
127,2026-07-12T04:09:33+00:00,Croatia,1864,+5,-10,1858
127,2026-07-12T04:09:33+00:00,Turkey,1882,+3,-32,1853
127,2026-07-12T04:09:33+00:00,Ivory Coast,1771,+4,+28,1804
127,2026-07-12T04:09:33+00:00,Austria,1821,-12,-11,1798
127,2026-07-12T04:09:33+00:00,Egypt,1750,+6,+39,1795
127,2026-07-12T04:09:33+00:00,Australia,1781,+7,+5,1793
127,2026-07-12T04:09:33+00:00,United States,1778,-2,+6,1783
127,2026-07-12T04:09:33+00:00,Scotland,1796,-5,-23,1768
127,2026-07-12T04:09:33+00:00,Algeria,1785,-4,-15,1766
127,2026-07-12T04:09:33+00:00,DR Congo,1735,-6,+36,1765
127,2026-07-12T04:09:33+00:00,Sweden,1782,-15,-2,1765
127,2026-07-12T04:09:33+00:00,Canada,1792,-3,-25,1764
127,2026-07-12T04:09:33+00:00,South Korea,1767,+6,-14,1759
127,2026-07-12T04:09:33+00:00,Iran,1727,-7,+7,1727
127,2026-07-12T04:09:33+00:00,Czech Republic,1756,-5,-33,1719
127,2026-07-12T04:09:33+00:00,Ghana,1676,-14,+42,1704
127,2026-07-12T04:09:33+00:00,Panama,1742,-4,-38,1701
127,2026-07-12T04:09:33+00:00,Bosnia and Herzegovina,1695,-1,-5,1689
127,2026-07-12T04:09:33+00:00,South Africa,1664,0,+17,1680
127,2026-07-12T04:09:33+00:00,Cape Verde,1612,-3,+53,1662
127,2026-07-12T04:09:33+00:00,Uzbekistan,1696,+6,-47,1655
127,2026-07-12T04:09:33+00:00,Saudi Arabia,1636,+2,+6,1644
127,2026-07-12T04:09:33+00:00,Tunisia,1692,-4,-52,1637
127,2026-07-12T04:09:33+00:00,Jordan,1650,+2,-23,1629
127,2026-07-12T04:09:33+00:00,New Zealand,1649,+5,-30,1624
127,2026-07-12T04:09:33+00:00,Haiti,1627,+7,-28,1606
127,2026-07-12T04:09:33+00:00,Iraq,1638,+4,-39,1603
127,2026-07-12T04:09:33+00:00,Curaçao,1573,+4,-10,1567
127,2026-07-12T04:09:33+00:00,Qatar,1556,+1,-17,1540
128,2026-07-14T22:02:26+00:00,Spain,2067,-12,+52,2107
128,2026-07-14T22:02:26+00:00,Argentina,2069,-4,+14,2079
128,2026-07-14T22:02:26+00:00,France,2013,+6,+34,2053
128,2026-07-14T22:02:26+00:00,England,2017,-9,+30,2038
128,2026-07-14T22:02:26+00:00,Brazil,2014,-27,+0,1987
128,2026-07-14T22:02:26+00:00,Portugal,1955,+1,+5,1961
128,2026-07-14T22:02:26+00:00,Norway,1927,+9,+17,1953
128,2026-07-14T22:02:26+00:00,Netherlands,1940,-14,+12,1939
128,2026-07-14T22:02:26+00:00,Colombia,1949,-4,-11,1935
128,2026-07-14T22:02:26+00:00,Germany,1953,-6,-21,1926
128,2026-07-14T22:02:26+00:00,Switzerland,1872,+4,+32,1908
128,2026-07-14T22:02:26+00:00,Morocco,1841,-4,+66,1904
128,2026-07-14T22:02:26+00:00,Belgium,1878,-21,+47,1904
128,2026-07-14T22:02:26+00:00,Ecuador,1925,+8,-39,1894
128,2026-07-14T22:02:26+00:00,Uruguay,1927,+1,-39,1889
128,2026-07-14T22:02:26+00:00,Japan,1886,-15,+8,1879
128,2026-07-14T22:02:26+00:00,Senegal,1888,+8,-21,1875
128,2026-07-14T22:02:26+00:00,Paraguay,1857,+2,+8,1866
128,2026-07-14T22:02:26+00:00,Mexico,1844,0,+19,1864
128,2026-07-14T22:02:26+00:00,Croatia,1864,+5,-10,1858
128,2026-07-14T22:02:26+00:00,Turkey,1882,+3,-32,1853
128,2026-07-14T22:02:26+00:00,Ivory Coast,1771,+4,+28,1804
128,2026-07-14T22:02:26+00:00,Austria,1821,-12,-11,1798
128,2026-07-14T22:02:26+00:00,Egypt,1750,+6,+39,1795
128,2026-07-14T22:02:26+00:00,Australia,1781,+7,+5,1793
128,2026-07-14T22:02:26+00:00,United States,1778,-2,+6,1783
128,2026-07-14T22:02:26+00:00,Scotland,1796,-5,-23,1768
128,2026-07-14T22:02:26+00:00,Algeria,1785,-4,-15,1766
128,2026-07-14T22:02:26+00:00,Sweden,1782,-15,-2,1765
128,2026-07-14T22:02:26+00:00,DR Congo,1735,-6,+36,1765
128,2026-07-14T22:02:26+00:00,Canada,1792,-3,-25,1764
128,2026-07-14T22:02:26+00:00,South Korea,1767,+6,-14,1759
128,2026-07-14T22:02:26+00:00,Iran,1727,-7,+7,1727
128,2026-07-14T22:02:26+00:00,Czech Republic,1756,-5,-33,1719
128,2026-07-14T22:02:26+00:00,Ghana,1676,-14,+42,1704
128,2026-07-14T22:02:26+00:00,Panama,1742,-4,-38,1701
128,2026-07-14T22:02:26+00:00,Bosnia and Herzegovina,1695,-1,-5,1689
128,2026-07-14T22:02:26+00:00,South Africa,1664,0,+17,1680
128,2026-07-14T22:02:26+00:00,Cape Verde,1612,-3,+53,1662
128,2026-07-14T22:02:26+00:00,Uzbekistan,1696,+6,-47,1655
128,2026-07-14T22:02:26+00:00,Saudi Arabia,1636,+2,+6,1644
128,2026-07-14T22:02:26+00:00,Tunisia,1692,-4,-52,1637
128,2026-07-14T22:02:26+00:00,Jordan,1650,+2,-23,1629
128,2026-07-14T22:02:26+00:00,New Zealand,1649,+5,-30,1624
128,2026-07-14T22:02:26+00:00,Haiti,1627,+7,-28,1606
128,2026-07-14T22:02:26+00:00,Iraq,1638,+4,-39,1603
128,2026-07-14T22:02:26+00:00,Curaçao,1573,+4,-10,1567
128,2026-07-14T22:02:26+00:00,Qatar,1556,+1,-17,1540
129,2026-07-14T22:19:44+00:00,Spain,2067,-12,+52,2107
129,2026-07-14T22:19:44+00:00,Argentina,2069,-4,+14,2079
129,2026-07-14T22:19:44+00:00,France,2013,+6,+34,2053
129,2026-07-14T22:19:44+00:00,England,2017,-9,+30,2038
129,2026-07-14T22:19:44+00:00,Brazil,2014,-27,+0,1987
129,2026-07-14T22:19:44+00:00,Portugal,1955,+1,+5,1961
129,2026-07-14T22:19:44+00:00,Norway,1927,+9,+17,1953
129,2026-07-14T22:19:44+00:00,Netherlands,1940,-14,+12,1939
129,2026-07-14T22:19:44+00:00,Colombia,1949,-4,-11,1935
129,2026-07-14T22:19:44+00:00,Germany,1953,-6,-21,1926
129,2026-07-14T22:19:44+00:00,Switzerland,1872,+4,+32,1908
129,2026-07-14T22:19:44+00:00,Morocco,1841,-4,+66,1904
129,2026-07-14T22:19:44+00:00,Belgium,1878,-21,+47,1904
129,2026-07-14T22:19:44+00:00,Ecuador,1925,+8,-39,1894
129,2026-07-14T22:19:44+00:00,Uruguay,1927,+1,-39,1889
129,2026-07-14T22:19:44+00:00,Japan,1886,-15,+8,1879
129,2026-07-14T22:19:44+00:00,Senegal,1888,+8,-21,1875
129,2026-07-14T22:19:44+00:00,Paraguay,1857,+2,+8,1866
129,2026-07-14T22:19:44+00:00,Mexico,1844,0,+19,1864
129,2026-07-14T22:19:44+00:00,Croatia,1864,+5,-10,1858
129,2026-07-14T22:19:44+00:00,Turkey,1882,+3,-32,1853
129,2026-07-14T22:19:44+00:00,Ivory Coast,1771,+4,+28,1804
129,2026-07-14T22:19:44+00:00,Austria,1821,-12,-11,1798
129,2026-07-14T22:19:44+00:00,Egypt,1750,+6,+39,1795
129,2026-07-14T22:19:44+00:00,Australia,1781,+7,+5,1793
129,2026-07-14T22:19:44+00:00,United States,1778,-2,+6,1783
129,2026-07-14T22:19:44+00:00,Scotland,1796,-5,-23,1768
129,2026-07-14T22:19:44+00:00,Algeria,1785,-4,-15,1766
129,2026-07-14T22:19:44+00:00,Sweden,1782,-15,-2,1765
129,2026-07-14T22:19:44+00:00,DR Congo,1735,-6,+36,1765
129,2026-07-14T22:19:44+00:00,Canada,1792,-3,-25,1764
129,2026-07-14T22:19:44+00:00,South Korea,1767,+6,-14,1759
129,2026-07-14T22:19:44+00:00,Iran,1727,-7,+7,1727
129,2026-07-14T22:19:44+00:00,Czech Republic,1756,-5,-33,1719
129,2026-07-14T22:19:44+00:00,Ghana,1676,-14,+42,1704
129,2026-07-14T22:19:44+00:00,Panama,1742,-4,-38,1701
129,2026-07-14T22:19:44+00:00,Bosnia and Herzegovina,1695,-1,-5,1689
129,2026-07-14T22:19:44+00:00,South Africa,1664,0,+17,1680
129,2026-07-14T22:19:44+00:00,Cape Verde,1612,-3,+53,1662
129,2026-07-14T22:19:44+00:00,Uzbekistan,1696,+6,-47,1655
129,2026-07-14T22:19:44+00:00,Saudi Arabia,1636,+2,+6,1644
129,2026-07-14T22:19:44+00:00,Tunisia,1692,-4,-52,1637
129,2026-07-14T22:19:44+00:00,Jordan,1650,+2,-23,1629
129,2026-07-14T22:19:44+00:00,New Zealand,1649,+5,-30,1624
129,2026-07-14T22:19:44+00:00,Haiti,1627,+7,-28,1606
129,2026-07-14T22:19:44+00:00,Iraq,1638,+4,-39,1603
129,2026-07-14T22:19:44+00:00,Curaçao,1573,+4,-10,1567
129,2026-07-14T22:19:44+00:00,Qatar,1556,+1,-17,1540
130,2026-07-15T21:47:31+00:00,Spain,2067,-12,+52,2107
130,2026-07-15T21:47:31+00:00,Argentina,2069,-4,+28,2093
130,2026-07-15T21:47:31+00:00,France,2013,+6,+34,2053
130,2026-07-15T21:47:31+00:00,England,2017,-7,+16,2026
130,2026-07-15T21:47:31+00:00,Brazil,2014,-27,+0,1987
130,2026-07-15T21:47:31+00:00,Portugal,1955,+1,+5,1961
130,2026-07-15T21:47:31+00:00,Norway,1927,+9,+17,1953
130,2026-07-15T21:47:31+00:00,Netherlands,1940,-14,+12,1939
130,2026-07-15T21:47:31+00:00,Colombia,1949,-4,-11,1935
130,2026-07-15T21:47:31+00:00,Germany,1953,-6,-21,1926
130,2026-07-15T21:47:31+00:00,Switzerland,1872,+4,+32,1908
130,2026-07-15T21:47:31+00:00,Morocco,1841,-4,+66,1904
130,2026-07-15T21:47:31+00:00,Belgium,1878,-21,+47,1904
130,2026-07-15T21:47:31+00:00,Ecuador,1925,+8,-39,1894
130,2026-07-15T21:47:31+00:00,Uruguay,1927,+1,-39,1889
130,2026-07-15T21:47:31+00:00,Japan,1886,-15,+8,1879
130,2026-07-15T21:47:31+00:00,Senegal,1888,+8,-21,1875
130,2026-07-15T21:47:31+00:00,Paraguay,1857,+2,+8,1866
130,2026-07-15T21:47:31+00:00,Mexico,1844,0,+19,1864
130,2026-07-15T21:47:31+00:00,Croatia,1864,+5,-10,1858
130,2026-07-15T21:47:31+00:00,Turkey,1882,+3,-32,1853
130,2026-07-15T21:47:31+00:00,Ivory Coast,1771,+4,+28,1804
130,2026-07-15T21:47:31+00:00,Austria,1821,-12,-11,1798
130,2026-07-15T21:47:31+00:00,Egypt,1750,+6,+39,1795
130,2026-07-15T21:47:31+00:00,Australia,1781,+7,+5,1793
130,2026-07-15T21:47:31+00:00,United States,1778,-2,+6,1783
130,2026-07-15T21:47:31+00:00,Scotland,1796,-5,-23,1768
130,2026-07-15T21:47:31+00:00,Algeria,1785,-4,-15,1766
130,2026-07-15T21:47:31+00:00,DR Congo,1735,-6,+36,1765
130,2026-07-15T21:47:31+00:00,Sweden,1782,-15,-2,1765
130,2026-07-15T21:47:31+00:00,Canada,1792,-3,-25,1764
130,2026-07-15T21:47:31+00:00,South Korea,1767,+6,-14,1759
130,2026-07-15T21:47:31+00:00,Iran,1727,-7,+7,1727
130,2026-07-15T21:47:31+00:00,Czech Republic,1756,-5,-33,1719
130,2026-07-15T21:47:31+00:00,Ghana,1676,-14,+42,1704
130,2026-07-15T21:47:31+00:00,Panama,1742,-4,-38,1701
130,2026-07-15T21:47:31+00:00,Bosnia and Herzegovina,1695,-1,-5,1689
130,2026-07-15T21:47:31+00:00,South Africa,1664,0,+17,1680
130,2026-07-15T21:47:31+00:00,Cape Verde,1612,-3,+53,1662
130,2026-07-15T21:47:31+00:00,Uzbekistan,1696,+6,-47,1655
130,2026-07-15T21:47:31+00:00,Saudi Arabia,1636,+2,+6,1644
130,2026-07-15T21:47:31+00:00,Tunisia,1692,-4,-52,1637
130,2026-07-15T21:47:31+00:00,Jordan,1650,+2,-23,1629
130,2026-07-15T21:47:31+00:00,New Zealand,1649,+5,-30,1624
130,2026-07-15T21:47:31+00:00,Haiti,1627,+7,-28,1606
130,2026-07-15T21:47:31+00:00,Iraq,1638,+4,-39,1603
130,2026-07-15T21:47:31+00:00,Curaçao,1573,+4,-10,1567
130,2026-07-15T21:47:31+00:00,Qatar,1556,+1,-17,1540
131,2026-07-16T22:27:15+00:00,Spain,2086,-14,+50,2122
131,2026-07-16T22:27:15+00:00,Argentina,2066,-2,+33,2096
131,2026-07-16T22:27:15+00:00,France,2020,+1,+34,2055
131,2026-07-16T22:27:15+00:00,England,2033,-6,+12,2039
131,2026-07-16T22:27:15+00:00,Brazil,2002,-25,+5,1982
131,2026-07-16T22:27:15+00:00,Portugal,1974,+5,+1,1980
131,2026-07-16T22:27:15+00:00,Norway,1941,+10,+13,1965
131,2026-07-16T22:27:15+00:00,Netherlands,1949,-14,+11,1946
131,2026-07-16T22:27:15+00:00,Germany,1976,-8,-25,1943
131,2026-07-16T22:27:15+00:00,Colombia,1950,0,-10,1940
131,2026-07-16T22:27:15+00:00,Belgium,1907,-22,+40,1926
131,2026-07-16T22:27:15+00:00,Morocco,1857,-3,+63,1918
131,2026-07-16T22:27:15+00:00,Switzerland,1890,-3,+31,1918
131,2026-07-16T22:27:15+00:00,Ecuador,1932,+8,-38,1903
131,2026-07-16T22:27:15+00:00,Uruguay,1924,+1,-37,1888
131,2026-07-16T22:27:15+00:00,Senegal,1886,+8,-16,1878
131,2026-07-16T22:27:15+00:00,Mexico,1861,0,+17,1877
131,2026-07-16T22:27:15+00:00,Turkey,1906,+3,-35,1873
131,2026-07-16T22:27:15+00:00,Paraguay,1856,+2,+11,1870
131,2026-07-16T22:27:15+00:00,Japan,1874,-17,+11,1868
131,2026-07-16T22:27:15+00:00,Croatia,1874,+6,-11,1868
131,2026-07-16T22:27:15+00:00,Ivory Coast,1781,+3,+29,1814
131,2026-07-16T22:27:15+00:00,Austria,1837,-17,-11,1809
131,2026-07-16T22:27:15+00:00,United States,1805,+1,+1,1807
131,2026-07-16T22:27:15+00:00,Egypt,1764,+6,+36,1806
131,2026-07-16T22:27:15+00:00,Australia,1768,+7,+12,1787
131,2026-07-16T22:27:15+00:00,Algeria,1806,-3,-18,1785
131,2026-07-16T22:27:15+00:00,Scotland,1817,-8,-25,1783
131,2026-07-16T22:27:15+00:00,Canada,1807,-3,-27,1777
131,2026-07-16T22:27:15+00:00,Sweden,1791,-15,-4,1773
131,2026-07-16T22:27:15+00:00,DR Congo,1733,-6,+40,1767
131,2026-07-16T22:27:15+00:00,South Korea,1763,+6,-10,1759
131,2026-07-16T22:27:15+00:00,Czech Republic,1779,-9,-35,1736
131,2026-07-16T22:27:15+00:00,Iran,1734,-6,+8,1736
131,2026-07-16T22:27:15+00:00,Ghana,1674,-14,+44,1704
131,2026-07-16T22:27:15+00:00,Bosnia and Herzegovina,1704,+3,-6,1701
131,2026-07-16T22:27:15+00:00,Panama,1735,-4,-35,1696
131,2026-07-16T22:27:15+00:00,South Africa,1675,-1,+17,1691
131,2026-07-16T22:27:15+00:00,Cape Verde,1626,-2,+51,1674
131,2026-07-16T22:27:15+00:00,Uzbekistan,1709,+6,-48,1666
131,2026-07-16T22:27:15+00:00,Saudi Arabia,1640,+2,+6,1649
131,2026-07-16T22:27:15+00:00,Jordan,1656,+3,-22,1637
131,2026-07-16T22:27:15+00:00,Tunisia,1692,-4,-51,1637
131,2026-07-16T22:27:15+00:00,New Zealand,1637,+5,-25,1617
131,2026-07-16T22:27:15+00:00,Iraq,1651,+4,-40,1616
131,2026-07-16T22:27:15+00:00,Haiti,1628,+8,-27,1609
131,2026-07-16T22:27:15+00:00,Curaçao,1570,+4,-8,1566
131,2026-07-16T22:27:15+00:00,Qatar,1548,+1,-14,1536
132,2026-07-18T23:16:15+00:00,Spain,2086,-14,+50,2122
132,2026-07-18T23:16:15+00:00,Argentina,2066,-2,+33,2096
132,2026-07-18T23:16:15+00:00,England,2033,-6,+39,2066
132,2026-07-18T23:16:15+00:00,France,2020,+1,+7,2028
132,2026-07-18T23:16:15+00:00,Brazil,2002,-25,+5,1982
132,2026-07-18T23:16:15+00:00,Portugal,1974,+5,+1,1980
132,2026-07-18T23:16:15+00:00,Norway,1941,+10,+13,1965
132,2026-07-18T23:16:15+00:00,Netherlands,1949,-14,+11,1946
132,2026-07-18T23:16:15+00:00,Germany,1976,-8,-25,1943
132,2026-07-18T23:16:15+00:00,Colombia,1950,0,-10,1940
132,2026-07-18T23:16:15+00:00,Belgium,1907,-22,+40,1926
132,2026-07-18T23:16:15+00:00,Morocco,1857,-3,+63,1918
132,2026-07-18T23:16:15+00:00,Switzerland,1890,-3,+31,1918
132,2026-07-18T23:16:15+00:00,Ecuador,1932,+8,-38,1903
132,2026-07-18T23:16:15+00:00,Uruguay,1924,+1,-37,1888
132,2026-07-18T23:16:15+00:00,Senegal,1886,+8,-16,1878
132,2026-07-18T23:16:15+00:00,Mexico,1861,0,+17,1877
132,2026-07-18T23:16:15+00:00,Turkey,1906,+3,-35,1873
132,2026-07-18T23:16:15+00:00,Paraguay,1856,+2,+11,1870
132,2026-07-18T23:16:15+00:00,Japan,1874,-17,+11,1868
132,2026-07-18T23:16:15+00:00,Croatia,1874,+6,-11,1868
132,2026-07-18T23:16:15+00:00,Ivory Coast,1781,+3,+29,1814
132,2026-07-18T23:16:15+00:00,Austria,1837,-17,-11,1809
132,2026-07-18T23:16:15+00:00,United States,1805,+1,+1,1807
132,2026-07-18T23:16:15+00:00,Egypt,1764,+6,+36,1806
132,2026-07-18T23:16:15+00:00,Australia,1768,+7,+12,1787
132,2026-07-18T23:16:15+00:00,Algeria,1806,-3,-18,1785
132,2026-07-18T23:16:15+00:00,Scotland,1817,-8,-25,1783
132,2026-07-18T23:16:15+00:00,Canada,1807,-3,-27,1777
132,2026-07-18T23:16:15+00:00,Sweden,1791,-15,-4,1773
132,2026-07-18T23:16:15+00:00,DR Congo,1733,-6,+40,1767
132,2026-07-18T23:16:15+00:00,South Korea,1763,+6,-10,1759
132,2026-07-18T23:16:15+00:00,Czech Republic,1779,-9,-35,1736
132,2026-07-18T23:16:15+00:00,Iran,1734,-6,+8,1736
132,2026-07-18T23:16:15+00:00,Ghana,1674,-14,+44,1704
132,2026-07-18T23:16:15+00:00,Bosnia and Herzegovina,1704,+3,-6,1701
132,2026-07-18T23:16:15+00:00,Panama,1735,-4,-35,1696
132,2026-07-18T23:16:15+00:00,South Africa,1675,-1,+17,1691
132,2026-07-18T23:16:15+00:00,Cape Verde,1626,-2,+51,1674
132,2026-07-18T23:16:15+00:00,Uzbekistan,1709,+6,-48,1666
132,2026-07-18T23:16:15+00:00,Saudi Arabia,1640,+2,+6,1649
132,2026-07-18T23:16:15+00:00,Tunisia,1692,-4,-51,1637
132,2026-07-18T23:16:15+00:00,Jordan,1656,+3,-22,1637
132,2026-07-18T23:16:15+00:00,New Zealand,1637,+5,-25,1617
132,2026-07-18T23:16:15+00:00,Iraq,1651,+4,-40,1616
132,2026-07-18T23:16:15+00:00,Haiti,1628,+8,-27,1609
132,2026-07-18T23:16:15+00:00,Curaçao,1570,+4,-8,1566
132,2026-07-18T23:16:15+00:00,Qatar,1548,+1,-14,1536
133,2026-07-19T23:39:18+00:00,Spain,2086,-14,+67,2139
133,2026-07-19T23:39:18+00:00,Argentina,2066,-2,+16,2079
133,2026-07-19T23:39:18+00:00,England,2033,-6,+39,2066
133,2026-07-19T23:39:18+00:00,France,2020,+1,+7,2028
133,2026-07-19T23:39:18+00:00,Brazil,2002,-25,+5,1982
133,2026-07-19T23:39:18+00:00,Portugal,1974,+5,+1,1980
133,2026-07-19T23:39:18+00:00,Norway,1941,+10,+13,1965
133,2026-07-19T23:39:18+00:00,Netherlands,1949,-14,+11,1946
133,2026-07-19T23:39:18+00:00,Germany,1976,-8,-25,1943
133,2026-07-19T23:39:18+00:00,Colombia,1950,0,-10,1940
133,2026-07-19T23:39:18+00:00,Belgium,1907,-22,+40,1926
133,2026-07-19T23:39:18+00:00,Morocco,1857,-3,+63,1918
133,2026-07-19T23:39:18+00:00,Switzerland,1890,-3,+31,1918
133,2026-07-19T23:39:18+00:00,Ecuador,1932,+8,-38,1903
133,2026-07-19T23:39:18+00:00,Uruguay,1924,+1,-37,1888
133,2026-07-19T23:39:18+00:00,Senegal,1886,+8,-16,1878
133,2026-07-19T23:39:18+00:00,Mexico,1861,0,+17,1877
133,2026-07-19T23:39:18+00:00,Turkey,1906,+3,-35,1873
133,2026-07-19T23:39:18+00:00,Paraguay,1856,+2,+11,1870
133,2026-07-19T23:39:18+00:00,Croatia,1874,+6,-11,1868
133,2026-07-19T23:39:18+00:00,Japan,1874,-17,+11,1868
133,2026-07-19T23:39:18+00:00,Ivory Coast,1781,+3,+29,1814
133,2026-07-19T23:39:18+00:00,Austria,1837,-17,-11,1809
133,2026-07-19T23:39:18+00:00,United States,1805,+1,+1,1807
133,2026-07-19T23:39:18+00:00,Egypt,1764,+6,+36,1806
133,2026-07-19T23:39:18+00:00,Australia,1768,+7,+12,1787
133,2026-07-19T23:39:18+00:00,Algeria,1806,-3,-18,1785
133,2026-07-19T23:39:18+00:00,Scotland,1817,-8,-25,1783
133,2026-07-19T23:39:18+00:00,Canada,1807,-3,-27,1777
133,2026-07-19T23:39:18+00:00,Sweden,1791,-15,-4,1773
133,2026-07-19T23:39:18+00:00,DR Congo,1733,-6,+40,1767
133,2026-07-19T23:39:18+00:00,South Korea,1763,+6,-10,1759
133,2026-07-19T23:39:18+00:00,Czech Republic,1779,-9,-35,1736
133,2026-07-19T23:39:18+00:00,Iran,1734,-6,+8,1736
133,2026-07-19T23:39:18+00:00,Ghana,1674,-14,+44,1704
133,2026-07-19T23:39:18+00:00,Bosnia and Herzegovina,1704,+3,-6,1701
133,2026-07-19T23:39:18+00:00,Panama,1735,-4,-35,1696
133,2026-07-19T23:39:18+00:00,South Africa,1675,-1,+17,1691
133,2026-07-19T23:39:18+00:00,Cape Verde,1626,-2,+51,1674
133,2026-07-19T23:39:18+00:00,Uzbekistan,1709,+6,-48,1666
133,2026-07-19T23:39:18+00:00,Saudi Arabia,1640,+2,+6,1649
133,2026-07-19T23:39:18+00:00,Tunisia,1692,-4,-51,1637
133,2026-07-19T23:39:18+00:00,Jordan,1656,+3,-22,1637
133,2026-07-19T23:39:18+00:00,New Zealand,1637,+5,-25,1617
133,2026-07-19T23:39:18+00:00,Iraq,1651,+4,-40,1616
133,2026-07-19T23:39:18+00:00,Haiti,1628,+8,-27,1609
133,2026-07-19T23:39:18+00:00,Curaçao,1570,+4,-8,1566
133,2026-07-19T23:39:18+00:00,Qatar,1548,+1,-14,1536
